,time_(s),rew_action_rate,rew_balance,rew_forward_progress,rew_height,rew_motor_effort,rew_smoothness,rew_stability,rew_termination,rew_total,rew_success,x,y,z,linear_x,linear_y,linear_z,angular_x,angular_y,angular_z,global_linear_x,global_linear_y,global_linear_z,global_angular_x,global_angular_y,global_angular_z,front_left,front_right,rear_left,rear_right,position_FL_hip_joint,position_FL_thigh_joint,position_FL_calf_joint,position_FR_hip_joint,position_FR_thigh_joint,position_FR_calf_joint,position_RL_hip_joint,position_RL_thigh_joint,position_RL_calf_joint,position_RR_hip_joint,position_RR_thigh_joint,position_RR_calf_joint,torque_FL_hip_joint,torque_FL_thigh_joint,torque_FL_calf_joint,torque_FR_hip_joint,torque_FR_thigh_joint,torque_FR_calf_joint,torque_RL_hip_joint,torque_RL_thigh_joint,torque_RL_calf_joint,torque_RR_hip_joint,torque_RR_thigh_joint,torque_RR_calf_joint,out_of_limits,rollout
0,0.0,0.0,0.2,0.02,0.03,-0.0,-0.16,0.3,0.0,0.39,1.0,7.49,12.54,1.14,0.57,0.22,-0.02,-0.07,-0.3,-0.55,-0.02,0.31,-0.55,-0.02,0.31,-0.55,0.0,0.0,0.0,0.0,8.6,31.9,-104.8,-5.5,33.3,-62.3,5.9,52.5,-72.7,-8.5,71.1,-72.0,-1.2,3.8,0.8,-0.4,2.0,0.1,0.6,-0.5,-0.9,1.4,-4.3,-3.5,0,0
2,0.04,-0.0,0.59,0.07,0.1,-0.0,-0.29,0.9,0.0,1.37,3.0,7.47,12.53,1.13,0.56,0.24,-0.4,-0.66,0.06,-0.51,0.65,0.11,-0.52,0.65,0.11,-0.52,0.0,0.0,0.0,0.0,6.8,41.4,-91.1,-4.7,42.0,-79.0,5.8,55.1,-81.5,-6.9,62.1,-81.9,0.4,0.1,-0.6,0.7,-0.7,-2.9,-0.4,-1.9,0.3,1.3,-0.4,-1.5,0,0
4,0.08,-0.0,0.99,0.11,0.16,-0.0,-0.44,1.49,0.0,2.31,5.0,7.45,12.51,1.11,0.53,0.27,-0.78,-0.11,0.59,-0.47,0.23,-0.53,-0.49,0.23,-0.53,-0.49,0.0,0.0,0.0,0.0,6.5,49.2,-90.4,-3.4,48.6,-109.3,4.6,51.2,-82.8,-0.6,54.3,-90.6,1.9,-2.3,-0.9,2.7,-6.5,-1.9,-3.5,-3.1,-1.4,-3.7,3.4,-0.2,0,0
6,0.12,-0.0,1.38,0.15,0.22,-0.0,-0.61,2.38,0.0,3.52,7.0,7.43,12.5,1.07,0.55,0.27,-1.08,-0.18,0.95,-0.15,0.37,-0.89,-0.19,0.37,-0.89,-0.19,0.0,0.0,114.2,0.0,9.6,48.3,-94.1,-0.9,36.4,-145.3,1.5,51.3,-88.4,0.8,53.4,-95.1,-2.8,4.4,0.1,2.0,5.5,-1.5,3.6,-8.3,13.5,3.8,1.2,0.4,0,0
8,0.16,-0.0,1.77,0.21,0.27,-0.0,-0.85,3.55,0.0,4.95,9.0,7.41,12.49,1.02,0.68,0.12,-1.1,4.0,3.25,0.33,-3.26,-4.0,-0.02,-3.26,-4.0,-0.02,0.0,0.0,51.1,19.0,5.6,49.5,-97.6,3.0,34.1,-156.0,11.0,46.4,-74.1,6.6,56.5,-99.1,2.7,0.3,-0.9,0.7,6.5,-17.2,-3.9,-2.3,9.6,-4.7,-4.6,4.5,1,0
10,0.2,-0.0,2.15,0.27,0.3,-0.0,-1.01,4.69,0.0,6.4,11.0,7.39,12.48,0.97,0.9,-0.1,-1.31,5.03,5.0,-0.89,-3.66,-6.01,-1.23,-3.66,-6.01,-1.23,0.0,0.0,17.4,56.8,8.1,49.2,-99.4,10.6,41.8,-156.0,7.3,33.0,-48.0,8.7,63.8,-103.8,4.9,-2.6,2.2,-1.4,-2.7,-18.1,-7.5,-5.6,0.8,-4.4,-9.1,1.6,2,0
12,0.24,-0.0,2.52,0.36,0.33,-0.0,-1.26,5.77,0.0,7.72,13.0,7.37,12.46,0.91,1.19,-0.22,-1.12,4.55,5.91,-1.52,-2.84,-6.93,-1.37,-2.84,-6.93,-1.37,0.0,0.0,2.5,38.1,18.2,39.0,-87.3,3.0,59.0,-150.4,-3.1,28.3,-48.0,-2.0,60.8,-95.2,-1.5,-1.1,4.7,-0.6,-19.5,17.5,-3.0,0.3,4.3,-1.2,-6.9,-2.0,1,0
14,0.28,-0.0,2.9,0.47,0.34,-0.0,-1.63,6.82,0.0,8.89,15.0,7.36,12.45,0.85,1.3,-0.06,-0.65,-5.63,2.61,-3.14,6.15,-2.21,2.39,6.15,-2.21,2.39,0.0,65.7,0.0,0.0,25.7,35.8,-81.2,-29.6,56.4,-155.0,-5.8,35.0,-48.0,-10.7,53.5,-93.8,-16.2,7.1,-8.5,13.9,-21.0,24.1,8.8,12.2,22.7,-4.4,1.4,0.9,2,0
16,0.32,-0.0,3.28,0.54,0.35,-0.0,-2.03,7.89,0.0,10.03,17.0,7.32,12.43,0.82,0.93,0.19,0.51,-10.82,-2.12,-2.58,9.39,3.58,5.23,9.39,3.58,5.23,86.1,0.0,0.0,0.0,47.2,51.0,-93.3,-16.3,38.8,-124.3,20.7,69.7,-48.0,-11.5,45.0,-87.0,-19.4,-18.5,-2.0,19.9,-14.9,-18.4,3.9,-13.3,22.8,1.9,-4.6,4.5,1,0
18,0.36,-0.0,3.65,0.61,0.35,-0.0,-2.46,8.95,0.0,11.1,19.0,7.28,12.42,0.82,0.89,-0.15,0.94,0.09,-2.06,-0.82,-0.34,2.19,0.17,-0.34,2.19,0.17,129.0,0.0,0.0,88.1,60.0,42.9,-80.2,0.6,27.9,-156.0,44.3,58.5,-48.0,-4.0,27.3,-75.7,-16.7,-18.0,8.7,19.2,13.3,-13.4,4.2,-15.9,22.8,16.8,5.1,0.6,3,0
20,0.4,-0.0,4.02,0.7,0.36,-0.0,-2.8,10.0,0.0,12.27,21.0,7.23,12.41,0.83,1.08,-0.14,0.81,-0.02,-2.51,-0.11,-0.75,2.19,0.97,-0.75,2.19,0.97,0.0,0.0,89.5,61.6,58.6,27.1,-48.0,27.3,60.9,-156.0,51.8,32.5,-48.0,3.4,43.3,-92.2,-14.6,-5.8,8.0,-3.2,4.5,-19.7,-5.3,-20.3,20.1,18.9,-7.0,-3.1,4,0
22,0.44,-0.0,4.39,0.78,0.36,-0.0,-3.16,11.06,0.0,13.44,23.0,7.18,12.39,0.83,1.03,0.16,0.38,2.95,0.85,2.21,-3.09,-2.18,-0.03,-3.09,-2.18,-0.03,0.0,0.0,69.6,0.0,52.7,7.0,-55.9,29.4,95.5,-156.0,58.2,18.2,-58.7,11.6,50.4,-127.5,6.6,7.4,-7.8,0.7,-2.7,-19.7,-18.6,-17.4,-20.7,-5.3,4.8,-3.2,2,0
24,0.48,-0.0,4.77,0.89,0.37,-0.0,-3.56,12.15,0.0,14.61,25.0,7.14,12.37,0.82,1.53,0.24,0.33,8.86,-0.33,-0.46,-7.19,-1.1,-5.1,-7.19,-1.1,-5.1,0.0,71.6,8.0,0.0,55.1,17.6,-91.6,11.8,87.9,-155.4,43.7,12.8,-97.7,3.6,63.8,-145.5,-12.9,18.6,-2.4,4.3,-16.7,8.0,-2.8,22.9,12.1,-2.9,3.5,13.2,2,0
26,0.52,-0.0,5.14,1.02,0.35,-0.0,-4.03,13.26,0.0,15.75,27.0,7.07,12.35,0.79,1.67,0.33,0.34,2.22,-3.52,-1.99,-1.54,3.36,-2.76,-1.54,3.36,-2.76,0.0,73.0,0.0,0.0,34.6,78.2,-125.0,-9.9,67.0,-138.0,29.2,63.3,-65.0,-20.0,82.2,-109.9,-17.4,-14.9,0.9,18.7,-22.1,23.3,-14.7,-3.9,18.7,-7.6,-11.2,11.6,0,0
28,0.56,-0.0,5.51,1.15,0.31,-0.0,-4.6,14.39,0.0,16.76,29.0,7.01,12.33,0.79,1.62,0.16,0.89,-4.43,-3.27,-0.37,3.75,3.73,1.56,3.75,3.73,1.56,109.8,0.0,0.0,0.0,13.1,75.3,-123.2,-5.3,48.3,-97.1,1.2,106.7,-48.0,-40.7,68.5,-59.4,-18.1,-15.1,22.2,19.9,-7.6,-13.6,13.8,-17.2,22.8,-3.0,-2.5,14.6,1,0
30,0.6,-0.0,5.88,1.29,0.31,-0.0,-5.0,15.44,0.0,17.92,31.0,6.93,12.31,0.81,1.76,0.15,0.89,-5.02,-2.56,-0.91,4.65,3.21,0.81,4.65,3.21,0.81,22.9,0.0,0.0,0.0,7.6,44.3,-79.8,22.9,42.0,-115.4,38.5,80.6,-48.0,-50.4,51.4,-48.0,-5.8,1.0,18.4,7.4,16.6,-17.1,-2.2,-17.4,22.8,21.4,-7.1,1.5,2,0
32,0.64,-0.0,6.24,1.44,0.31,-0.0,-5.55,16.55,0.0,18.98,33.0,6.86,12.28,0.82,1.84,0.23,0.44,-0.12,-0.89,1.2,-0.13,0.31,1.46,-0.13,0.31,1.46,0.0,0.0,56.1,44.5,3.9,28.2,-48.0,51.8,83.9,-156.0,53.8,58.3,-48.0,-17.6,48.4,-70.9,3.5,-8.0,21.9,-5.8,8.9,-9.4,-6.1,-21.1,22.8,19.2,3.1,-16.6,3,0
34,0.68,-0.0,6.6,1.56,0.32,-0.0,-5.84,17.65,0.0,20.29,35.0,6.8,12.26,0.82,1.52,0.12,0.23,2.36,4.16,1.95,-1.55,-4.91,-0.42,-1.55,-4.91,-0.42,0.0,0.0,14.0,39.0,8.4,0.5,-49.3,31.7,134.9,-156.0,60.0,28.0,-50.1,-8.9,57.4,-114.1,18.9,1.8,-3.3,7.4,-14.1,-19.7,-7.0,-14.7,-17.0,8.0,6.7,-6.1,4,0
36,0.72,-0.0,6.97,1.71,0.32,-0.0,-6.28,18.73,0.0,21.45,37.0,6.73,12.24,0.8,1.92,0.18,0.41,4.07,3.87,1.43,-2.94,-4.69,-1.71,-2.94,-4.69,-1.71,0.0,0.0,0.0,45.8,47.1,-7.7,-81.4,12.9,111.8,-156.0,53.3,-5.7,-72.3,3.2,53.6,-143.5,-6.5,19.9,-0.6,-5.2,-6.4,-19.7,5.9,19.2,3.6,0.9,4.0,12.8,1,0
38,0.76,-0.0,7.34,1.87,0.24,-0.0,-6.75,19.82,0.0,22.51,39.0,6.65,12.21,0.77,2.18,0.33,0.6,5.93,1.79,-0.64,-4.2,-2.27,-4.0,-4.2,-2.27,-4.0,0.0,0.0,0.0,49.1,51.7,56.8,-116.7,-7.8,61.3,-150.1,48.4,12.5,-65.6,-8.9,65.7,-140.8,-13.5,-8.9,-9.2,12.5,-11.3,23.8,-17.1,20.6,20.8,-3.5,1.0,16.1,0,0
40,0.8,-0.0,7.7,2.03,0.05,-0.0,-7.35,20.61,0.0,23.03,41.0,6.57,12.19,0.75,2.16,0.37,0.85,-0.68,-0.35,-1.26,1.21,0.57,-0.63,1.21,0.57,-0.63,0.0,71.1,0.0,0.0,13.9,79.0,-136.6,-18.0,48.1,-101.5,7.2,75.2,-48.0,-36.5,80.5,-100.4,-5.5,-17.4,17.4,20.5,-14.0,19.4,4.6,-6.6,22.8,-3.9,-0.8,18.8,1,0
42,0.84,-0.0,8.06,2.19,-0.22,-0.0,-7.96,21.68,0.0,23.74,43.0,6.48,12.16,0.73,2.37,-0.02,0.92,-8.18,-1.7,-0.55,6.77,2.28,4.37,6.77,2.28,4.37,76.4,10.6,0.0,0.0,21.5,58.5,-110.5,3.2,34.0,-71.6,3.6,96.7,-48.0,-59.9,75.5,-48.0,-19.6,-18.7,22.9,15.5,5.8,-4.2,14.6,-18.3,22.8,2.5,-1.3,16.4,3,0
44,0.88,-0.0,8.41,2.35,-0.57,-0.0,-8.33,22.74,0.0,24.59,45.0,6.37,12.14,0.71,2.49,0.05,1.04,-1.44,-0.98,-0.74,1.24,1.31,0.6,1.24,1.31,0.6,8.1,81.0,42.4,0.0,25.1,32.4,-59.9,21.7,26.4,-48.0,44.7,69.2,-48.0,-59.0,68.9,-48.0,-18.7,-5.7,18.1,12.2,17.6,20.1,-2.8,-8.1,22.8,8.7,-4.3,14.2,4,0
46,0.92,-0.0,8.76,2.51,-1.0,-0.0,-8.6,23.79,0.0,25.45,47.0,6.27,12.1,0.68,2.63,0.39,0.6,5.73,0.18,1.28,-5.46,-1.27,-1.76,-5.46,-1.27,-1.76,0.0,38.1,86.8,0.0,-15.2,5.0,-48.0,21.1,33.7,-48.0,55.1,62.0,-48.0,-58.3,67.2,-48.0,-0.7,-13.5,22.8,4.3,18.3,22.8,-13.7,-5.3,22.8,-5.9,2.9,15.9,6,0
48,0.96,-0.0,9.1,2.67,-1.61,-0.0,-8.86,24.87,0.0,26.16,49.0,6.18,12.07,0.64,2.9,0.4,0.26,3.08,0.75,-1.28,-1.85,-0.49,-2.83,-1.85,-0.49,-2.83,0.0,33.3,65.9,0.0,-60.0,-23.9,-48.0,6.1,39.9,-48.0,47.2,61.0,-48.0,-59.5,69.4,-48.5,-3.2,11.0,22.8,-18.2,21.2,22.7,-18.8,-7.8,22.9,-10.8,-4.5,-3.3,6,0
50,1.0,-0.0,9.43,2.83,-2.45,-0.0,-9.17,25.96,0.0,26.59,51.0,6.07,12.04,0.57,3.12,0.64,-0.0,7.01,1.83,-0.88,-5.29,-1.92,-4.65,-5.29,-1.92,-4.65,0.0,26.8,35.7,150.3,-59.9,-19.4,-48.0,-34.6,55.3,-48.0,19.7,64.6,-48.0,-60.0,58.6,-66.3,-2.0,10.0,22.8,0.6,22.4,22.8,-7.3,-2.2,22.3,-4.9,2.7,-8.8,5,0
52,1.04,-0.0,9.76,2.99,-3.59,-0.0,-9.44,27.06,0.0,26.77,53.0,5.98,12.02,0.5,3.1,0.28,-0.02,-2.9,2.88,0.18,2.27,-2.83,1.89,2.27,-2.83,1.89,0.0,0.0,82.2,124.0,-54.1,5.4,-48.0,-56.7,104.2,-48.0,23.6,60.9,-48.0,-60.0,69.9,-82.4,-5.6,7.6,22.7,-1.5,10.1,22.8,-19.9,17.7,22.6,-6.0,12.1,-16.3,6,0
54,1.08,-0.0,10.09,3.15,-5.06,-0.01,-9.83,28.13,-0.5,25.97,55.0,5.87,12.0,0.41,3.41,0.7,0.23,0.55,2.37,-1.99,1.12,-2.19,-1.97,1.12,-2.19,-1.97,0.0,49.9,1.8,0.0,-60.0,39.6,-48.0,-58.8,103.9,-48.0,10.3,75.6,-48.0,-59.6,103.9,-128.5,1.6,6.4,21.4,0.1,22.1,22.8,-8.9,17.9,22.4,-6.3,8.2,-2.4,6,0
0,0.0,0.0,0.2,0.0,0.03,-0.0,-0.15,0.3,0.0,0.37,1.0,7.54,12.53,1.14,0.04,-0.27,0.09,0.37,-1.51,-0.18,1.49,-0.42,-0.2,1.49,-0.42,-0.2,0.0,0.0,0.0,0.0,4.6,31.8,-79.7,-6.1,57.8,-89.9,4.7,37.9,-103.9,-6.4,41.6,-70.9,1.9,-1.4,6.0,-1.2,-5.4,-2.2,-0.2,2.1,-3.9,0.5,-0.7,2.9,0,1
2,0.04,-0.0,0.59,0.0,0.1,-0.0,-0.29,0.88,0.0,1.28,3.0,7.55,12.53,1.14,-0.06,-0.28,-0.33,-0.47,-0.61,-0.26,0.29,-0.69,-0.3,0.29,-0.69,-0.3,0.0,0.0,0.0,0.0,5.6,44.4,-83.3,-4.3,53.4,-86.9,4.1,53.6,-89.2,-6.0,54.7,-80.9,-0.3,-0.8,-0.1,0.5,-0.6,-3.6,0.4,-4.4,-1.3,1.4,-3.4,-2.2,0,1
4,0.08,-0.0,0.98,0.0,0.17,-0.0,-0.58,1.47,0.0,2.03,5.0,7.56,12.52,1.12,-0.14,-0.29,-0.67,0.08,0.71,-0.04,-0.56,0.44,-0.03,-0.56,0.44,-0.03,0.0,0.0,0.0,0.0,5.0,52.3,-86.4,-0.3,54.8,-118.4,3.4,44.2,-79.1,1.2,58.3,-93.2,6.1,-1.3,-5.5,3.2,-8.2,-3.8,-5.8,7.2,-0.9,-4.3,-1.4,3.0,0,1
6,0.12,-0.0,1.38,0.0,0.22,-0.0,-0.84,2.65,0.0,3.42,7.0,7.57,12.51,1.08,-0.17,-0.36,-0.93,1.81,1.24,-0.09,-0.13,2.19,0.05,-0.13,2.19,0.05,0.0,0.0,71.6,0.0,8.7,51.9,-91.9,2.7,38.2,-156.0,0.4,43.5,-88.2,0.5,54.2,-93.1,-1.6,-7.3,-1.1,3.8,-0.9,0.1,2.6,3.7,14.9,-0.5,-5.2,1.1,1,1
8,0.16,-0.0,1.77,0.0,0.28,-0.0,-1.09,3.82,0.0,4.78,9.0,7.58,12.5,1.04,-0.06,-0.58,-0.85,3.48,3.62,0.11,-1.3,4.82,0.52,-1.3,4.82,0.52,0.0,0.0,83.4,67.7,7.4,41.0,-101.1,13.9,28.3,-156.0,8.3,33.9,-75.5,4.2,48.8,-97.3,-0.0,9.1,-1.9,3.7,11.4,-18.3,-1.2,0.9,16.3,-4.0,-3.6,10.7,1,1
10,0.2,-0.0,2.15,0.01,0.32,-0.0,-1.38,4.94,0.0,6.03,11.0,7.59,12.49,1.0,0.2,-0.79,-0.99,6.23,5.41,-1.65,-1.9,8.13,-1.02,-1.9,8.13,-1.02,0.0,0.0,0.0,75.8,4.4,47.7,-107.4,27.6,42.8,-156.0,4.0,25.0,-48.0,6.8,47.5,-101.9,4.7,-4.3,1.6,-7.7,-6.0,-18.7,-0.6,-1.1,6.6,-4.5,-6.7,7.2,2,1
12,0.24,-0.0,2.53,0.04,0.35,-0.0,-1.51,6.0,0.0,7.41,13.0,7.6,12.48,0.95,0.37,-0.92,-0.54,5.16,5.86,-2.82,-3.37,7.46,-1.4,-3.37,7.46,-1.4,0.0,212.4,0.0,47.0,13.8,44.2,-97.0,30.7,53.2,-156.0,-10.9,24.8,-48.0,-3.3,39.5,-91.7,-1.8,-0.1,5.0,-16.5,-19.8,16.4,3.9,0.6,3.8,3.9,-6.1,2.9,2,1
14,0.28,-0.0,2.9,0.05,0.38,-0.0,-1.72,7.03,0.0,8.64,15.0,7.62,12.47,0.94,-0.07,-0.42,0.61,-4.3,-0.94,-0.28,-1.31,-3.83,1.76,-1.31,-3.83,1.76,146.4,37.2,0.0,26.7,11.6,43.5,-86.4,41.1,59.5,-156.0,-7.0,33.8,-48.0,-3.9,31.0,-76.7,-4.6,-0.3,-9.4,-13.0,-22.1,24.2,12.6,8.6,22.8,-0.6,0.0,4.8,2,1
16,0.32,-0.0,3.28,0.05,0.41,-0.0,-1.96,8.09,0.0,9.87,17.0,7.65,12.46,0.96,-0.16,-0.47,0.85,-7.65,-3.87,-0.24,-0.87,-8.28,2.05,-0.87,-8.28,2.05,68.2,67.7,0.0,0.0,19.3,43.2,-96.1,42.0,44.5,-144.7,33.2,61.6,-48.0,4.8,29.4,-59.6,-19.5,-5.4,0.4,5.8,-18.5,22.9,3.3,1.2,22.8,8.9,-7.3,12.7,1,1
18,0.36,-0.0,3.65,0.05,0.44,-0.0,-2.32,9.19,0.0,11.0,19.0,7.68,12.44,0.99,-0.1,-0.8,1.16,0.21,-2.09,0.39,1.81,-1.1,-0.29,1.81,-1.1,-0.29,82.1,56.7,0.0,46.2,21.1,27.9,-82.2,47.2,25.3,-104.6,59.5,74.0,-48.0,16.3,25.0,-48.0,-18.9,1.2,7.1,5.7,9.2,21.4,6.1,-18.2,22.8,14.9,-8.1,22.8,3,1
20,0.4,-0.0,4.02,0.05,0.49,-0.0,-2.45,10.29,0.0,12.39,21.0,7.73,12.42,1.02,0.1,-0.93,0.97,2.27,-3.44,2.06,4.6,-0.14,0.18,4.6,-0.14,0.18,47.3,11.1,0.0,7.9,11.4,11.6,-57.7,46.9,10.0,-54.4,59.7,50.0,-48.0,34.6,22.6,-48.0,-15.1,1.6,9.1,6.7,18.4,17.4,5.9,-2.5,22.8,6.6,-6.2,22.8,3,1
22,0.44,-0.0,4.37,0.07,0.53,-0.0,-2.74,11.4,0.0,13.64,23.0,7.77,12.41,1.03,0.3,-0.95,0.51,1.64,-4.59,2.32,5.24,-1.29,-0.13,5.24,-1.29,-0.13,93.8,145.1,0.0,0.0,1.1,22.8,-48.0,37.0,22.2,-48.0,59.9,23.1,-48.0,53.8,10.4,-48.0,-17.8,-3.1,-3.3,11.3,18.0,22.8,5.3,5.4,22.8,-1.6,-2.6,22.8,5,1
24,0.48,-0.0,4.72,0.1,0.58,-0.0,-2.88,12.5,0.0,15.01,25.0,7.81,12.4,1.02,0.37,-1.06,0.1,2.25,-5.25,1.07,5.53,-0.73,-1.63,5.53,-0.73,-1.63,139.1,139.1,0.0,0.0,0.5,55.0,-48.2,40.8,52.2,-48.0,59.9,16.1,-48.0,59.9,-7.4,-48.0,-16.1,-7.6,-18.6,6.9,13.8,22.8,5.9,7.4,22.8,2.1,-5.3,22.8,6,1
26,0.52,-0.0,5.06,0.12,0.62,-0.0,-3.09,13.56,0.0,16.26,27.0,7.86,12.39,0.99,0.16,-1.26,-0.01,5.07,-4.41,1.75,6.79,1.43,-0.06,6.79,1.43,-0.06,103.9,103.9,0.0,0.0,-6.4,74.7,-69.6,44.0,74.4,-72.5,59.8,24.9,-48.0,60.0,-11.0,-48.0,-0.0,-1.0,-18.5,8.4,17.5,20.9,6.0,-7.3,22.8,2.1,-19.5,22.8,4,1
28,0.56,-0.0,5.39,0.12,0.65,-0.0,-3.46,14.28,-1.0,15.98,29.0,7.89,12.38,0.95,-0.18,-1.51,0.1,5.98,-4.86,2.87,8.1,1.27,0.7,8.1,1.27,0.7,0.0,0.0,0.0,0.0,-24.3,86.5,-109.7,50.9,94.9,-67.6,59.8,15.1,-48.0,60.0,-26.7,-48.0,15.5,-0.2,-13.4,-0.4,8.2,20.8,6.0,-6.5,22.8,2.2,-10.9,22.8,5,1
30,0.6,-0.0,5.72,0.12,0.67,-0.0,-3.91,14.98,-2.0,15.58,31.0,7.93,12.37,0.9,-0.56,-1.79,-0.03,0.93,-2.34,3.05,3.49,-1.86,-0.1,3.49,-1.86,-0.1,0.0,0.0,0.0,0.0,-1.7,73.1,-154.8,49.3,86.8,-48.0,59.9,-10.0,-48.0,60.0,-29.0,-48.0,8.1,-3.2,-5.1,5.5,16.3,16.4,6.0,4.7,22.8,1.9,-18.1,22.8,7,1
32,0.64,-0.0,6.04,0.12,0.68,-0.0,-4.14,15.38,-2.5,15.58,33.0,7.97,12.37,0.82,-1.01,-1.92,0.17,2.23,-3.35,3.28,5.03,-1.31,0.19,5.03,-1.31,0.19,0.0,0.0,0.0,0.0,46.4,38.3,-156.0,49.3,86.8,-48.0,59.9,-22.0,-48.0,60.0,-28.9,-48.0,-1.7,0.5,-14.5,5.9,8.8,15.2,6.0,4.5,22.8,2.0,-18.2,22.8,8,1
34,0.68,-0.0,6.35,0.12,0.52,-0.0,-4.36,15.78,-3.5,14.91,35.0,8.01,12.36,0.74,-1.5,-1.96,0.57,4.5,-3.25,3.08,6.0,-0.45,2.04,6.0,-0.45,2.04,0.0,0.0,0.0,0.0,57.4,16.4,-152.6,47.0,91.8,-66.2,59.6,-19.2,-48.0,59.8,-28.9,-48.0,-2.3,1.4,11.2,-5.9,-8.0,-16.2,0.3,4.5,22.8,2.0,-18.2,22.8,8,1
36,0.72,-0.0,6.66,0.12,-0.03,-0.0,-4.53,16.18,-4.5,13.89,37.0,8.05,12.35,0.64,-1.97,-1.81,1.2,5.33,-2.39,2.81,5.61,-0.45,3.22,5.61,-0.45,3.22,0.0,0.0,0.0,0.0,53.1,7.0,-112.6,22.9,74.5,-114.4,56.3,-7.3,-48.0,60.0,-29.1,-48.0,-0.9,4.2,3.6,2.3,-2.3,-11.3,-2.0,6.3,22.8,2.0,-6.7,20.5,5,1
38,0.76,-0.0,6.95,0.12,-1.03,-0.0,-4.78,16.59,-5.5,12.36,39.0,8.1,12.35,0.52,-2.19,-1.42,1.83,4.36,-2.67,2.04,4.91,0.31,2.47,4.91,0.31,2.47,0.0,0.0,0.0,0.0,44.5,13.7,-85.3,11.1,37.9,-156.0,51.8,16.2,-48.0,59.9,-28.7,-48.0,1.0,8.9,-1.6,1.2,5.6,-6.4,-1.2,4.9,22.8,-0.5,4.9,16.3,5,1
40,0.8,0.0,0.0,0.0,0.0,0.0,0.0,0.0,0.0,0.0,0.0,7.55,12.51,1.14,-2.29,-0.91,2.4,4.05,-3.02,1.81,0.25,0.37,0.1,0.25,0.37,0.1,0.0,0.0,0.0,0.0,5.2,63.5,-111.0,-4.0,68.2,-121.1,4.9,85.1,-61.1,-8.0,64.6,-75.2,-1.3,5.4,-6.7,2.9,0.8,-19.7,-2.7,-0.3,22.8,-2.0,4.0,11.2,0,1
0,0.0,0.0,0.2,0.0,0.03,-0.0,-0.09,0.3,0.0,0.44,1.0,7.46,12.53,1.13,-0.19,0.38,-0.37,0.35,0.16,0.48,0.33,-0.18,0.48,0.33,-0.18,0.48,0.0,0.0,0.0,0.0,3.6,63.2,-105.4,-6.0,56.3,-81.1,7.4,82.3,-75.6,-6.8,62.1,-87.7,-1.7,-1.9,-2.4,-0.2,-2.8,1.0,0.4,-9.1,1.2,0.1,-2.5,-0.2,0,2
2,0.04,-0.0,0.59,0.0,0.1,-0.0,-0.21,0.89,0.0,1.38,3.0,7.47,12.54,1.11,-0.21,0.36,-0.75,0.26,0.6,0.64,0.62,0.15,0.65,0.62,0.15,0.65,0.0,0.0,0.0,0.0,5.8,52.6,-90.7,-6.8,48.5,-86.1,6.6,67.3,-81.1,-5.6,59.7,-86.6,0.0,1.4,-0.0,1.3,1.0,-2.8,-0.3,-0.8,0.4,1.2,-1.7,-1.8,0,2
4,0.08,-0.0,0.98,0.0,0.15,-0.0,-0.42,1.78,0.0,2.51,5.0,7.48,12.56,1.07,-0.17,0.41,-1.09,-2.34,0.02,0.31,-1.46,1.82,0.38,-1.46,1.82,0.38,0.0,114.3,0.0,0.0,8.7,49.8,-90.8,-4.4,42.6,-90.9,5.2,57.3,-85.3,-2.3,55.4,-85.4,-1.7,-0.1,-0.7,3.0,-8.4,15.9,1.3,2.9,5.7,-0.6,-0.2,4.1,0,2
6,0.12,-0.0,1.37,0.0,0.2,-0.0,-0.72,2.94,0.0,3.78,7.0,7.49,12.58,1.03,-0.22,0.64,-1.08,-5.18,-1.79,0.11,-4.67,2.85,0.3,-4.67,2.85,0.3,27.8,0.0,0.0,0.0,10.3,52.6,-102.4,-6.2,26.9,-82.2,13.4,53.9,-61.3,4.6,49.6,-66.4,-2.6,2.0,8.6,9.0,11.9,-11.9,-3.6,-11.3,6.9,2.0,-5.7,4.0,0,2
8,0.16,-0.0,1.75,0.0,0.24,-0.0,-1.03,3.97,0.0,4.93,9.0,7.49,12.6,0.98,-0.37,0.86,-1.19,-0.48,-2.44,-0.43,-2.19,-1.23,0.23,-2.19,-1.23,0.23,19.3,0.0,0.0,0.0,2.5,53.8,-120.8,8.1,42.3,-115.5,9.2,40.9,-50.3,10.5,43.3,-62.3,2.8,3.8,5.2,-2.0,-3.4,-4.5,-5.7,-4.2,-5.3,-2.8,-2.4,-1.9,1,2
10,0.2,-0.0,2.12,0.0,0.27,-0.0,-1.45,5.1,0.0,6.04,11.0,7.5,12.62,0.92,-0.55,0.85,-1.26,1.17,0.64,-0.18,1.23,-0.54,-0.15,1.23,-0.54,-0.15,15.7,0.0,0.0,106.3,-5.0,50.4,-132.6,11.7,47.2,-156.0,-1.8,39.0,-55.0,1.9,46.4,-80.2,-2.1,2.9,3.5,3.8,-1.3,-1.9,-0.9,-12.3,9.1,2.8,-10.3,7.3,1,2
12,0.24,-0.0,2.5,0.0,0.28,-0.0,-1.79,6.22,0.0,7.21,13.0,7.51,12.64,0.86,-0.56,0.92,-0.81,-3.76,2.09,-0.07,-0.84,4.03,-1.23,-0.84,4.03,-1.23,126.6,0.0,45.6,91.8,-10.4,63.8,-156.0,8.4,56.2,-156.0,-2.5,35.6,-48.0,-2.2,39.9,-72.1,-5.8,-8.8,12.2,11.9,2.5,-19.7,-4.1,-17.4,19.7,2.8,-10.9,1.7,3,2
14,0.28,-0.0,2.87,0.0,0.29,-0.0,-1.89,7.34,0.0,8.61,15.0,7.52,12.68,0.83,-0.69,0.8,-0.02,-0.1,-0.13,-0.02,-0.17,0.0,0.03,-0.17,0.0,0.03,87.6,72.7,36.0,158.8,-11.9,68.1,-156.0,15.8,62.9,-156.0,-7.0,30.7,-48.0,-7.1,27.5,-61.1,-9.5,-15.8,1.9,14.1,5.9,-19.7,-13.3,-21.3,22.2,6.3,-18.8,-0.8,3,2
16,0.32,-0.0,3.24,0.0,0.29,-0.0,-2.01,8.47,0.0,9.99,17.0,7.52,12.72,0.83,-0.8,0.76,0.35,2.2,-1.18,-0.28,0.4,-2.45,0.36,0.4,-2.45,0.36,41.0,66.0,54.1,141.7,-18.3,64.3,-156.0,21.3,68.1,-156.0,-17.3,27.9,-48.0,-14.8,13.5,-48.0,-16.4,-15.6,-3.7,14.4,1.7,-19.7,-12.6,-21.3,22.8,11.3,-20.2,4.9,4,2
18,0.36,-0.0,3.6,0.0,0.3,-0.0,-2.07,9.59,0.0,11.42,19.0,7.53,12.77,0.83,-0.88,0.83,0.4,0.88,-1.92,-0.63,-1.05,-1.94,0.11,-1.05,-1.94,0.11,32.0,62.2,80.2,149.9,-24.3,56.2,-156.0,30.9,70.3,-156.0,-29.1,25.0,-48.0,-23.9,5.9,-48.0,-15.4,-10.5,-13.3,11.7,5.3,-19.7,-8.6,-21.2,22.8,15.0,-20.4,12.3,4,2
20,0.4,-0.0,3.96,0.0,0.3,-0.0,-2.12,10.71,0.0,12.85,21.0,7.53,12.82,0.82,-1.01,0.89,0.34,0.05,-2.13,-1.44,-1.81,-1.65,-0.78,-1.81,-1.65,-0.78,0.0,35.7,79.9,128.2,-27.3,51.0,-156.0,49.9,74.0,-156.0,-39.7,18.9,-48.0,-28.6,-6.9,-48.0,-12.6,-13.7,-19.8,1.0,7.2,-19.7,-6.4,-21.2,22.8,19.4,-18.9,20.3,4,2
22,0.44,-0.0,4.31,0.0,0.31,-0.0,-2.29,11.82,0.0,14.14,23.0,7.54,12.88,0.81,-1.2,1.04,0.32,-0.2,-2.04,-1.52,-1.9,-1.37,-0.99,-1.9,-1.37,-0.99,0.0,59.2,18.6,101.5,-33.5,44.0,-156.0,59.5,75.9,-156.0,-52.4,3.0,-48.0,-19.3,-30.3,-48.0,-8.6,-8.3,-19.7,-0.2,1.1,-19.7,-0.4,-16.5,22.8,17.9,-6.2,22.7,6,2
24,0.48,-0.0,4.65,0.0,0.3,-0.0,-2.44,12.9,0.0,15.41,25.0,7.55,12.95,0.8,-1.29,1.05,0.48,-9.31,-3.82,-0.65,-7.96,5.45,-2.92,-7.96,5.45,-2.92,0.0,0.0,198.6,102.8,-43.0,40.3,-156.0,59.6,73.0,-156.0,-56.5,-20.4,-48.0,0.0,-30.1,-48.0,-5.6,-3.0,-19.7,1.1,0.1,-15.1,-2.0,-7.2,22.8,16.1,-18.2,22.8,8,2
26,0.52,-0.0,4.99,0.0,0.18,-0.0,-2.52,13.93,0.0,16.58,27.0,7.57,13.01,0.76,-1.47,0.97,0.74,-8.59,-3.19,-1.89,-7.48,4.35,-3.56,-7.48,4.35,-3.56,0.0,0.0,93.5,74.5,-55.6,28.8,-156.0,59.9,69.6,-156.0,-35.9,-22.0,-48.0,23.2,-29.7,-48.0,0.5,-1.1,-19.7,2.1,0.5,-6.8,-15.5,-19.0,22.8,12.2,-18.1,22.8,8,2
28,0.56,-0.0,5.33,0.0,-0.12,-0.0,-2.6,14.94,-0.5,17.04,29.0,7.58,13.07,0.71,-1.66,0.85,0.97,-7.35,-2.4,-2.88,-6.81,2.7,-3.8,-6.81,2.7,-3.8,0.0,0.0,79.9,75.6,-59.5,15.8,-156.0,59.7,62.4,-156.0,-28.6,-23.8,-48.0,32.0,-29.7,-48.0,-3.1,-1.9,-19.7,2.6,1.6,-1.5,-15.3,-18.8,22.8,11.0,-18.2,22.8,8,2
30,0.6,-0.0,5.66,0.0,-0.68,-0.0,-2.64,15.93,-1.5,16.77,31.0,7.59,13.13,0.64,-1.88,0.64,1.2,-6.38,-1.82,-3.36,-6.29,1.56,-3.66,-6.29,1.56,-3.66,0.0,0.0,75.6,69.2,-59.9,8.5,-156.0,60.0,52.8,-156.0,-28.0,-24.1,-48.0,32.8,-29.7,-48.0,-2.2,-1.7,-19.7,1.7,2.7,-3.4,-13.9,-18.7,22.8,11.0,-18.0,22.3,8,2
32,0.64,-0.0,5.99,0.0,-1.54,-0.0,-2.66,16.93,-2.5,16.21,33.0,7.61,13.18,0.56,-2.12,0.29,1.41,-6.01,-1.22,-3.57,-5.98,0.89,-3.72,-5.98,0.89,-3.72,0.0,0.0,74.6,66.2,-59.9,5.1,-156.0,59.9,49.4,-156.0,-28.5,-24.0,-48.0,32.2,-29.7,-48.0,-2.0,-1.5,-19.7,-0.3,2.3,-6.9,-13.7,-18.7,22.8,11.3,-18.1,22.0,8,2
34,0.68,-0.0,6.31,0.0,-2.77,-0.0,-2.68,17.94,-3.5,15.3,35.0,7.62,13.24,0.47,-2.36,-0.21,1.55,-5.82,-0.54,-3.65,-5.71,0.25,-3.85,-5.71,0.25,-3.85,0.0,0.0,73.9,66.3,-59.9,4.0,-156.0,58.0,50.0,-156.0,-28.6,-23.9,-48.0,32.0,-29.7,-48.0,-1.8,0.8,-19.7,-0.7,-0.5,-8.6,-13.7,-18.8,22.8,11.4,-18.1,22.0,8,2
36,0.72,0.0,0.0,0.0,0.0,0.0,0.0,0.0,0.0,0.0,0.0,7.51,12.53,1.14,-2.58,-0.85,1.52,-5.94,0.13,-3.7,-0.35,-0.2,0.2,-0.35,-0.2,0.2,0.0,0.0,73.8,65.7,3.2,68.6,-86.9,-4.3,34.0,-86.1,5.9,78.3,-114.6,-4.0,49.2,-54.5,-1.8,1.0,-19.7,1.1,-0.5,-11.0,-13.7,-18.8,22.8,11.4,-18.0,22.4,0,2
0,0.0,0.0,0.2,0.0,0.03,-0.0,-0.14,0.3,0.0,0.4,1.0,7.52,12.46,1.14,0.08,-0.21,-0.14,-0.18,0.77,-0.11,-0.76,-0.24,-0.1,-0.76,-0.24,-0.1,0.0,0.0,0.0,0.0,5.3,58.5,-99.3,-6.0,60.7,-104.0,4.3,39.2,-98.1,-1.8,65.0,-60.9,-0.8,-0.8,1.2,2.2,-0.4,-1.4,2.1,8.4,-1.9,-2.1,-1.6,-2.7,0,3
2,0.04,-0.0,0.59,0.01,0.1,-0.0,-0.27,0.89,0.0,1.33,3.0,7.52,12.47,1.12,0.12,-0.21,-0.57,-0.8,0.22,-0.2,-0.17,-0.82,-0.17,-0.17,-0.82,-0.17,0.0,0.0,0.0,0.0,6.7,49.8,-90.3,-5.0,50.7,-91.9,3.1,49.3,-89.5,-3.5,57.8,-78.3,-0.2,1.6,0.1,0.3,0.3,-3.6,0.5,-2.8,-0.4,1.4,0.2,-0.9,0,3
4,0.08,-0.0,0.99,0.03,0.16,-0.0,-0.49,1.73,0.0,2.41,5.0,7.53,12.47,1.09,0.17,-0.19,-1.01,-1.58,0.8,0.29,-0.72,-1.61,0.34,-0.72,-1.61,0.34,25.6,0.0,0.0,0.0,5.5,50.8,-90.8,-1.3,52.6,-117.2,6.8,47.5,-76.8,1.7,54.9,-90.2,3.9,1.5,-3.6,3.3,-5.1,-5.0,-1.5,-0.4,3.0,-0.3,4.6,-0.5,0,3
6,0.12,-0.0,1.38,0.04,0.21,-0.0,-0.73,2.91,0.0,3.81,7.0,7.54,12.48,1.04,0.19,-0.18,-1.28,0.18,0.27,-0.06,-0.27,0.16,-0.09,-0.27,0.16,-0.09,35.5,0.0,0.0,0.0,10.9,57.7,-103.9,3.7,42.7,-156.0,3.5,42.7,-66.7,5.3,60.3,-97.0,-3.9,-5.4,3.5,0.7,2.5,0.8,5.0,-5.0,3.6,2.2,-3.4,-2.2,1,3
8,0.16,-0.0,1.77,0.06,0.25,-0.0,-1.18,4.08,0.0,4.98,9.0,7.55,12.48,0.99,0.2,-0.34,-1.33,4.92,2.48,1.09,-2.82,4.82,0.59,-2.82,4.82,0.59,20.2,0.0,22.5,0.0,19.6,57.0,-109.5,7.6,39.4,-156.0,5.5,35.1,-56.1,8.1,56.0,-102.8,-4.6,-0.1,2.0,5.4,3.5,-18.6,-3.4,-15.4,5.7,-0.4,1.0,-0.2,1,3
10,0.2,-0.0,2.16,0.08,0.28,-0.0,-1.42,5.22,0.0,6.32,11.0,7.57,12.48,0.93,0.36,-0.69,-1.3,6.59,2.86,1.05,-3.35,6.42,0.45,-3.35,6.42,0.45,0.0,0.0,30.7,82.4,20.4,51.3,-107.0,13.6,57.0,-156.0,3.9,26.2,-48.0,7.9,54.2,-106.9,2.5,-5.0,1.9,3.3,-13.7,-19.2,-7.2,-12.5,4.9,-3.5,-13.0,4.3,2,3
12,0.24,-0.0,2.54,0.1,0.3,-0.0,-1.58,6.3,0.0,7.67,13.0,7.58,12.48,0.88,0.2,-0.63,-0.47,-1.37,2.66,-0.74,-2.43,-1.65,0.94,-2.43,-1.65,0.94,0.0,165.9,0.0,211.3,25.9,32.3,-86.2,-0.6,68.0,-156.0,-0.3,19.1,-48.0,3.1,53.1,-109.2,1.4,-2.2,10.1,2.4,-21.3,22.4,-5.0,11.5,11.3,-9.2,-11.4,8.0,2,3
14,0.28,-0.0,2.93,0.11,0.32,-0.0,-1.95,7.4,0.0,8.8,15.0,7.59,12.49,0.88,0.02,-0.35,0.26,-8.27,-2.06,-2.34,2.55,-8.46,0.14,2.55,-8.46,0.14,178.9,0.0,0.0,0.0,36.9,29.5,-67.1,-21.4,44.8,-137.6,0.3,39.6,-48.0,-3.9,46.9,-102.6,-15.7,7.1,-12.5,11.0,-19.6,22.1,7.9,-2.6,22.8,0.1,4.4,-2.2,1,3
16,0.32,-0.0,3.33,0.11,0.33,-0.0,-2.33,8.54,0.0,9.98,17.0,7.61,12.49,0.89,0.08,-0.56,-0.05,-8.73,-1.73,-2.05,2.2,-8.86,0.39,2.2,-8.86,0.39,63.9,0.0,0.0,0.0,55.1,48.8,-86.4,-13.4,3.3,-116.4,16.7,54.8,-48.0,-6.6,42.6,-104.0,-19.4,-11.4,-6.1,11.1,11.1,-21.1,0.9,-10.2,22.8,10.7,-4.3,4.3,2,3
18,0.36,-0.0,3.72,0.13,0.35,-0.0,-2.71,9.67,0.0,11.15,19.0,7.63,12.5,0.89,0.22,-0.52,-0.14,0.08,-3.26,0.08,3.11,0.26,0.95,3.11,0.26,0.95,65.9,0.0,0.0,98.3,58.5,58.5,-100.9,-5.8,11.1,-156.0,31.6,38.3,-48.0,3.7,37.4,-95.0,-20.2,10.7,-5.5,7.6,15.9,-13.8,-5.5,-7.4,22.0,19.2,1.6,14.6,3,3
20,0.4,-0.0,4.11,0.14,0.37,-0.0,-3.0,10.81,0.0,12.43,21.0,7.65,12.51,0.89,0.12,-0.51,-0.05,2.91,-0.81,0.84,0.41,3.01,0.8,0.41,3.01,0.8,0.0,0.0,54.6,3.8,44.2,78.2,-121.1,11.3,77.4,-156.0,31.5,34.0,-49.8,0.2,48.1,-81.7,4.2,-13.9,8.4,-2.3,-3.8,-19.7,-16.9,-18.5,-16.0,7.7,5.8,-0.9,2,3
22,0.44,-0.0,4.51,0.14,0.39,-0.0,-3.46,11.97,0.0,13.54,23.0,7.67,12.51,0.89,-0.16,-0.48,-0.38,5.55,2.83,1.52,-3.54,5.32,0.59,-3.54,5.32,0.59,0.0,107.2,45.8,21.9,51.4,51.1,-107.6,0.0,89.0,-156.0,18.5,33.0,-72.9,0.1,59.7,-92.0,-7.8,3.1,5.3,12.1,-7.8,-19.7,-11.4,-5.2,-5.6,3.7,-15.3,-1.7,1,3
24,0.48,-0.0,4.9,0.14,0.4,-0.0,-3.8,13.13,0.0,14.77,25.0,7.7,12.51,0.88,-0.03,-0.6,0.01,-2.25,0.68,-0.98,-0.41,-2.47,-0.47,-0.41,-2.47,-0.47,0.0,39.9,0.0,57.1,47.7,27.8,-76.1,-13.0,63.7,-156.0,12.7,30.2,-75.8,-3.2,52.5,-95.6,-8.4,4.8,-0.5,7.1,-13.0,-6.8,2.8,6.3,20.7,3.7,-9.7,2.7,1,3
26,0.52,-0.0,5.29,0.14,0.42,-0.0,-4.22,14.28,0.0,15.91,27.0,7.72,12.51,0.88,-0.03,-0.46,-0.04,-3.18,-0.84,-1.34,1.26,-3.29,-0.51,1.26,-3.29,-0.51,123.5,0.0,0.0,0.0,39.5,29.7,-79.1,-18.9,44.1,-138.7,11.2,37.3,-48.0,-4.3,48.7,-99.7,-18.1,2.5,-0.2,19.6,-14.4,4.7,-10.4,-16.4,22.8,-6.6,6.6,-1.8,1,3
28,0.56,-0.0,5.68,0.14,0.44,-0.0,-4.55,15.41,0.0,17.11,29.0,7.74,12.51,0.88,0.06,-0.59,-0.18,-3.43,-1.2,-1.32,1.58,-3.51,-0.39,1.58,-3.51,-0.39,59.7,0.0,18.8,0.0,46.9,35.6,-86.3,-14.5,34.4,-152.9,4.0,32.8,-48.0,-16.0,49.5,-103.0,-18.0,2.4,3.3,12.5,5.3,-5.5,4.1,-4.5,22.2,5.6,-7.0,-1.2,2,3
30,0.6,-0.0,6.07,0.15,0.45,-0.0,-4.82,16.53,0.0,18.38,31.0,7.76,12.51,0.88,0.12,-0.43,-0.28,0.95,-0.86,-0.74,1.08,0.91,-0.47,1.08,0.91,-0.47,63.7,0.0,58.7,0.0,49.4,45.9,-94.3,-8.1,46.8,-156.0,9.3,38.1,-48.0,-7.3,36.7,-103.3,-18.7,4.7,5.8,-1.6,3.4,-19.7,0.8,-17.9,19.3,15.0,7.0,4.2,2,3
32,0.64,-0.0,6.46,0.16,0.47,-0.0,-5.04,17.68,0.0,19.72,33.0,7.78,12.51,0.87,0.05,-0.43,-0.36,1.48,-0.71,-0.28,0.77,1.47,-0.15,0.77,1.47,-0.15,61.0,0.0,42.4,87.8,43.5,53.3,-99.9,-10.1,61.2,-156.0,5.8,42.6,-48.0,-11.7,46.9,-107.3,-15.5,7.3,7.7,5.3,-4.5,-19.7,1.1,-16.8,20.4,14.5,-0.2,3.4,2,3
34,0.68,-0.0,6.85,0.16,0.48,-0.0,-5.25,18.83,0.0,21.06,35.0,7.8,12.51,0.86,-0.14,-0.48,0.06,3.33,-0.15,0.34,0.07,3.35,0.2,0.07,3.35,0.2,0.0,0.0,75.7,132.7,44.1,41.4,-110.2,1.0,63.4,-156.0,9.4,41.4,-48.0,-8.2,56.4,-114.1,0.3,6.3,-4.3,11.6,-10.6,-19.7,-5.2,-21.5,20.7,17.5,-13.4,4.8,2,3
36,0.72,-0.0,7.25,0.16,0.49,-0.0,-5.43,19.97,0.0,22.42,37.0,7.82,12.5,0.87,-0.22,-0.37,0.14,-0.26,1.97,-0.48,-1.75,-0.34,-1.0,-1.75,-0.34,-1.0,0.0,0.0,76.5,3.7,44.3,30.5,-118.6,12.1,62.9,-156.0,16.6,36.5,-48.0,0.6,51.7,-108.5,-8.2,-1.6,4.7,5.9,-3.2,-19.7,-15.2,-21.6,13.7,6.0,-0.9,-1.3,2,3
38,0.76,-0.0,7.64,0.16,0.51,-0.0,-5.55,21.1,0.0,23.85,39.0,7.83,12.5,0.88,-0.2,-0.29,0.06,3.9,1.25,-0.96,-0.85,3.69,-1.84,-0.85,3.69,-1.84,0.0,48.8,7.8,0.0,37.8,30.3,-106.9,5.7,60.1,-156.0,7.1,30.6,-48.0,-2.2,47.6,-108.3,-10.2,0.6,1.0,14.6,-17.3,-19.2,-11.3,-19.4,19.6,-4.5,4.1,0.7,2,3
40,0.8,-0.0,8.03,0.16,0.52,-0.0,-5.68,22.25,0.0,25.28,41.0,7.84,12.49,0.88,-0.19,-0.32,0.07,0.05,-0.75,-1.04,0.83,-0.21,-0.96,0.83,-0.21,-0.96,95.2,31.3,18.7,0.0,33.8,31.1,-104.1,-0.1,59.3,-156.0,1.6,31.4,-48.0,-13.8,47.7,-102.0,-9.7,4.8,5.0,14.4,-1.3,-16.5,3.3,0.4,22.8,-1.5,-4.0,3.5,2,3
42,0.84,-0.0,8.42,0.16,0.54,-0.0,-5.82,23.41,0.0,26.71,43.0,7.85,12.48,0.89,-0.07,-0.34,-0.11,1.21,-2.01,-1.29,2.27,0.78,-1.2,2.27,0.78,-1.2,143.2,9.3,15.5,0.0,35.3,36.6,-99.7,8.1,72.9,-156.0,8.2,35.7,-48.0,-20.2,35.7,-89.8,-14.6,18.0,7.0,-2.0,7.6,-19.7,0.4,-2.7,21.9,11.6,5.6,-0.1,2,3
44,0.88,-0.0,8.82,0.16,0.56,-0.0,-6.03,24.6,0.0,28.1,45.0,7.87,12.48,0.88,-0.01,-0.33,-0.33,1.79,-2.61,-0.92,2.9,1.28,-0.9,2.9,1.28,-0.9,57.5,0.0,44.4,50.3,28.8,62.9,-105.0,-4.5,87.6,-156.0,4.8,48.2,-48.0,-26.8,47.0,-83.6,-15.6,8.7,4.8,1.1,-10.2,-19.7,-4.0,-14.6,18.7,16.2,-6.5,-1.7,2,3
46,0.92,-0.0,9.22,0.16,0.57,-0.0,-6.28,25.79,0.0,29.45,47.0,7.88,12.47,0.86,-0.27,-0.4,-0.45,-1.76,0.01,-0.17,-0.36,-1.71,-0.28,-0.36,-1.71,-0.28,0.0,0.0,0.3,54.4,28.3,70.3,-109.8,-4.3,73.7,-156.0,6.4,56.1,-48.0,-27.5,57.2,-79.1,5.7,-14.9,-4.3,7.9,-5.2,-19.7,-12.4,-19.7,14.5,10.9,-8.7,-4.9,2,3
48,0.96,-0.0,9.61,0.16,0.58,-0.0,-6.44,26.97,0.0,30.87,49.0,7.9,12.45,0.86,-0.31,-0.47,-0.01,-5.07,3.36,0.31,-4.37,-4.24,0.13,-4.37,-4.24,0.13,0.0,0.0,5.8,48.9,38.2,38.9,-109.3,6.2,70.0,-156.0,15.6,46.5,-48.0,-15.9,49.3,-73.1,-1.2,-1.0,1.7,11.3,-10.9,-19.7,-18.3,-21.0,16.0,10.8,-11.8,-11.4,2,3
50,1.0,-0.0,10.01,0.16,0.59,-0.0,-6.61,28.12,0.0,32.27,51.0,7.91,12.44,0.87,-0.11,-0.52,0.13,1.48,2.94,-0.14,-2.5,1.97,-0.84,-2.5,1.97,-0.84,0.0,0.0,0.0,82.5,40.8,22.4,-97.4,10.4,67.3,-156.0,16.1,35.8,-48.0,-10.8,39.8,-71.4,-4.8,2.5,3.2,12.5,-14.7,-19.7,-18.4,-21.5,14.3,4.3,-6.4,-15.9,2,3
52,1.04,-0.0,10.41,0.16,0.61,-0.0,-6.72,29.26,0.0,33.7,53.0,7.93,12.44,0.88,-0.04,-0.51,0.19,1.5,1.99,-0.88,-1.56,1.59,-1.42,-1.56,1.59,-1.42,0.0,37.3,0.0,0.0,38.3,19.9,-81.2,2.0,62.3,-156.0,9.3,29.9,-48.0,-13.2,39.8,-93.6,-6.6,6.6,2.6,12.5,-15.3,-7.2,-5.6,-16.3,21.0,-3.6,-2.7,-2.1,2,3
54,1.08,-0.0,10.81,0.16,0.62,-0.0,-6.89,30.39,0.0,35.09,55.0,7.95,12.43,0.88,0.05,-0.49,0.04,-1.03,0.61,-0.97,-0.9,-1.09,-0.61,-0.9,-1.09,-0.61,126.5,0.0,0.0,0.0,41.2,25.6,-81.5,-0.9,57.2,-156.0,10.2,33.2,-48.0,-18.9,30.2,-107.2,-16.0,5.6,-5.1,7.4,0.8,-18.7,4.5,-0.0,22.7,4.8,1.5,8.9,2,3
56,1.12,-0.0,11.2,0.17,0.64,-0.0,-7.06,31.52,0.0,36.47,57.0,7.97,12.43,0.88,0.22,-0.44,-0.13,3.08,-0.36,-0.54,1.26,2.44,-1.53,1.26,2.44,-1.53,125.4,0.0,0.0,97.3,36.1,40.6,-98.4,-2.0,62.6,-156.0,16.0,35.8,-48.0,-24.2,27.0,-94.4,-17.2,9.9,0.1,0.2,-3.4,-19.7,-4.6,-6.4,21.6,15.5,-0.4,8.1,2,3
58,1.16,-0.0,11.6,0.19,0.66,-0.0,-7.18,32.66,0.0,37.92,59.0,7.99,12.43,0.87,0.23,-0.48,-0.16,1.33,0.31,-0.46,0.07,1.15,-0.86,0.07,1.15,-0.86,34.8,0.0,28.0,103.5,25.8,61.1,-112.4,-11.1,62.9,-156.0,10.7,29.3,-48.0,-32.6,31.9,-80.0,-8.8,-4.7,2.2,3.4,-1.9,-19.7,-8.5,-14.1,7.7,14.8,-5.4,-0.7,2,3
60,1.2,-0.0,11.98,0.21,0.67,-0.0,-7.36,33.79,0.0,39.28,61.0,8.01,12.43,0.86,0.16,-0.5,-0.16,-3.31,0.99,-0.38,-2.07,-2.61,1.0,-2.07,-2.61,1.0,0.0,62.3,75.6,94.8,32.8,55.1,-111.3,-9.7,65.8,-156.0,13.7,25.6,-48.0,-29.5,34.4,-81.1,-2.5,1.5,4.4,4.8,1.9,-19.7,-16.9,-19.2,1.9,13.8,-4.2,-5.0,2,3
62,1.24,-0.0,12.37,0.22,0.68,-0.0,-7.48,34.92,0.0,40.7,63.0,8.03,12.43,0.86,0.12,-0.45,0.06,0.41,-0.14,-0.35,0.22,0.17,-0.48,0.22,0.17,-0.48,51.8,56.0,70.2,55.6,36.1,40.2,-97.4,-2.0,65.5,-156.0,22.5,21.1,-48.0,-19.0,40.8,-87.8,-3.3,3.9,-0.2,5.4,-0.3,-19.7,-17.2,-19.8,9.8,7.6,-3.6,-8.5,2,3
64,1.28,-0.0,12.76,0.23,0.69,-0.0,-7.56,36.04,0.0,42.16,65.0,8.05,12.43,0.86,0.23,-0.41,0.07,2.51,-0.65,-0.9,1.32,1.55,-1.84,1.32,1.55,-1.84,32.2,124.8,45.8,18.3,31.8,34.1,-89.8,-5.7,66.2,-155.7,20.8,20.4,-48.0,-18.9,49.2,-101.1,-3.8,3.6,-0.7,12.8,-19.6,18.1,-15.7,0.7,21.8,2.1,1.3,-4.3,2,3
66,1.32,-0.0,13.15,0.25,0.7,-0.0,-7.81,37.18,0.0,43.46,67.0,8.07,12.43,0.86,0.29,-0.33,0.27,-2.81,-2.63,-1.6,0.84,-4.02,-0.69,0.84,-4.02,-0.69,44.7,0.0,0.0,0.0,27.6,39.0,-97.1,-23.5,52.1,-133.2,17.9,33.9,-48.0,-18.8,58.6,-98.6,-13.5,1.2,2.8,15.4,-18.7,3.3,0.5,0.8,22.8,-0.7,-10.5,3.4,1,3
68,1.36,-0.0,13.54,0.28,0.72,-0.0,-8.15,38.01,0.0,44.4,69.0,8.09,12.44,0.87,0.36,-0.43,0.27,-5.2,-2.49,-1.95,-0.42,-6.06,-0.29,-0.42,-6.06,-0.29,0.0,0.0,0.0,0.0,33.4,36.1,-101.4,-20.9,29.1,-140.7,20.3,48.2,-48.0,-11.7,46.5,-73.6,-15.4,-4.0,10.3,15.2,8.7,-7.6,-2.6,-12.8,22.8,5.9,-1.6,5.4,1,3
70,1.4,-0.0,13.94,0.31,0.73,-0.01,-8.5,39.14,0.0,45.62,71.0,8.11,12.45,0.88,0.39,-0.38,0.09,0.64,-1.12,-0.87,1.41,-0.25,-0.61,1.41,-0.25,-0.61,9.1,0.0,69.5,131.8,40.9,32.5,-80.8,-6.8,34.9,-156.0,23.2,44.9,-48.0,-5.2,47.7,-71.8,-15.1,6.3,4.0,-3.8,8.1,-19.7,-6.2,-18.3,20.5,18.7,-11.8,-12.6,2,3
72,1.44,-0.0,14.33,0.34,0.75,-0.01,-8.65,40.29,0.0,47.05,73.0,8.13,12.45,0.88,0.33,-0.26,-0.02,3.43,1.51,-0.38,0.66,3.53,-1.15,0.66,3.53,-1.15,0.0,0.0,73.1,40.7,35.7,21.9,-81.8,-7.1,54.8,-156.0,22.1,39.5,-48.0,-7.1,53.6,-84.5,-0.2,5.7,-3.6,2.7,-3.2,-19.7,-11.4,-19.9,1.9,10.4,-11.3,-4.5,2,3
74,1.48,-0.0,14.73,0.36,0.76,-0.01,-8.78,41.43,0.0,48.5,75.0,8.14,12.45,0.87,0.36,-0.23,-0.21,2.54,3.7,-0.5,-1.68,3.98,-1.33,-1.68,3.98,-1.33,0.0,0.0,53.4,58.5,38.6,19.0,-92.5,-6.8,59.1,-156.0,18.4,27.6,-48.0,-10.7,48.1,-92.5,-3.9,6.7,4.0,9.0,-0.7,-19.7,-15.7,-13.3,-4.3,9.4,-6.4,-6.3,2,3
76,1.52,-0.0,15.12,0.39,0.78,-0.01,-8.93,42.57,0.0,49.93,77.0,8.16,12.46,0.87,0.34,-0.19,0.35,0.95,-0.16,-1.22,0.36,0.33,-1.48,0.36,0.33,-1.48,117.8,41.2,94.6,43.3,31.9,28.7,-88.4,-7.2,62.2,-156.0,14.8,23.4,-48.0,-10.7,50.1,-97.2,-0.3,1.1,-1.1,8.0,-7.9,-16.0,-12.6,-11.6,13.3,7.1,0.1,-2.8,2,3
78,1.56,-0.0,15.52,0.42,0.79,-0.01,-9.0,43.7,0.0,51.42,79.0,8.17,12.47,0.88,0.38,-0.13,0.32,1.73,-0.19,-1.5,0.76,0.81,-2.02,0.76,0.81,-2.02,61.2,173.9,0.0,0.0,28.0,29.1,-88.3,-13.5,58.6,-151.8,11.7,25.0,-48.0,-8.6,55.0,-101.6,-8.2,2.3,1.1,12.6,-20.8,21.8,-8.1,7.6,22.8,-3.9,0.9,2.2,2,3
80,1.6,-0.0,15.91,0.45,0.81,-0.01,-9.26,44.83,0.0,52.74,81.0,8.19,12.48,0.89,0.39,-0.11,0.39,-3.43,-1.8,-2.13,-1.61,-3.97,-1.08,-1.61,-3.97,-1.08,115.3,0.0,0.0,0.0,25.9,31.1,-92.5,-25.7,39.4,-125.6,8.4,38.9,-48.0,-9.1,52.8,-91.2,-16.5,2.9,2.0,16.6,-9.0,-18.7,2.1,-10.4,22.8,-0.1,-4.9,2.7,1,3
82,1.64,-0.0,16.31,0.49,0.83,-0.01,-9.58,45.97,0.0,54.01,83.0,8.21,12.49,0.9,0.46,-0.18,0.19,-5.62,-1.76,-1.75,-3.2,-5.24,-0.06,-3.2,-5.24,-0.06,47.8,0.0,0.0,48.4,34.7,27.9,-89.8,-17.2,23.8,-156.0,14.5,36.4,-48.0,-5.5,43.7,-80.9,-11.9,8.9,7.4,5.9,15.1,-18.0,-1.8,-7.6,21.8,13.6,-4.3,-11.8,2,3
84,1.68,-0.0,16.71,0.53,0.85,-0.01,-9.74,47.09,0.0,55.43,85.0,8.23,12.5,0.9,0.47,-0.11,0.04,0.91,0.68,-0.58,0.3,0.84,-0.91,0.3,0.84,-0.91,0.0,0.0,58.0,42.5,42.8,18.1,-70.9,-7.2,46.8,-156.0,23.0,34.2,-48.0,2.1,48.6,-94.5,-15.1,9.6,1.3,5.5,-0.0,-19.7,-6.8,-18.4,20.7,13.3,-11.1,-5.7,2,3
86,1.72,-0.0,17.1,0.56,0.87,-0.01,-9.93,48.22,0.0,56.81,87.0,8.24,12.51,0.89,0.45,0.02,-0.16,3.68,2.7,-0.06,1.25,4.12,-1.51,1.25,4.12,-1.51,0.0,0.0,62.5,101.0,42.6,1.7,-70.5,-0.2,55.2,-156.0,24.2,24.0,-48.0,5.0,47.1,-109.4,2.0,11.2,-4.5,-0.5,-0.7,-19.7,-12.7,-17.6,8.6,5.3,-4.5,1.5,2,3
88,1.76,-0.0,17.5,0.61,0.88,-0.01,-10.11,49.36,0.0,58.23,89.0,8.26,12.52,0.88,0.54,-0.01,0.18,2.41,0.29,-1.62,1.35,1.17,-2.31,1.35,1.17,-2.31,0.0,53.8,121.6,102.9,38.9,12.0,-86.6,-2.7,58.9,-156.0,17.9,18.8,-48.0,1.5,48.9,-117.6,-3.0,-2.0,-1.0,9.3,-10.1,-19.7,-15.7,-18.7,10.6,4.8,-4.5,7.5,2,3
90,1.8,-0.0,17.9,0.65,0.9,-0.01,-10.24,50.49,0.0,59.7,91.0,8.28,12.53,0.89,0.52,0.04,0.22,3.21,0.55,-1.78,1.82,1.71,-2.74,1.82,1.71,-2.74,53.0,44.9,81.5,0.0,31.2,26.8,-95.5,-8.2,58.3,-156.0,12.3,19.1,-48.0,0.4,54.4,-112.7,-7.1,2.1,-2.0,14.5,-13.3,-13.4,-14.8,-10.3,21.7,-1.1,-2.0,1.3,2,3
92,1.84,-0.0,18.3,0.69,0.92,-0.01,-10.38,51.62,0.0,61.13,93.0,8.3,12.54,0.89,0.52,0.11,0.21,1.2,-0.65,-2.33,0.4,-0.19,-2.67,0.4,-0.19,-2.67,106.7,3.6,0.0,0.0,24.5,33.6,-98.6,-19.5,55.6,-152.1,2.8,26.4,-48.0,-6.8,59.8,-97.8,-13.2,1.1,-0.2,17.0,-16.6,1.6,1.6,2.9,22.8,-2.7,-7.9,7.2,2,3
94,1.88,-0.01,18.69,0.73,0.94,-0.01,-10.63,52.75,0.0,62.47,95.0,8.32,12.55,0.89,0.5,0.04,0.22,-4.02,-1.32,-1.98,-3.87,-2.54,-0.65,-3.87,-2.54,-0.65,47.7,0.0,0.0,0.0,28.5,36.1,-97.2,-17.4,51.6,-156.0,2.2,38.0,-48.0,-12.8,47.9,-68.7,-15.4,-1.6,5.2,16.6,-10.0,-17.8,1.4,-6.7,22.8,4.3,-2.5,1.9,2,3
96,1.92,-0.01,19.09,0.77,0.95,-0.01,-10.92,53.89,0.0,63.77,97.0,8.34,12.56,0.89,0.48,-0.01,0.15,-1.88,-1.03,-1.25,-1.77,-1.63,-0.6,-1.77,-1.63,-0.6,39.2,0.0,118.0,148.1,35.9,29.7,-85.1,-3.6,53.4,-156.0,9.7,34.6,-48.0,-1.5,44.2,-71.6,-8.1,-1.1,15.4,-0.8,2.0,-19.7,-1.5,-15.0,22.1,15.1,-12.4,-10.7,2,3
98,1.96,-0.01,19.49,0.8,0.97,-0.01,-11.14,55.02,0.0,65.14,99.0,8.35,12.56,0.89,0.37,0.07,-0.07,1.28,2.36,-0.29,0.55,2.48,-0.9,0.55,2.48,-0.9,0.0,0.0,78.1,39.3,41.6,8.0,-62.0,-2.3,55.4,-156.0,20.2,26.5,-48.0,10.1,53.3,-94.9,-3.8,4.9,-7.1,5.0,0.5,-19.7,-5.7,-17.8,15.3,5.1,-12.7,-7.7,2,3
100,2.0,-0.01,19.88,0.84,0.99,-0.01,-11.33,56.16,0.0,66.52,101.0,8.37,12.57,0.88,0.42,0.11,0.1,4.78,-0.05,-1.27,3.96,0.72,-2.87,3.96,0.72,-2.87,0.0,81.0,36.0,41.0,37.7,1.8,-75.0,-2.4,60.3,-156.0,17.6,21.3,-48.0,10.0,55.8,-103.7,1.8,12.7,-0.1,6.5,-4.2,-19.7,-13.2,-19.8,7.1,3.2,-11.9,-6.6,2,3
102,2.04,-0.01,20.28,0.87,1.0,-0.01,-11.4,57.28,0.0,68.01,103.0,8.38,12.57,0.88,0.38,0.16,0.1,2.47,-0.29,-1.82,1.64,0.13,-2.6,1.64,0.13,-2.6,0.0,54.8,66.0,0.0,35.1,24.5,-88.8,-9.2,60.7,-156.0,13.4,21.3,-48.0,6.8,59.4,-108.0,-3.1,1.5,-3.7,11.2,-7.4,-18.6,-16.3,-17.2,14.2,-0.1,1.6,-1.4,2,3
104,2.08,-0.01,20.67,0.9,1.02,-0.01,-11.55,58.39,0.0,69.42,105.0,8.4,12.58,0.88,0.34,0.21,0.14,1.95,-1.03,-2.2,1.01,-0.56,-2.89,1.01,-0.56,-2.89,89.8,173.7,0.0,0.0,25.7,39.0,-98.4,-18.4,58.5,-153.6,6.0,25.4,-48.0,0.4,62.7,-105.2,-9.5,0.5,0.2,14.1,-20.7,22.0,-2.9,10.7,22.8,-5.7,4.7,5.9,2,3
106,2.12,-0.01,21.07,0.92,1.04,-0.01,-11.86,59.52,0.0,70.68,107.0,8.41,12.59,0.88,0.3,0.23,0.25,-4.37,-2.53,-2.11,-5.02,-1.88,-1.07,-5.02,-1.88,-1.07,72.5,0.0,0.0,0.0,23.0,42.5,-105.6,-31.8,39.1,-124.8,4.3,45.6,-48.0,-9.3,61.7,-80.2,-14.8,-2.5,5.0,17.9,-4.9,-19.2,0.7,-13.0,22.8,0.7,-8.2,0.8,1,3
108,2.16,-0.01,21.46,0.95,1.05,-0.01,-12.21,60.67,0.0,71.92,109.0,8.43,12.6,0.89,0.33,0.15,0.26,-6.23,-2.75,-1.17,-6.63,-1.9,0.36,-6.63,-1.9,0.36,39.8,0.0,0.0,44.9,33.1,34.5,-96.8,-15.1,34.1,-156.0,13.1,40.2,-48.0,-1.3,48.3,-72.7,-10.2,4.2,11.2,6.0,7.1,-18.0,0.2,-6.5,22.4,11.3,-5.0,-12.6,2,3
110,2.2,-0.01,21.86,0.97,1.07,-0.01,-12.39,61.81,0.0,73.31,111.0,8.44,12.6,0.9,0.23,0.18,0.11,0.52,0.5,-0.6,0.49,0.28,-0.75,0.49,0.28,-0.75,0.0,0.0,52.4,50.7,40.4,18.9,-66.3,-4.0,49.7,-156.0,24.4,36.2,-48.0,11.3,59.7,-90.6,-6.8,6.1,-0.1,3.9,-2.4,-19.7,-9.2,-17.3,21.4,9.3,-16.6,-9.2,2,3
112,2.24,-0.01,22.26,0.98,1.09,-0.01,-12.64,62.95,0.0,74.64,113.0,8.45,12.61,0.89,0.15,0.3,-0.16,2.56,3.39,0.07,3.02,2.8,-1.01,3.02,2.8,-1.01,0.0,0.0,57.7,34.6,43.7,2.5,-65.1,1.4,55.0,-156.0,27.6,21.4,-48.0,18.1,54.7,-109.5,1.7,7.4,-4.5,2.2,-2.0,-19.7,-11.2,-15.7,16.0,0.6,-5.4,0.5,2,3
114,2.28,-0.01,22.65,1.0,1.11,-0.01,-12.83,64.1,0.0,76.01,115.0,8.46,12.62,0.89,0.17,0.33,0.14,2.94,0.17,-1.35,2.42,-0.39,-2.11,2.42,-0.39,-2.11,0.0,40.1,56.7,120.3,39.0,7.7,-84.6,-1.8,57.9,-156.0,20.2,15.0,-48.0,14.6,52.8,-113.5,-3.9,-4.0,-2.1,9.2,-14.9,-19.7,-14.1,-17.2,15.3,1.0,-6.8,6.8,2,3
116,2.32,-0.01,23.05,1.01,1.13,-0.01,-12.91,65.24,0.0,77.5,117.0,8.47,12.63,0.89,0.08,0.38,0.16,1.65,0.15,-1.72,1.1,-0.07,-2.12,1.1,-0.07,-2.12,0.0,54.2,132.1,0.0,29.2,17.7,-98.6,-8.1,55.1,-156.0,14.5,14.7,-48.0,10.2,51.9,-107.1,-2.9,-0.1,-2.9,15.9,-15.2,-19.7,-17.9,-18.3,21.7,-2.2,0.7,-0.5,2,3
118,2.36,-0.01,23.44,1.01,1.15,-0.01,-13.01,66.37,0.0,78.95,119.0,8.48,12.64,0.9,0.04,0.39,0.06,1.61,-0.68,-2.05,0.67,-0.72,-2.51,0.67,-0.72,-2.51,37.4,0.0,12.7,0.0,21.8,23.1,-105.1,-15.1,52.9,-156.0,6.9,17.3,-48.0,-1.9,52.7,-101.7,-6.3,1.6,5.1,17.5,-12.8,-5.3,-3.8,4.6,22.8,-4.8,-0.6,3.0,2,3
120,2.4,-0.01,23.84,1.01,1.17,-0.01,-13.21,67.51,0.0,80.31,121.0,8.49,12.66,0.9,0.04,0.35,0.07,-2.03,-1.75,-1.7,-2.89,-0.37,-1.25,-2.89,-0.37,-1.25,114.2,69.9,0.0,0.0,26.1,24.7,-95.6,0.9,59.7,-156.0,5.7,28.1,-48.0,-17.5,45.8,-78.6,-14.5,9.7,0.1,7.3,-4.0,-19.8,-0.4,-4.3,22.8,8.7,-5.3,-0.1,2,3
122,2.44,-0.01,24.24,1.02,1.19,-0.01,-13.45,68.67,0.0,81.65,123.0,8.5,12.67,0.9,0.04,0.29,-0.15,-0.63,-1.89,-1.39,-1.72,-1.19,-1.24,-1.72,-1.19,-1.24,20.8,0.0,44.7,25.5,31.3,27.3,-85.5,5.3,62.3,-156.0,8.1,33.7,-48.0,-9.4,41.9,-79.6,-9.0,5.8,5.9,-3.0,0.7,-19.7,-2.2,-15.4,21.7,16.2,-8.7,-5.7,2,3
124,2.48,-0.01,24.63,1.02,1.21,-0.01,-13.58,69.83,0.0,83.1,125.0,8.5,12.68,0.89,-0.11,0.3,-0.37,-1.37,1.24,-0.78,-0.59,1.82,-0.62,-0.59,1.82,-0.62,5.1,0.0,51.9,33.8,38.8,19.1,-72.7,-0.9,61.4,-156.0,16.8,31.7,-48.0,0.1,49.1,-96.7,-1.8,0.9,-5.0,5.5,-3.3,-19.7,-7.3,-19.5,16.9,6.8,-9.0,-5.0,2,3
126,2.52,-0.01,25.03,1.02,1.23,-0.01,-13.76,70.99,0.0,84.48,127.0,8.5,12.69,0.88,-0.07,0.3,-0.16,5.4,-0.27,-0.99,3.95,-3.1,-2.23,3.95,-3.1,-2.23,0.0,77.0,92.8,121.3,40.6,10.1,-82.9,4.0,59.1,-156.0,16.8,22.3,-48.0,2.7,48.8,-107.3,-0.5,7.5,-4.3,7.3,-8.3,-19.7,-7.2,-20.3,18.2,10.6,-8.3,2.9,2,3
128,2.56,-0.01,25.42,1.02,1.24,-0.01,-13.85,72.14,0.0,85.95,129.0,8.5,12.7,0.88,-0.2,0.24,0.09,0.75,-0.11,-1.55,0.29,-0.26,-1.68,0.29,-0.26,-1.68,0.0,43.9,95.4,10.9,34.8,15.4,-94.7,-1.1,59.9,-156.0,13.9,21.2,-48.0,0.4,50.0,-109.3,-2.3,5.0,-0.2,11.0,-8.1,-19.7,-18.8,-20.3,15.6,1.5,-1.0,1.1,2,3
130,2.6,-0.01,25.81,1.02,1.26,-0.01,-13.89,73.29,0.0,87.47,131.0,8.5,12.71,0.89,-0.23,0.22,0.06,1.66,-0.08,-1.66,0.99,-0.75,-1.99,0.99,-0.75,-1.99,0.0,58.4,74.5,0.0,29.5,20.0,-99.3,-5.7,57.6,-156.0,8.7,21.6,-48.0,-4.6,47.5,-106.8,-6.5,3.2,-1.9,16.6,-14.9,-14.4,-13.1,-16.1,22.4,-2.5,3.6,0.4,2,3
132,2.64,-0.01,26.2,1.02,1.28,-0.01,-14.01,74.43,0.0,88.9,133.0,8.5,12.73,0.89,-0.24,0.16,0.01,-1.31,-0.96,-1.77,-1.72,0.67,-1.53,-1.72,0.67,-1.53,0.0,92.9,25.3,0.0,28.2,23.0,-98.6,-2.9,58.3,-156.0,7.9,23.7,-48.0,-13.2,45.5,-99.3,-9.1,7.9,3.9,14.7,2.0,-19.8,-2.2,-0.1,22.8,0.4,-6.9,2.4,2,3
134,2.68,-0.01,26.6,1.02,1.3,-0.01,-14.18,75.59,0.0,90.3,135.0,8.5,12.73,0.89,-0.09,0.13,-0.2,1.54,-2.79,-1.89,-1.28,-2.63,-2.27,-1.28,-2.63,-2.27,139.4,6.3,10.2,136.8,32.2,34.3,-91.2,10.5,77.0,-156.0,9.5,32.9,-48.0,-17.5,38.6,-90.4,-14.0,19.6,3.0,-8.6,-2.9,-19.7,3.7,-6.1,21.9,13.4,2.0,-3.7,2,3
136,2.72,-0.01,26.99,1.02,1.31,-0.01,-14.33,76.77,0.0,91.75,137.0,8.5,12.74,0.88,-0.12,0.1,-0.49,-2.04,-2.18,-1.46,-2.94,0.5,-1.45,-2.94,0.5,-1.45,14.8,0.0,61.7,38.0,34.1,59.4,-96.0,-3.5,83.0,-156.0,9.9,47.1,-48.0,-20.1,51.4,-83.9,-5.3,-9.8,1.1,4.9,-7.0,-19.7,-10.3,-17.6,18.5,10.7,-9.5,-6.7,2,3
138,2.76,-0.01,27.39,1.02,1.32,-0.01,-14.5,77.96,0.0,93.17,139.0,8.5,12.75,0.86,-0.38,0.03,-0.56,-0.24,1.25,-0.92,0.91,0.9,-0.9,0.91,0.9,-0.9,0.0,0.0,67.2,58.5,39.3,54.4,-98.7,0.0,70.6,-156.0,12.0,49.7,-48.0,-18.9,56.4,-85.9,-4.1,-4.2,2.9,9.0,-3.2,-19.7,-14.7,-20.8,14.8,11.4,-11.8,-3.3,2,3
140,2.8,-0.01,27.78,1.02,1.34,-0.01,-14.74,79.14,0.0,94.51,141.0,8.49,12.77,0.86,-0.38,0.03,0.13,-3.76,2.89,-0.44,0.53,4.73,0.12,0.53,4.73,0.12,0.0,79.7,84.8,83.8,35.4,28.7,-94.2,7.7,70.3,-156.0,12.9,40.0,-48.0,-14.4,49.3,-82.5,1.0,-0.9,1.2,10.4,-11.7,-19.7,-18.4,-21.1,16.2,6.5,-11.4,-12.0,2,3
142,2.84,-0.01,28.18,1.02,1.35,-0.01,-14.91,80.3,0.0,95.92,143.0,8.48,12.77,0.87,-0.12,-0.04,0.24,0.67,1.77,-1.12,1.7,0.52,-1.29,1.7,0.52,-1.29,0.0,0.0,85.8,43.0,38.6,18.1,-81.3,1.8,63.4,-156.0,13.0,32.0,-48.0,-11.4,43.1,-86.7,-3.6,2.4,1.5,12.2,-13.2,-18.5,-18.4,-21.3,18.2,2.9,-5.3,-10.1,2,3
144,2.88,-0.01,28.57,1.02,1.36,-0.01,-14.99,81.44,0.0,97.4,145.0,8.48,12.78,0.88,-0.08,-0.04,0.1,0.42,1.46,-1.27,1.33,0.64,-1.32,1.33,0.64,-1.32,0.0,0.0,61.8,0.0,36.8,19.0,-79.0,-2.6,59.6,-156.0,7.8,29.0,-48.0,-13.3,40.0,-102.4,-5.5,3.8,0.6,12.9,-9.7,-7.8,-3.3,-11.4,22.2,-3.7,-4.4,-0.9,2,3
146,2.92,-0.01,28.97,1.02,1.38,-0.01,-15.11,82.58,0.0,98.83,147.0,8.48,12.78,0.88,0.03,-0.04,-0.04,-0.79,-0.1,-1.48,-0.61,1.08,-1.12,-0.61,1.08,-1.12,97.4,81.8,0.0,19.7,39.1,23.8,-85.1,-0.1,59.9,-156.0,11.5,30.2,-48.0,-16.9,27.8,-103.1,-15.2,12.6,-2.6,4.1,7.0,-19.8,1.7,-1.0,22.6,8.3,3.1,5.4,2,3
148,2.96,-0.01,29.36,1.03,1.4,-0.01,-15.24,83.73,0.0,100.26,149.0,8.48,12.77,0.87,0.19,0.0,-0.23,2.32,-0.97,-1.23,-0.34,-2.09,-1.83,-0.34,-2.09,-1.83,125.0,0.0,0.0,115.6,36.7,44.0,-97.8,-3.0,68.1,-156.0,16.4,30.8,-48.0,-23.8,32.7,-93.0,-16.3,5.2,3.8,-3.2,-1.2,-19.7,-6.6,-4.4,21.0,16.1,-3.0,1.9,2,3
150,3.0,-0.01,29.76,1.04,1.41,-0.01,-15.42,84.88,0.0,101.65,151.0,8.48,12.77,0.86,0.12,-0.06,-0.34,0.07,0.85,-0.8,0.78,0.41,-0.77,0.78,0.41,-0.77,0.0,0.0,109.7,98.5,32.7,56.8,-105.5,-8.9,67.1,-156.0,11.9,34.2,-48.0,-28.6,38.6,-86.6,2.8,-10.7,4.4,2.9,-1.8,-19.7,-13.6,-17.6,9.7,14.8,-4.5,-4.1,2,3
152,3.04,-0.01,30.15,1.05,1.42,-0.01,-15.5,86.02,0.0,103.11,153.0,8.48,12.77,0.85,0.01,-0.06,0.22,-1.49,0.31,-1.05,-0.18,1.78,-0.49,-0.18,1.78,-0.49,0.0,72.4,83.1,79.9,36.4,44.1,-97.8,-3.7,65.9,-156.0,15.9,30.0,-48.0,-23.6,40.3,-89.2,-1.3,1.7,1.2,6.2,-1.5,-19.7,-17.2,-20.4,12.6,12.7,-5.5,-7.9,2,3
154,3.08,-0.01,30.54,1.05,1.43,-0.01,-15.58,87.15,0.0,104.57,155.0,8.48,12.76,0.86,0.04,-0.02,0.11,0.3,0.29,-0.52,0.28,-0.03,-0.61,0.28,-0.03,-0.61,48.6,90.5,89.1,55.5,35.5,35.7,-94.1,-0.4,65.6,-156.0,19.4,25.9,-48.0,-18.0,43.7,-96.1,-3.9,4.7,-0.5,9.0,1.1,-19.7,-18.3,-21.2,16.2,9.0,-2.3,-6.7,2,3
156,3.12,-0.01,30.93,1.06,1.44,-0.01,-15.64,88.28,0.0,106.05,157.0,8.48,12.76,0.86,0.12,0.01,0.01,1.53,0.04,-1.16,0.21,-0.98,-1.64,0.21,-0.98,-1.64,0.0,71.5,84.8,9.1,33.8,31.5,-96.1,-0.1,66.2,-156.0,21.5,22.6,-48.0,-13.5,50.0,-105.9,-5.8,2.6,-1.7,15.2,-14.0,-9.1,-17.5,-17.2,22.1,1.1,-0.6,-0.3,2,3
158,3.16,-0.01,31.32,1.07,1.46,-0.01,-15.79,89.42,0.0,107.46,159.0,8.48,12.75,0.86,0.15,0.05,0.13,1.29,-0.3,-1.91,-0.2,-0.55,-2.25,-0.2,-0.55,-2.25,108.4,0.0,0.0,0.0,29.2,33.7,-97.4,-6.6,64.1,-155.7,17.8,25.9,-48.0,-18.3,48.4,-96.9,-12.3,3.7,1.1,13.9,-18.5,1.5,-3.9,5.1,22.8,0.1,-5.5,8.0,2,3
160,3.2,-0.01,31.71,1.08,1.47,-0.01,-15.92,90.56,0.0,108.89,161.0,8.48,12.74,0.87,0.2,0.05,0.15,-0.2,-0.79,-1.53,-0.83,0.66,-1.37,-0.83,0.66,-1.37,40.1,0.0,0.0,0.0,30.7,33.5,-90.2,-1.7,65.2,-156.0,12.8,36.5,-48.0,-18.9,37.6,-66.8,-13.7,3.2,4.7,3.5,-9.6,-19.8,1.5,-5.8,22.6,7.1,-3.0,-0.0,2,3
162,3.24,-0.01,32.1,1.1,1.48,-0.01,-16.09,91.7,0.0,110.28,163.0,8.48,12.74,0.87,0.19,0.05,-0.08,1.49,-0.01,-1.08,-0.02,-1.08,-1.49,-0.02,-1.08,-1.49,60.8,0.0,69.8,119.7,31.1,28.0,-79.4,-3.4,63.7,-156.0,11.5,35.8,-48.0,-16.9,42.1,-72.0,-8.1,5.3,3.6,-3.9,-2.3,-19.7,-7.6,-11.3,17.5,15.7,-13.2,-9.1,2,3
164,3.28,-0.01,32.49,1.12,1.5,-0.01,-16.22,92.84,0.0,111.7,165.0,8.49,12.73,0.86,0.2,0.09,0.04,0.84,0.75,-0.81,0.76,-0.53,-1.03,0.76,-0.53,-1.03,0.0,0.0,112.6,108.2,33.1,19.2,-78.5,-10.7,60.9,-156.0,13.0,29.6,-48.0,-15.1,47.5,-86.3,2.2,4.5,-1.8,2.7,-2.9,-19.7,-9.9,-19.4,10.0,12.4,-13.9,-11.8,2,3
166,3.32,-0.01,32.88,1.13,1.51,-0.01,-16.28,93.97,0.0,113.2,167.0,8.49,12.72,0.86,0.22,0.13,0.13,0.79,0.45,-1.06,0.45,-0.38,-1.27,0.45,-0.38,-1.27,0.0,0.0,103.9,85.0,33.6,21.9,-86.2,-5.3,63.5,-156.0,16.7,25.7,-48.0,-9.8,51.3,-92.1,0.8,3.1,0.5,3.9,-1.7,-19.7,-17.2,-19.9,7.2,5.8,-10.6,-8.7,2,3
168,3.36,-0.01,33.27,1.15,1.52,-0.01,-16.37,95.1,0.0,114.66,169.0,8.49,12.71,0.86,0.24,0.15,0.07,1.34,0.16,-1.34,0.16,-0.73,-1.75,0.16,-0.73,-1.75,12.5,72.8,88.9,14.4,30.7,31.1,-93.2,-6.6,64.6,-156.0,15.1,24.1,-48.0,-8.6,56.4,-101.4,-3.1,2.4,-3.5,11.1,-7.5,-13.3,-17.0,-18.2,16.7,3.1,0.1,-4.5,2,3
170,3.4,-0.01,33.66,1.17,1.53,-0.01,-16.52,96.22,0.0,116.04,171.0,8.5,12.7,0.86,0.24,0.2,0.17,1.05,-0.14,-1.89,0.02,-0.19,-2.16,0.02,-0.19,-2.16,76.4,170.1,5.4,0.0,26.5,34.4,-98.0,-14.8,61.5,-153.6,10.8,26.0,-48.0,-7.8,60.3,-103.6,-9.1,3.1,0.2,12.6,-20.8,22.1,-3.7,7.9,22.8,-3.4,1.4,6.4,2,3
172,3.44,-0.01,34.05,1.19,1.55,-0.01,-16.8,97.35,0.0,117.32,173.0,8.5,12.68,0.87,0.24,0.21,0.28,-3.4,-1.66,-2.38,-0.43,4.33,-1.01,-0.43,4.33,-1.01,126.3,0.0,0.0,0.0,25.1,37.9,-103.3,-27.6,42.7,-133.2,9.4,42.7,-48.0,-11.2,55.1,-77.5,-16.5,-3.0,5.2,18.4,-7.9,-19.4,0.4,-8.9,22.8,-0.6,-5.5,5.8,1,3
174,3.48,-0.01,34.44,1.21,1.56,-0.01,-17.21,98.28,0.0,118.27,175.0,8.51,12.67,0.88,0.33,0.11,0.38,-4.91,-2.96,-1.45,-1.25,5.76,0.54,-1.25,5.76,0.54,10.5,0.0,0.0,0.0,34.4,31.6,-90.3,-14.6,36.1,-156.0,14.9,42.9,-48.0,-4.0,44.2,-61.6,-13.6,3.4,16.7,7.7,8.3,-19.7,-0.4,-9.4,22.4,12.3,-3.9,-16.8,2,3
176,3.52,-0.01,34.84,1.24,1.58,-0.01,-17.39,99.4,0.0,119.64,177.0,8.51,12.65,0.89,0.24,0.17,0.14,0.27,-0.04,-0.61,-0.25,-0.07,-0.61,-0.25,-0.07,-0.61,0.0,0.0,43.8,60.6,40.9,14.2,-50.8,-3.2,51.7,-156.0,24.8,41.1,-48.0,7.7,60.6,-86.1,-5.8,4.6,-3.2,0.3,-0.5,-19.7,-9.3,-18.9,21.0,12.8,-17.6,-9.2,3,3
178,3.56,-0.01,35.23,1.25,1.6,-0.01,-17.66,100.52,0.0,120.91,179.0,8.52,12.64,0.88,0.15,0.33,-0.04,2.41,3.78,0.71,2.64,-3.57,-0.91,2.64,-3.57,-0.91,0.0,0.0,69.1,42.8,47.9,-6.1,-55.6,-7.6,56.9,-156.0,31.8,24.4,-48.0,18.8,57.5,-112.2,-0.6,10.1,-9.6,6.4,-3.3,-19.7,-15.1,-17.0,14.6,2.0,-6.6,-0.4,2,3
180,3.6,-0.01,35.63,1.27,1.61,-0.01,-17.86,101.64,0.0,122.27,181.0,8.52,12.63,0.88,0.3,0.33,0.1,3.69,1.36,-0.81,-0.12,-3.4,-2.14,-0.12,-3.4,-2.14,0.0,0.0,63.9,67.0,44.7,0.1,-89.5,-1.9,56.4,-156.0,23.7,18.6,-48.0,15.4,56.9,-115.3,-5.2,3.0,-1.3,6.7,-11.5,-19.7,-13.9,-20.6,16.3,4.4,-6.6,1.3,2,3
182,3.64,-0.01,36.03,1.29,1.63,-0.01,-17.97,102.77,0.0,123.73,183.0,8.53,12.61,0.89,0.3,0.37,0.19,2.78,-0.2,-1.85,-0.99,-1.59,-2.77,-0.99,-1.59,-2.77,0.0,39.5,127.6,0.0,31.8,25.0,-113.5,-6.2,59.0,-156.0,16.5,16.1,-48.0,12.3,61.6,-112.4,-2.0,1.5,-1.2,16.4,-17.2,-17.5,-18.9,-14.9,22.5,-5.3,0.3,2.9,2,3
184,3.68,-0.01,36.42,1.31,1.65,-0.01,-18.19,103.9,0.0,125.07,185.0,8.54,12.59,0.89,0.26,0.4,0.14,1.73,-1.1,-2.27,-1.11,-0.15,-2.84,-1.11,-0.15,-2.84,51.1,0.0,0.0,0.0,21.7,39.2,-115.7,-14.0,57.6,-155.1,7.9,23.5,-48.0,-4.9,65.7,-95.8,-12.3,-2.2,2.0,17.7,-17.7,2.2,1.3,10.2,22.8,-3.8,-4.8,8.3,2,3
186,3.72,-0.01,36.82,1.33,1.66,-0.01,-18.37,105.03,0.0,126.46,187.0,8.54,12.57,0.89,0.24,0.32,0.24,-3.22,-1.61,-1.47,0.96,3.74,-0.45,0.96,3.74,-0.45,56.1,0.0,0.0,0.0,26.8,39.6,-104.4,-0.1,61.5,-156.0,4.4,40.8,-48.0,-20.5,52.1,-60.0,-14.7,1.7,9.3,11.5,-3.4,-19.8,0.3,-9.7,22.8,8.3,-4.0,1.5,2,3
188,3.76,-0.01,37.21,1.35,1.68,-0.01,-18.83,106.18,0.0,127.57,189.0,8.54,12.56,0.9,0.22,0.27,-0.01,0.99,-1.47,-0.74,-1.62,0.39,-0.94,-1.62,0.39,-0.94,49.6,0.0,71.3,206.7,33.0,31.1,-80.2,12.3,63.8,-156.0,4.2,38.4,-48.0,-7.2,41.6,-65.7,-7.3,1.0,15.1,-4.8,0.2,-19.7,1.8,-13.7,22.6,14.4,-3.5,-15.7,2,3
190,3.8,-0.01,37.6,1.36,1.7,-0.01,-19.12,107.33,0.0,128.85,191.0,8.55,12.55,0.89,0.11,0.31,-0.3,-1.34,2.57,0.38,2.75,-0.79,0.61,2.75,-0.79,0.61,0.0,0.0,50.4,76.9,41.7,7.7,-53.9,3.2,60.9,-156.0,18.4,31.2,-48.0,8.8,53.7,-100.0,0.4,1.7,-9.4,4.7,-0.1,-19.7,-5.7,-18.5,17.2,3.5,-12.0,-4.2,2,3
192,3.84,-0.01,37.99,1.38,1.72,-0.01,-19.38,108.47,0.0,130.16,193.0,8.56,12.54,0.88,0.2,0.35,0.02,5.89,-0.7,-0.66,-3.97,-3.58,-2.67,-3.97,-3.58,-2.67,0.0,104.5,100.1,46.4,41.8,-0.7,-72.2,3.6,59.8,-156.0,17.4,22.3,-48.0,13.2,54.1,-114.9,3.1,12.2,0.4,5.3,-1.6,-19.7,-7.5,-19.9,10.5,4.2,-8.6,-1.4,2,3
194,3.88,-0.01,38.38,1.39,1.73,-0.01,-19.46,109.59,0.0,131.61,195.0,8.56,12.52,0.88,0.15,0.32,0.03,2.46,-0.42,-1.11,-1.48,-1.26,-1.91,-1.48,-1.26,-1.91,0.0,59.1,86.8,0.0,39.7,19.4,-88.2,-4.9,60.3,-156.0,11.3,21.2,-48.0,8.3,57.3,-118.3,-2.1,2.7,-1.4,9.8,-5.7,-18.5,-17.8,-18.3,12.2,-0.5,1.3,1.7,2,3
196,3.92,-0.01,38.78,1.4,1.75,-0.01,-19.57,110.7,0.0,133.03,197.0,8.56,12.51,0.88,0.09,0.32,0.13,1.86,-1.02,-1.42,-1.33,-0.4,-2.14,-1.33,-0.4,-2.14,0.0,157.1,0.0,0.0,28.8,35.9,-93.8,-15.5,57.5,-154.0,4.2,25.6,-48.0,1.9,60.4,-109.6,-5.4,-2.3,0.8,12.4,-20.4,20.4,-3.8,4.2,22.8,-5.5,3.3,5.5,2,3
198,3.96,-0.01,39.17,1.4,1.77,-0.01,-19.84,111.82,0.0,134.3,199.0,8.57,12.5,0.89,0.03,0.3,0.21,-3.86,-2.29,-1.39,1.96,4.22,-0.7,1.96,4.22,-0.7,38.7,0.0,0.0,0.0,26.8,40.0,-97.6,-26.3,41.9,-132.2,4.5,38.6,-48.0,-6.4,58.6,-88.1,-13.3,-1.4,2.8,15.6,-5.8,-18.9,-0.6,-11.9,22.8,1.5,-9.3,-2.0,1,3
200,4.0,-0.01,39.57,1.41,1.79,-0.02,-20.16,112.97,0.0,135.56,201.0,8.57,12.49,0.9,0.08,0.19,0.18,-5.09,-1.97,-0.71,2.94,4.64,0.27,2.94,4.64,0.27,37.4,0.0,191.0,72.6,34.9,36.4,-92.7,-14.6,37.0,-156.0,12.0,32.9,-48.0,-1.3,48.4,-80.9,-9.6,7.5,5.2,-0.4,6.9,-19.7,0.4,-3.0,22.6,11.7,-10.2,-5.1,2,3
202,4.04,-0.01,39.96,1.41,1.81,-0.02,-20.25,114.13,0.0,137.04,203.0,8.57,12.48,0.9,0.01,0.22,-0.04,-0.1,0.45,-0.36,0.37,-0.24,-0.38,0.37,-0.24,-0.38,23.0,0.0,45.8,39.6,40.0,29.0,-82.2,-7.3,51.8,-156.0,20.4,32.3,-48.0,7.2,53.7,-90.0,-6.4,2.4,1.5,6.2,-3.2,-19.7,-7.2,-15.7,21.5,5.1,-12.9,-6.0,2,3
204,4.08,-0.01,40.36,1.41,1.83,-0.02,-20.36,115.28,0.0,138.5,205.0,8.58,12.48,0.89,-0.02,0.26,-0.32,2.27,2.67,0.06,-0.27,-3.45,-0.6,-0.27,-3.45,-0.6,0.0,0.0,58.2,60.6,40.3,17.1,-81.5,3.3,54.8,-156.0,21.4,21.7,-48.0,9.6,49.0,-101.5,0.4,4.1,0.3,0.7,0.0,-19.7,-9.6,-16.9,17.2,4.4,-5.7,-2.1,2,3
206,4.12,-0.01,40.75,1.42,1.85,-0.02,-20.48,116.43,0.0,139.94,207.0,8.59,12.47,0.89,-0.03,0.22,0.1,3.49,-0.73,-0.77,-2.96,-1.19,-1.76,-2.96,-1.19,-1.76,0.0,10.9,115.3,116.4,35.7,15.1,-82.7,0.1,60.0,-156.0,15.8,15.7,-48.0,7.0,48.8,-104.8,0.2,-5.0,0.1,8.4,-16.7,-19.7,-16.2,-16.9,14.3,2.0,-8.2,3.7,2,3
208,4.16,-0.01,41.14,1.42,1.86,-0.02,-20.55,117.56,0.0,141.41,209.0,8.59,12.46,0.89,-0.08,0.22,0.07,1.85,0.16,-0.96,-1.12,-1.05,-1.42,-1.12,-1.05,-1.42,0.0,24.6,47.2,24.1,29.1,14.5,-85.2,-7.7,57.3,-156.0,9.5,15.4,-48.0,3.2,48.2,-104.0,-3.8,0.6,-3.4,14.8,-14.2,-19.2,-16.4,-19.1,21.7,-0.9,-1.6,-0.4,2,3
210,4.2,-0.01,41.54,1.42,1.88,-0.02,-20.62,118.68,0.0,142.87,211.0,8.6,12.46,0.9,-0.12,0.21,0.06,0.49,-0.52,-1.26,-0.21,0.21,-1.42,-0.21,0.21,-1.42,69.2,36.2,40.5,10.7,25.9,16.9,-87.6,-12.6,54.5,-156.0,5.6,17.3,-48.0,-4.1,44.9,-102.8,-6.4,4.0,0.5,15.5,-12.2,-5.5,-4.8,-2.1,22.8,-3.5,-2.2,1.5,2,3
212,4.24,-0.01,41.93,1.42,1.9,-0.02,-20.7,119.82,0.0,144.34,213.0,8.61,12.45,0.9,-0.08,0.18,0.02,-2.27,-1.32,-1.28,1.8,2.15,-0.79,1.8,2.15,-0.79,105.9,0.0,0.0,98.0,28.4,21.4,-86.8,-10.8,52.5,-156.0,6.5,24.2,-48.0,-11.1,39.1,-94.8,-14.0,10.2,0.3,9.4,-0.5,-19.9,1.4,-5.4,22.8,7.3,-3.2,3.2,2,3
214,4.28,-0.01,42.33,1.42,1.92,-0.02,-20.8,120.97,0.0,145.81,215.0,8.61,12.45,0.9,0.01,0.15,-0.22,-1.06,-1.61,-1.07,0.56,1.94,-0.89,0.56,1.94,-0.89,86.8,0.0,43.3,30.4,31.2,35.2,-93.8,-4.7,59.6,-156.0,9.4,27.2,-48.0,-12.4,41.3,-87.3,-10.6,12.4,3.8,-2.9,0.3,-19.7,-1.7,-5.1,21.4,13.9,-5.5,-5.3,2,3
216,4.32,-0.01,42.73,1.42,1.94,-0.02,-20.91,122.14,0.0,147.29,217.0,8.62,12.44,0.88,-0.08,0.11,-0.5,-0.98,-0.32,-0.68,0.9,0.68,-0.51,0.9,0.68,-0.51,0.0,0.0,52.5,29.7,35.0,50.0,-97.4,-4.7,62.1,-156.0,10.1,35.9,-48.0,-11.7,48.3,-83.2,-2.5,-12.2,2.0,4.4,-3.3,-19.7,-6.3,-18.7,15.5,7.6,-8.4,-8.9,2,3
218,4.36,-0.01,43.12,1.42,1.96,-0.02,-20.99,123.3,0.0,148.78,219.0,8.63,12.44,0.86,-0.18,0.11,-0.32,0.41,1.06,0.06,-0.01,-1.14,-0.05,-0.01,-1.14,-0.05,69.2,54.5,49.7,106.4,37.8,39.6,-96.1,-1.4,66.2,-156.0,13.0,30.4,-48.0,-7.7,51.2,-89.0,-4.7,-1.7,1.1,8.9,-12.7,-19.7,-14.0,-20.0,18.7,9.5,-11.9,-4.6,2,3
220,4.4,-0.01,43.52,1.42,1.97,-0.02,-21.1,124.46,0.0,150.25,221.0,8.64,12.44,0.87,-0.29,0.11,0.27,0.24,-0.41,-0.49,-0.26,0.35,-0.53,-0.26,0.35,-0.53,0.0,39.5,55.6,52.2,33.9,27.3,-92.6,-0.7,64.9,-156.0,13.2,28.3,-48.0,-6.3,50.8,-89.0,-4.0,1.0,0.2,11.2,-8.3,-19.7,-17.6,-21.2,17.2,5.7,-5.9,-9.7,2,3
222,4.44,-0.01,43.92,1.42,1.99,-0.02,-21.13,125.62,0.0,151.79,223.0,8.65,12.44,0.88,-0.27,0.11,0.11,0.86,0.1,-0.43,-0.67,-0.34,-0.6,-0.67,-0.34,-0.6,0.0,0.0,85.8,26.0,30.6,22.9,-91.9,-2.6,61.6,-156.0,11.9,26.0,-48.0,-6.5,50.8,-94.5,-6.3,3.1,-1.7,16.5,-13.3,-18.5,-15.9,-20.0,22.0,-0.8,-4.1,-4.6,2,3
224,4.48,-0.01,44.32,1.42,2.0,-0.02,-21.21,126.78,0.0,153.27,225.0,8.66,12.44,0.89,-0.26,0.1,-0.01,-0.75,0.23,-0.99,0.99,0.04,-0.78,0.99,0.04,-0.78,0.0,82.5,54.1,23.6,29.4,22.3,-92.9,-3.0,60.8,-156.0,10.8,24.5,-48.0,-10.7,46.0,-96.7,-7.5,7.9,2.2,15.9,-1.6,-19.5,-3.4,-4.5,22.8,-3.4,-6.0,0.8,2,3
226,4.52,-0.01,44.72,1.42,2.02,-0.02,-21.34,127.94,0.0,154.72,227.0,8.67,12.44,0.88,-0.08,0.1,-0.2,0.79,-1.7,-1.25,-0.93,1.53,-1.36,-0.93,1.53,-1.36,144.6,39.5,0.0,84.8,33.0,33.7,-91.4,5.8,75.7,-156.0,13.3,30.3,-48.0,-16.9,41.3,-89.8,-15.6,18.1,3.0,-3.1,-0.6,-19.7,1.7,-0.4,22.1,11.4,-2.1,-2.0,2,3
228,4.56,-0.01,45.11,1.42,2.03,-0.02,-21.49,129.11,0.0,156.16,229.0,8.67,12.44,0.87,-0.07,0.05,-0.52,0.38,-2.04,-0.72,-0.7,1.92,-0.82,-0.7,1.92,-0.82,4.5,0.0,53.2,48.3,32.3,56.5,-90.0,-7.6,85.5,-156.0,11.4,42.3,-48.0,-22.6,52.1,-82.1,-6.1,-6.3,1.1,2.9,-8.8,-19.7,-8.9,-14.7,19.3,14.8,-9.5,-11.1,2,3
230,4.6,-0.01,45.51,1.42,2.05,-0.02,-21.72,130.29,0.0,157.51,231.0,8.68,12.44,0.85,-0.37,0.05,0.07,-1.38,1.22,0.05,1.58,-0.93,0.19,1.58,-0.93,0.19,0.0,0.0,95.2,70.2,41.4,49.7,-91.2,-6.4,71.1,-156.0,14.3,44.0,-48.0,-19.8,57.1,-84.9,-3.5,0.2,-2.7,2.9,-2.4,-19.7,-12.1,-21.1,14.8,14.1,-9.2,-8.8,2,3
232,4.64,-0.01,45.9,1.42,2.06,-0.02,-21.88,131.46,0.0,158.92,233.0,8.7,12.44,0.86,-0.4,0.04,0.04,-1.03,2.3,0.56,1.39,-2.09,0.61,1.39,-2.09,0.61,0.0,0.0,99.3,61.2,38.1,31.4,-98.0,2.1,67.9,-156.0,20.1,33.1,-48.0,-10.5,52.5,-84.1,-1.6,1.8,2.1,2.4,-7.5,-19.7,-17.8,-20.4,15.2,6.5,-9.6,-12.9,2,3
234,4.68,-0.01,46.3,1.42,2.07,-0.02,-21.99,132.61,0.0,160.38,235.0,8.71,12.44,0.87,-0.23,0.04,0.1,-0.06,1.06,-0.59,0.42,-0.98,-0.59,0.42,-0.98,-0.59,0.0,68.1,89.8,57.3,33.9,27.8,-96.8,0.6,66.6,-156.0,17.8,26.4,-48.0,-8.4,50.9,-88.5,-0.8,-4.8,-0.5,14.7,-13.0,-19.6,-19.7,-21.2,20.7,2.5,-9.4,-9.0,2,3
236,4.72,-0.01,46.7,1.42,2.09,-0.02,-22.09,133.75,0.0,161.84,237.0,8.72,12.44,0.87,-0.23,0.05,0.11,0.8,0.7,-0.94,-0.35,-0.75,-1.15,-0.35,-0.75,-1.15,0.0,57.8,74.5,0.0,32.9,27.1,-94.5,-4.7,61.7,-156.0,14.9,24.2,-48.0,-10.3,48.9,-99.5,-5.1,2.4,1.3,16.2,-12.8,-10.2,-10.8,-14.0,22.8,-4.6,-3.2,0.6,2,3
238,4.76,-0.01,47.09,1.42,2.1,-0.02,-22.24,134.9,0.0,163.24,239.0,8.72,12.44,0.88,-0.15,0.02,0.04,-0.76,-0.87,-0.91,0.87,1.03,-0.61,0.87,1.03,-0.61,109.7,100.9,0.0,0.0,34.5,28.5,-90.7,1.4,63.9,-156.0,15.7,27.2,-48.0,-20.5,36.2,-90.1,-13.3,8.4,0.7,9.8,7.9,-19.8,-1.4,-0.2,22.8,6.3,-0.5,4.8,2,3
240,4.8,-0.01,47.49,1.42,2.12,-0.02,-22.42,136.04,0.0,164.62,241.0,8.73,12.44,0.88,-0.02,0.03,-0.16,1.19,-1.77,-1.05,-1.08,1.72,-1.23,-1.08,1.72,-1.23,66.6,0.0,52.9,90.1,35.3,37.0,-86.0,3.7,80.1,-156.0,15.4,33.9,-48.0,-22.5,33.9,-80.9,-15.6,11.7,7.2,-5.2,-5.1,-19.7,-3.4,-4.8,21.3,17.1,-2.1,-2.2,2,3
242,4.84,-0.01,47.88,1.42,2.13,-0.02,-22.55,137.21,0.0,166.06,243.0,8.73,12.44,0.87,-0.09,0.03,-0.38,-1.01,-0.4,-0.57,1.07,0.49,-0.36,1.07,0.49,-0.36,0.0,0.0,66.0,123.1,36.5,40.7,-81.6,-11.5,72.5,-156.0,16.2,39.5,-48.0,-22.8,43.8,-90.2,2.1,-8.6,-5.0,4.1,-2.7,-19.7,-12.8,-18.1,14.1,14.2,-11.2,-4.4,2,3
244,4.88,-0.01,48.28,1.42,2.14,-0.02,-22.74,138.36,0.0,167.43,245.0,8.74,12.44,0.86,-0.12,0.06,0.03,2.39,0.86,-0.23,-2.23,-0.94,-0.78,-2.23,-0.94,-0.78,0.0,0.0,72.5,161.6,38.7,30.2,-90.8,-5.1,63.0,-156.0,17.5,34.6,-48.0,-20.7,44.5,-99.2,-0.3,5.5,-1.9,5.7,0.4,-19.7,-9.4,-21.1,17.3,17.1,-5.3,-2.1,2,3
246,4.92,-0.01,48.67,1.42,2.16,-0.02,-22.84,139.51,0.0,168.89,247.0,8.74,12.43,0.86,-0.07,0.03,0.08,0.97,1.11,-0.68,-0.71,-1.11,-0.95,-0.71,-1.11,-0.95,0.0,1.6,91.1,67.8,36.3,28.4,-99.3,1.8,65.6,-156.0,19.5,28.6,-48.0,-15.6,45.9,-100.9,-3.9,2.8,-0.0,7.2,-1.2,-19.7,-17.7,-21.5,15.1,10.8,-5.9,-9.4,2,3
248,4.96,-0.01,49.07,1.42,2.17,-0.02,-22.91,140.66,0.0,170.37,249.0,8.74,12.43,0.87,-0.02,0.03,0.04,0.9,0.53,-0.82,-0.61,-0.54,-1.05,-0.61,-0.54,-1.05,0.0,63.4,84.4,23.0,34.1,27.8,-100.3,-0.2,65.3,-156.0,17.0,26.5,-48.0,-13.8,48.2,-106.7,-3.4,2.5,1.8,13.2,-13.1,-11.9,-18.4,-19.0,21.9,2.6,-1.7,-0.3,2,3
250,5.0,-0.01,49.46,1.42,2.18,-0.02,-22.99,141.8,0.0,171.83,251.0,8.74,12.43,0.87,-0.03,0.03,0.13,0.19,0.17,-1.36,0.25,-0.24,-1.34,0.25,-0.24,-1.34,90.9,10.7,28.4,65.1,32.1,29.8,-93.4,-5.8,62.0,-155.0,13.4,27.7,-48.0,-15.7,46.5,-104.4,-8.1,3.4,2.5,10.4,-18.4,2.9,-0.8,-0.4,22.8,-0.0,-4.4,5.5,2,3
252,5.04,-0.01,49.86,1.42,2.2,-0.02,-23.09,142.94,0.0,173.29,253.0,8.74,12.43,0.88,-0.0,0.01,0.15,-1.19,-0.1,-1.3,1.56,-0.05,-0.83,1.56,-0.05,-0.83,96.0,0.0,0.0,70.9,36.0,33.3,-90.7,-4.8,58.5,-156.0,12.8,31.3,-48.0,-18.1,36.5,-87.2,-14.8,1.9,1.9,7.6,-4.8,-19.8,1.2,-1.8,22.8,7.4,-1.5,6.7,2,3
254,5.08,-0.01,50.25,1.42,2.21,-0.02,-23.16,144.07,0.0,174.76,255.0,8.74,12.43,0.88,0.06,-0.01,-0.07,1.13,-0.1,-0.77,-0.79,0.26,-1.09,-0.79,0.26,-1.09,90.9,0.0,58.6,101.9,37.1,35.1,-88.6,-2.8,58.7,-156.0,12.1,32.5,-48.0,-18.4,34.9,-83.3,-12.5,5.5,0.3,-3.3,-0.7,-19.7,-3.1,-8.8,20.4,15.3,-5.7,-4.9,2,3
256,5.12,-0.01,50.64,1.43,2.23,-0.02,-23.22,145.21,0.0,176.26,257.0,8.74,12.43,0.87,0.09,-0.02,-0.29,0.18,1.18,-0.18,-0.32,-1.14,-0.23,-0.32,-1.14,-0.23,27.9,0.0,103.6,114.6,35.6,33.8,-93.8,-5.8,60.7,-156.0,13.0,28.9,-48.0,-18.0,39.3,-89.7,-5.0,0.3,1.8,4.1,-1.6,-19.7,-9.3,-19.0,11.8,12.8,-12.1,-6.9,2,3
258,5.16,-0.01,51.03,1.43,2.24,-0.02,-23.3,146.35,0.0,177.72,259.0,8.74,12.43,0.87,0.05,-0.03,0.12,0.47,-0.47,-0.61,-0.12,0.49,-0.75,-0.12,0.49,-0.75,4.0,56.7,98.2,55.8,34.8,30.9,-91.5,-3.6,63.2,-156.0,14.3,26.1,-48.0,-15.8,43.7,-95.7,0.9,1.6,2.0,5.0,-1.4,-19.7,-16.6,-19.6,3.9,8.4,-6.0,-8.1,2,3
260,5.2,-0.01,51.43,1.44,2.26,-0.02,-23.34,147.48,0.0,179.23,261.0,8.73,12.44,0.87,0.1,-0.03,-0.02,0.79,0.09,-0.44,-0.58,0.02,-0.69,-0.58,0.02,-0.69,38.8,80.4,92.8,34.7,34.0,28.8,-88.3,-4.7,63.3,-156.0,15.5,23.4,-48.0,-13.1,47.9,-103.0,-4.3,2.2,-1.1,10.0,-4.4,-19.7,-17.3,-19.9,15.8,7.5,-1.5,-3.6,2,3
262,5.24,-0.01,51.82,1.45,2.27,-0.02,-23.4,148.61,0.0,180.71,263.0,8.73,12.44,0.87,0.11,-0.01,0.06,1.47,-0.38,-0.9,-0.93,0.53,-1.4,-0.93,0.53,-1.4,52.6,140.9,25.0,0.0,31.0,29.1,-90.2,-8.3,62.8,-155.5,14.3,23.5,-48.0,-11.4,52.9,-107.8,-5.7,3.8,-1.2,10.4,-20.2,19.5,-10.4,4.6,22.8,-2.6,1.9,2.5,2,3
264,5.28,-0.01,52.21,1.46,2.28,-0.02,-23.62,149.74,0.0,182.05,265.0,8.72,12.44,0.87,0.13,0.02,0.2,-4.0,-2.57,-2.02,5.0,1.06,-0.75,5.0,1.06,-0.75,73.8,0.0,0.0,0.0,29.2,33.7,-97.4,-25.4,43.5,-130.3,10.1,41.6,-48.0,-12.1,55.3,-92.3,-16.2,1.3,2.9,14.9,-14.2,-15.2,3.6,-10.1,22.8,0.3,-8.9,2.5,1,3
266,5.32,-0.01,52.61,1.47,2.3,-0.02,-24.02,150.88,0.0,183.2,267.0,8.71,12.44,0.88,0.2,-0.05,0.17,-5.02,-3.15,-1.44,5.96,1.27,0.21,5.96,1.27,0.21,0.0,0.0,0.0,88.4,36.8,31.3,-96.3,-18.5,27.0,-156.0,15.2,43.4,-48.0,-5.0,45.4,-75.1,-12.1,2.9,7.7,12.7,13.9,-14.0,-1.8,-10.4,22.2,8.3,-3.7,-6.2,2,3
268,5.36,-0.01,53.01,1.49,2.32,-0.02,-24.21,152.01,0.0,184.58,269.0,8.71,12.45,0.88,0.18,0.02,0.01,1.26,-0.21,-0.41,-0.99,0.75,-0.49,-0.99,0.75,-0.49,0.0,0.0,53.6,119.3,43.1,27.6,-76.4,-9.3,48.7,-156.0,21.4,41.6,-48.0,0.7,53.6,-85.7,-14.9,7.8,1.4,3.4,-1.2,-19.7,-7.4,-17.4,19.8,13.6,-13.3,-7.3,2,3
270,5.4,-0.01,53.41,1.5,2.33,-0.02,-24.4,153.15,0.0,185.95,271.0,8.7,12.44,0.88,0.1,0.17,-0.13,2.8,2.79,0.02,-3.54,-1.46,-0.98,-3.54,-1.46,-0.98,0.0,0.0,56.3,30.4,41.3,13.0,-74.8,-4.5,59.2,-156.0,20.3,32.7,-48.0,0.6,54.2,-100.1,-0.3,8.2,-7.3,2.8,-0.9,-19.7,-9.8,-18.0,11.3,7.3,-6.2,0.3,2,3
272,5.44,-0.01,53.8,1.51,2.35,-0.02,-24.59,154.29,0.0,187.33,273.0,8.69,12.44,0.88,0.15,0.12,0.3,1.95,0.2,-1.13,-1.49,0.53,-1.62,-1.49,0.53,-1.62,0.0,60.9,74.8,97.6,36.6,13.5,-90.1,-2.0,61.9,-156.0,13.7,24.7,-48.0,-2.9,51.5,-103.7,-2.4,2.4,1.1,9.8,-8.1,-19.7,-12.6,-19.9,9.4,8.5,-8.4,0.7,2,3
274,5.48,-0.01,54.2,1.52,2.36,-0.02,-24.66,155.44,0.0,188.83,275.0,8.68,12.44,0.88,0.15,0.15,0.16,0.82,0.71,-1.16,-0.71,-0.39,-1.37,-0.71,-0.39,-1.37,0.0,57.1,87.6,0.0,33.3,19.1,-95.4,-2.8,59.9,-156.0,11.0,24.0,-48.0,-2.5,50.2,-102.8,-6.8,5.3,-3.2,13.1,-5.8,-19.6,-16.6,-19.7,17.6,4.3,3.7,-1.2,2,3
276,5.52,-0.01,54.6,1.53,2.38,-0.02,-24.74,156.58,0.0,190.33,277.0,8.67,12.44,0.89,0.15,0.18,0.12,1.93,0.23,-1.39,-1.33,0.49,-1.92,-1.33,0.49,-1.92,0.0,49.8,60.2,0.0,27.4,24.0,-103.5,-7.5,58.7,-156.0,4.6,24.9,-48.0,0.2,53.4,-103.0,-9.4,5.8,-0.0,17.7,-12.3,-8.7,-6.8,-9.1,22.5,-9.1,1.2,2.1,2,3
278,5.56,-0.01,55.0,1.55,2.4,-0.02,-24.89,157.73,0.0,191.75,279.0,8.66,12.44,0.89,0.16,0.18,0.11,-1.33,-1.1,-1.48,2.02,-0.08,-1.03,2.02,-0.08,-1.03,133.9,45.1,0.0,0.0,26.8,28.2,-100.2,-3.9,60.3,-156.0,2.9,31.6,-48.0,-12.8,46.6,-86.2,-16.4,3.2,2.7,15.6,-9.9,-18.0,-0.3,-2.4,22.8,0.7,-1.7,8.0,2,3
280,5.6,-0.01,55.4,1.56,2.42,-0.02,-25.15,158.88,0.0,193.08,281.0,8.65,12.44,0.89,0.21,0.15,0.03,0.63,-2.06,-1.24,1.02,1.9,-1.25,1.02,1.9,-1.25,89.5,0.0,81.8,0.0,30.5,28.0,-87.7,10.0,64.8,-156.0,4.3,36.9,-48.0,-14.6,38.3,-73.0,-11.1,8.4,10.5,-7.0,-2.8,-19.7,0.8,-9.3,21.2,13.8,-3.3,-10.4,2,3
282,5.64,-0.01,55.8,1.57,2.44,-0.02,-25.29,160.04,0.0,194.52,283.0,8.65,12.44,0.89,0.11,0.14,-0.25,-1.31,0.67,-0.69,0.69,-1.4,-0.47,0.69,-1.4,-0.47,20.1,0.0,46.0,48.2,35.3,21.7,-69.0,0.9,64.0,-156.0,9.3,38.8,-48.0,-9.7,47.9,-90.4,-5.3,5.5,-4.7,5.0,-1.8,-19.7,-7.5,-18.3,16.5,12.5,-10.3,-6.5,2,3
284,5.68,-0.01,56.19,1.58,2.45,-0.02,-25.51,161.19,0.0,195.87,285.0,8.64,12.43,0.87,0.15,0.2,-0.08,3.85,0.74,-0.33,-3.2,1.84,-1.37,-3.2,1.84,-1.37,0.0,0.0,113.5,73.3,41.1,15.4,-77.9,0.0,60.0,-156.0,13.5,30.6,-48.0,-3.6,49.5,-103.5,-0.8,7.0,-1.2,7.2,-2.9,-19.7,-4.6,-20.1,13.0,9.8,-6.3,-1.6,2,3
286,5.72,-0.01,56.59,1.59,2.47,-0.02,-25.63,162.34,0.0,197.32,287.0,8.63,12.43,0.87,0.1,0.18,0.09,0.45,0.46,-1.03,-0.42,-0.25,-1.11,-0.42,-0.25,-1.11,0.0,54.3,35.1,59.0,37.0,19.9,-92.9,0.7,62.8,-156.0,12.1,27.7,-48.0,-2.9,52.0,-106.2,-3.8,2.6,-0.4,6.8,-4.0,-19.7,-14.9,-20.6,11.7,5.2,-7.2,-2.5,2,3
288,5.76,-0.01,56.98,1.6,2.48,-0.02,-25.69,163.48,0.0,198.82,289.0,8.62,12.43,0.88,0.1,0.18,0.07,1.79,0.34,-1.21,-1.22,0.66,-1.7,-1.22,0.66,-1.7,0.0,37.9,31.1,0.0,33.4,22.6,-99.2,-3.5,61.5,-156.0,7.8,27.5,-48.0,-5.0,51.3,-106.5,-4.5,4.1,3.1,12.4,-12.1,-8.0,-16.0,-16.4,18.9,0.8,1.9,-1.2,2,3
290,5.8,-0.01,57.38,1.61,2.5,-0.02,-25.81,164.61,0.0,200.25,291.0,8.62,12.43,0.88,0.08,0.19,0.16,-0.47,-0.49,-1.62,0.91,-0.49,-1.42,0.91,-0.49,-1.42,120.3,35.9,0.0,0.0,29.0,28.2,-96.5,-12.8,56.7,-151.5,1.5,31.8,-48.0,-7.4,53.7,-101.7,-11.8,2.2,2.4,13.5,-17.6,6.7,2.6,-0.7,22.8,-3.0,-6.7,4.2,2,3
292,5.84,-0.01,57.78,1.61,2.51,-0.02,-26.07,165.76,0.0,201.55,293.0,8.61,12.43,0.89,0.1,0.18,0.18,-3.04,-1.01,-1.29,2.81,-1.97,-0.37,2.81,-1.97,-0.37,49.5,0.0,60.0,0.0,32.7,30.5,-93.0,-12.1,51.2,-156.0,4.7,33.5,-48.0,-9.2,45.4,-85.6,-11.7,2.5,3.8,13.6,2.5,-18.1,0.6,-4.5,22.7,3.4,-5.0,7.1,2,3
294,5.88,-0.01,58.17,1.63,2.53,-0.02,-26.24,166.9,0.0,202.96,295.0,8.6,12.43,0.89,0.15,0.19,-0.07,0.66,-0.26,-0.79,-0.01,0.55,-0.9,-0.01,0.55,-0.9,38.5,0.0,80.1,36.5,36.0,29.4,-85.1,-1.4,58.3,-156.0,10.0,36.1,-48.0,-5.5,47.6,-83.5,-9.8,6.5,7.0,-3.0,2.1,-19.7,-2.1,-14.3,20.1,12.6,-9.2,-8.6,2,3
296,5.92,-0.01,58.57,1.64,2.55,-0.02,-26.33,168.05,0.0,204.44,297.0,8.59,12.42,0.88,0.12,0.2,-0.32,1.37,1.89,-0.43,-2.22,-0.08,-0.83,-2.22,-0.08,-0.83,0.0,0.0,95.4,95.7,36.7,22.0,-81.6,-2.3,61.4,-156.0,11.5,31.1,-48.0,-3.2,51.4,-95.2,-4.1,4.0,-2.1,3.8,-2.4,-19.7,-6.7,-18.9,14.1,8.1,-11.9,-5.9,2,3
298,5.96,-0.01,58.97,1.64,2.56,-0.02,-26.43,169.19,0.0,205.9,299.0,8.58,12.42,0.87,0.07,0.19,0.22,1.37,-0.47,-1.09,-0.15,1.04,-1.48,-0.15,1.04,-1.48,0.0,52.3,83.5,85.1,34.2,21.4,-85.6,-1.9,63.9,-156.0,9.9,27.2,-48.0,-3.5,52.7,-98.8,-0.8,3.5,0.4,6.4,-4.5,-19.7,-12.5,-20.0,8.8,6.6,-9.2,-3.4,2,3
300,6.0,-0.01,59.36,1.65,2.58,-0.02,-26.5,170.33,0.0,207.39,301.0,8.57,12.42,0.88,0.08,0.19,0.05,0.2,0.57,-0.93,-0.47,-0.4,-0.92,-0.47,-0.4,-0.92,0.0,74.7,84.3,23.1,32.3,23.9,-88.6,-4.6,61.4,-156.0,8.8,26.0,-48.0,-3.9,52.0,-100.0,-5.6,3.3,-3.3,12.0,-3.4,-19.7,-14.4,-20.7,15.7,5.6,-0.0,-3.9,2,3
302,6.04,-0.01,59.76,1.66,2.59,-0.02,-26.55,171.47,0.0,208.89,303.0,8.56,12.42,0.88,0.08,0.19,0.04,0.87,0.34,-1.24,-0.54,0.16,-1.44,-0.54,0.16,-1.44,0.0,63.3,63.5,0.0,30.8,24.1,-95.6,-8.0,59.7,-156.0,7.3,24.9,-48.0,-3.0,52.3,-103.7,-6.7,3.6,2.9,14.0,-15.2,-3.2,-11.6,-10.5,22.1,-2.8,-1.2,-1.5,2,3
304,6.08,-0.01,60.16,1.66,2.61,-0.02,-26.64,172.6,0.0,210.35,305.0,8.56,12.42,0.88,0.07,0.19,0.11,-0.73,-0.54,-1.55,0.92,-0.93,-1.22,0.92,-0.93,-1.22,131.3,0.0,0.0,25.3,30.2,27.2,-93.6,-11.4,56.6,-156.0,5.0,29.1,-48.0,-10.0,47.3,-97.9,-13.9,4.6,1.4,14.5,-14.3,-12.3,0.8,-3.0,22.8,0.6,-4.7,5.3,2,3
306,6.12,-0.01,60.55,1.67,2.63,-0.02,-26.77,173.74,0.0,211.79,307.0,8.55,12.43,0.89,0.12,0.17,0.06,-0.95,-0.76,-1.01,1.17,-0.86,-0.64,1.17,-0.86,-0.64,88.0,0.0,10.7,96.9,33.2,29.4,-90.9,-5.2,57.8,-156.0,7.1,31.0,-48.0,-11.4,42.0,-84.6,-12.8,5.6,5.8,6.4,-0.5,-19.7,0.3,-6.2,21.6,7.5,-4.2,-1.2,2,3
308,6.16,-0.01,60.95,1.68,2.64,-0.02,-26.89,174.88,0.0,213.23,309.0,8.54,12.43,0.88,0.08,0.15,-0.13,0.86,0.3,-0.72,-0.45,0.47,-0.96,-0.45,0.47,-0.96,33.3,0.0,95.1,109.2,36.2,23.9,-76.4,-1.9,61.7,-156.0,9.7,31.1,-48.0,-8.2,46.4,-93.2,-6.9,-0.9,7.1,0.2,-2.0,-19.7,-4.4,-16.8,19.0,13.1,-13.4,-8.5,2,3
310,6.2,-0.01,61.35,1.68,2.66,-0.02,-27.08,176.02,0.0,214.6,311.0,8.53,12.43,0.88,0.09,0.19,0.09,1.87,-0.52,-0.49,0.0,1.67,-1.11,0.0,1.67,-1.11,0.0,41.6,105.9,125.8,36.3,13.3,-70.2,-3.1,61.2,-156.0,12.1,24.3,-48.0,-3.3,50.5,-106.9,2.0,7.1,-4.9,2.8,-4.6,-19.7,-8.8,-20.0,11.0,9.0,-12.6,-3.9,2,3
312,6.24,-0.01,61.74,1.69,2.68,-0.02,-27.17,177.16,0.0,216.06,313.0,8.53,12.43,0.88,0.08,0.2,0.03,1.13,0.41,-1.14,-0.61,0.53,-1.45,-0.61,0.53,-1.45,73.2,72.0,87.7,47.3,35.1,22.3,-82.4,-4.5,60.0,-156.0,12.5,22.8,-48.0,-2.3,51.3,-108.8,-3.8,1.8,-1.2,7.8,-3.1,-19.7,-14.2,-19.9,10.6,2.7,-5.6,-2.2,2,3
314,6.28,-0.01,62.14,1.7,2.69,-0.02,-27.2,178.29,0.0,217.58,315.0,8.52,12.43,0.88,0.08,0.19,0.03,0.96,-0.02,-0.97,-0.16,0.53,-1.25,-0.16,0.53,-1.25,69.3,74.1,88.9,6.8,33.0,26.9,-91.6,-7.7,59.6,-156.0,9.9,22.6,-48.0,-3.8,51.4,-109.3,-6.8,2.8,-5.3,14.8,-6.2,-16.6,-16.4,-19.2,20.8,3.4,1.4,1.3,2,3
316,6.32,-0.01,62.54,1.7,2.71,-0.02,-27.29,179.42,0.0,219.04,317.0,8.51,12.43,0.88,0.09,0.2,0.06,1.19,-0.55,-1.42,0.3,0.66,-1.79,0.3,0.66,-1.79,98.0,69.3,21.2,0.0,29.5,32.0,-97.3,-13.3,58.0,-155.6,6.0,25.0,-48.0,-5.9,54.2,-104.1,-11.3,2.3,-1.2,14.9,-18.6,9.8,-3.3,2.6,22.8,-4.0,-1.1,5.0,2,3
318,6.36,-0.01,62.93,1.71,2.72,-0.02,-27.44,180.55,0.0,220.44,319.0,8.5,12.44,0.88,0.09,0.14,0.08,-2.58,-1.51,-1.39,1.76,-2.72,-0.57,1.76,-2.72,-0.57,40.5,0.0,0.0,0.0,30.4,35.6,-97.2,-17.0,52.8,-156.0,4.7,33.5,-48.0,-10.5,47.3,-81.1,-13.6,1.6,4.0,14.2,-3.1,-19.6,1.8,-6.0,22.8,3.6,-3.8,1.3,2,3
320,6.4,-0.01,63.33,1.72,2.74,-0.02,-27.63,181.7,0.0,221.83,321.0,8.5,12.44,0.88,0.12,0.11,-0.07,0.16,-0.97,-1.02,1.02,-0.03,-0.99,1.02,-0.03,-0.99,43.4,0.0,68.7,88.1,34.7,35.4,-89.8,-3.6,60.1,-156.0,8.8,34.2,-48.0,-5.9,48.1,-79.2,-9.0,5.6,11.7,-4.2,3.0,-19.7,-2.8,-12.1,19.7,12.2,-11.0,-10.9,2,3
322,6.44,-0.01,63.73,1.73,2.76,-0.02,-27.79,182.85,0.0,223.24,323.0,8.49,12.44,0.87,0.07,0.15,-0.32,0.99,1.72,-0.6,-1.74,0.73,-0.85,-1.74,0.73,-0.85,25.7,0.0,96.4,118.3,37.3,24.7,-75.8,-4.9,63.9,-156.0,11.3,30.9,-48.0,-2.3,53.7,-96.9,-2.9,2.6,-5.3,5.8,-3.4,-19.7,-7.0,-18.3,15.7,7.8,-14.2,-4.3,2,3
324,6.48,-0.01,64.12,1.73,2.77,-0.02,-27.89,184.0,0.0,224.69,325.0,8.49,12.44,0.87,0.02,0.16,0.22,0.68,-0.47,-1.25,0.43,0.27,-1.41,0.43,0.27,-1.41,0.0,57.3,85.7,71.5,34.5,23.8,-81.8,-3.9,62.6,-156.0,10.5,27.4,-48.0,-1.6,54.9,-99.6,-0.7,3.8,0.5,7.9,-3.6,-19.7,-14.6,-19.6,9.7,4.5,-9.6,-4.6,2,3
326,6.52,-0.01,64.52,1.73,2.79,-0.02,-27.95,185.14,0.0,226.19,327.0,8.48,12.44,0.88,0.04,0.15,0.01,0.42,0.73,-1.14,-0.78,0.1,-1.18,-0.78,0.1,-1.18,47.3,89.5,87.1,20.3,32.8,25.2,-85.5,-6.5,60.8,-156.0,8.5,26.1,-48.0,-2.9,53.2,-99.2,-5.6,1.4,-4.7,11.5,-2.9,-19.7,-13.5,-20.7,13.9,5.2,-2.1,-4.8,2,3
328,6.56,-0.01,64.92,1.74,2.8,-0.02,-28.01,186.27,0.0,227.68,329.0,8.47,12.45,0.88,0.04,0.15,0.07,1.42,-0.11,-1.39,0.1,0.86,-1.79,0.1,0.86,-1.79,105.7,74.2,67.0,0.0,31.2,26.0,-90.0,-9.5,60.0,-156.0,6.6,25.1,-48.0,-2.1,54.2,-103.4,-9.1,5.6,-4.1,14.7,-14.5,-0.2,-11.4,-10.6,21.8,-2.9,0.8,-0.1,2,3
330,6.6,-0.01,65.32,1.74,2.82,-0.02,-28.14,187.4,0.0,229.1,331.0,8.47,12.45,0.88,0.04,0.17,0.09,-1.51,-0.99,-1.91,0.46,-2.18,-1.39,0.46,-2.18,-1.39,125.3,0.0,0.0,0.0,29.5,30.7,-91.4,-17.4,54.2,-151.7,3.0,31.3,-48.0,-8.7,52.0,-95.8,-15.3,2.7,-0.2,15.4,-17.0,-6.3,2.2,-0.3,22.8,-0.7,-7.0,4.7,2,3
332,6.64,-0.02,65.71,1.74,2.84,-0.02,-28.31,188.55,0.0,230.49,333.0,8.46,12.46,0.88,0.08,0.12,0.06,-2.85,-1.62,-1.19,0.87,-3.37,-0.31,0.87,-3.37,-0.31,41.3,0.0,0.0,67.7,34.8,32.0,-88.4,-12.4,51.4,-156.0,6.6,35.6,-48.0,-9.5,42.7,-78.7,-12.3,7.7,3.8,8.0,5.3,-19.7,0.2,-6.9,21.9,8.9,-4.1,-4.5,2,3
334,6.68,-0.02,66.11,1.75,2.85,-0.03,-28.43,189.69,0.0,231.94,335.0,8.46,12.46,0.88,0.04,0.13,-0.17,0.87,0.27,-0.92,-0.0,0.66,-1.12,-0.0,0.66,-1.12,30.3,0.0,72.8,53.0,38.3,28.5,-78.0,-4.4,61.6,-156.0,10.3,34.5,-48.0,-5.1,49.1,-87.3,-7.9,7.5,1.0,-0.3,-2.5,-19.7,-7.2,-12.6,19.5,12.0,-14.1,-5.8,2,3
336,6.72,-0.02,66.51,1.76,2.87,-0.03,-28.55,190.84,0.0,233.38,337.0,8.45,12.46,0.87,0.1,0.19,-0.09,3.55,0.19,-0.45,0.87,3.17,-1.42,0.87,3.17,-1.42,0.0,15.3,85.4,79.2,38.1,21.4,-76.2,-2.7,61.2,-156.0,11.6,28.9,-48.0,-2.5,52.9,-99.1,0.4,2.3,-3.1,3.2,-3.3,-19.7,-6.4,-19.4,15.2,8.0,-9.5,-3.1,2,3
338,6.76,-0.02,66.91,1.76,2.88,-0.03,-28.63,191.99,0.0,234.86,339.0,8.45,12.47,0.88,-0.0,0.19,0.09,-0.03,0.78,-1.09,-0.84,-0.05,-1.04,-0.84,-0.05,-1.04,0.0,56.7,33.9,90.0,35.4,21.8,-86.7,-3.7,61.2,-156.0,11.9,26.8,-48.0,-1.1,53.7,-99.7,-4.1,-0.6,-0.7,8.2,-7.2,-19.7,-13.9,-19.9,13.2,4.9,-10.0,-2.6,2,3
340,6.8,-0.02,67.31,1.76,2.9,-0.03,-28.7,193.13,0.0,236.36,341.0,8.44,12.47,0.88,0.01,0.19,0.07,0.84,0.5,-1.05,-0.28,0.62,-1.27,-0.28,0.62,-1.27,0.0,67.6,31.2,7.0,34.2,21.4,-95.2,-5.7,59.0,-156.0,10.7,24.5,-48.0,-1.2,50.8,-98.1,-6.7,2.6,-3.5,14.6,-5.9,-19.7,-17.0,-20.8,18.1,3.3,1.1,-4.3,2,3
342,6.84,-0.02,67.71,1.76,2.91,-0.03,-28.77,194.27,0.0,237.84,343.0,8.43,12.47,0.88,0.02,0.2,0.05,1.47,0.15,-1.38,0.22,0.92,-1.79,0.22,0.92,-1.79,0.0,47.4,40.2,1.8,29.6,24.3,-102.9,-9.8,58.1,-156.0,6.5,24.6,-48.0,-2.2,52.2,-102.9,-8.6,3.6,0.2,17.7,-10.2,-13.2,-8.5,-13.7,22.5,-5.6,-1.8,1.9,2,3
344,6.88,-0.02,68.1,1.76,2.93,-0.03,-28.9,195.41,0.0,239.27,345.0,8.43,12.48,0.88,0.03,0.18,0.02,-1.21,-1.08,-1.46,0.13,-1.93,-1.03,0.13,-1.93,-1.03,62.5,80.7,0.0,0.0,29.5,27.4,-99.1,-4.5,61.0,-156.0,7.5,28.3,-48.0,-13.7,43.0,-90.6,-14.3,6.8,2.6,14.9,-2.0,-19.7,-1.3,0.5,22.8,2.7,-1.5,5.8,2,3
346,6.92,-0.02,68.5,1.77,2.95,-0.03,-29.07,196.57,0.0,240.68,347.0,8.42,12.48,0.88,0.11,0.17,-0.05,0.5,-2.07,-1.5,1.84,-1.01,-1.54,1.84,-1.01,-1.54,105.0,17.1,58.5,95.0,32.3,32.0,-89.3,7.0,70.7,-156.0,8.7,35.5,-48.0,-17.2,40.1,-81.5,-12.5,7.3,9.9,-4.4,-2.8,-19.7,-1.0,-11.8,20.8,14.9,-8.7,-2.2,2,3
348,6.96,-0.02,68.9,1.77,2.96,-0.03,-29.19,197.73,0.0,242.13,349.0,8.42,12.49,0.88,0.02,0.17,-0.3,-0.91,0.42,-0.96,-0.95,-0.65,-0.77,-0.95,-0.65,-0.77,9.6,0.0,59.5,54.4,36.3,30.2,-75.8,-3.2,69.0,-156.0,10.6,39.2,-48.0,-15.5,47.4,-93.4,-3.9,-2.0,-3.5,4.7,-3.6,-19.7,-8.6,-18.9,14.6,12.2,-11.2,-5.5,2,3
350,7.0,-0.02,69.29,1.77,2.98,-0.03,-29.35,198.88,0.0,243.53,351.0,8.41,12.49,0.87,0.0,0.2,0.01,3.34,0.31,-0.52,1.61,2.66,-1.35,1.61,2.66,-1.35,0.0,46.2,111.1,119.2,37.5,23.1,-80.5,0.3,64.6,-156.0,12.0,32.9,-48.0,-12.5,48.9,-103.1,-0.4,7.2,-2.2,4.1,-1.8,-19.7,-7.4,-20.9,12.5,14.2,-7.3,-3.5,2,3
352,7.04,-0.02,69.69,1.77,2.99,-0.03,-29.43,200.03,0.0,245.02,353.0,8.4,12.5,0.87,-0.02,0.19,0.04,0.18,0.48,-1.11,-0.46,0.21,-1.11,-0.46,0.21,-1.11,0.0,63.1,20.5,32.0,36.1,24.9,-90.8,-0.1,64.4,-156.0,12.7,30.0,-48.0,-10.3,49.9,-104.6,-3.1,3.9,-0.1,7.5,-3.8,-19.7,-16.8,-20.7,11.7,5.8,-3.8,-4.5,2,3
354,7.08,-0.02,70.09,1.77,3.0,-0.03,-29.46,201.18,0.0,246.54,355.0,8.4,12.5,0.87,-0.0,0.18,0.03,0.89,0.18,-1.14,0.18,0.54,-1.34,0.18,0.54,-1.34,0.0,44.2,39.9,0.0,33.3,26.3,-94.3,-3.7,63.4,-156.0,9.5,29.3,-48.0,-11.1,50.4,-106.6,-5.8,3.7,0.5,12.4,-14.3,-2.2,-15.3,-14.2,21.2,1.6,2.0,-0.5,2,3
356,7.12,-0.02,70.48,1.77,3.02,-0.03,-29.58,202.32,0.0,247.97,357.0,8.39,12.51,0.87,-0.02,0.19,0.1,-0.2,-0.16,-1.5,-0.38,-0.51,-1.38,-0.38,-0.51,-1.38,109.1,0.0,0.0,0.0,30.6,30.2,-94.9,-11.0,59.3,-153.2,5.2,32.2,-48.0,-11.5,52.0,-99.3,-13.2,1.8,1.6,14.1,-17.0,0.1,0.7,-2.1,22.8,-2.3,-7.6,5.4,2,3
358,7.16,-0.02,70.88,1.77,3.03,-0.03,-29.76,203.47,0.0,249.35,359.0,8.39,12.51,0.88,0.03,0.14,0.06,-1.66,-1.17,-1.0,-0.59,-2.12,-0.51,-0.59,-2.12,-0.51,83.1,0.0,9.6,51.6,33.2,31.5,-91.2,-2.6,62.2,-156.0,6.8,34.6,-48.0,-11.8,43.9,-80.4,-12.0,7.0,7.5,9.5,6.1,-19.7,0.2,-7.6,21.8,6.2,-0.4,-3.3,2,3
360,7.2,-0.02,71.28,1.78,3.05,-0.03,-29.92,204.63,0.0,250.77,361.0,8.39,12.52,0.87,0.05,0.14,-0.25,0.97,-0.78,-0.98,1.05,-0.14,-1.18,1.05,-0.14,-1.18,67.4,0.0,45.6,100.0,35.0,30.4,-76.0,3.4,68.7,-156.0,7.9,38.6,-48.0,-11.0,50.2,-84.6,-9.2,3.5,4.2,-3.1,-2.1,-19.7,-3.2,-14.5,18.7,14.3,-12.0,-10.0,2,3
362,7.24,-0.02,71.67,1.78,3.06,-0.03,-30.1,205.78,0.0,252.15,363.0,8.38,12.52,0.86,-0.0,0.15,-0.1,1.6,0.41,-0.68,0.81,1.19,-1.05,0.81,1.19,-1.05,0.0,9.2,76.5,80.7,36.9,23.8,-74.9,-2.5,64.9,-156.0,10.2,33.7,-48.0,-7.4,55.2,-97.6,0.1,3.8,-2.1,4.5,-3.7,-19.7,-10.4,-19.1,12.2,8.8,-10.5,-3.4,2,3
364,7.28,-0.02,72.07,1.78,3.08,-0.03,-30.17,206.93,0.0,253.64,365.0,8.38,12.52,0.87,-0.06,0.14,0.16,-0.01,0.22,-0.99,-0.36,0.05,-0.95,-0.36,0.05,-0.95,0.0,19.9,34.1,74.4,34.7,25.2,-84.7,-1.4,64.4,-156.0,10.3,32.1,-48.0,-6.3,54.7,-97.1,-3.4,1.8,0.3,5.5,-2.8,-19.7,-12.9,-20.4,9.7,6.1,-8.9,-6.9,2,3
366,7.32,-0.02,72.46,1.78,3.09,-0.03,-30.22,208.08,0.0,255.14,367.0,8.37,12.53,0.87,-0.02,0.13,-0.05,0.76,0.64,-0.99,-0.02,0.82,-1.13,-0.02,0.82,-1.13,0.0,66.3,23.7,26.4,33.7,23.2,-89.5,-4.2,63.0,-156.0,9.4,29.3,-48.0,-5.9,53.5,-98.8,-4.3,3.5,0.7,11.7,-5.3,-18.8,-17.7,-20.7,15.7,4.9,-1.9,-6.1,2,3
368,7.36,-0.02,72.86,1.78,3.1,-0.03,-30.26,209.21,0.0,256.65,369.0,8.37,12.53,0.87,-0.03,0.12,0.03,0.87,0.15,-1.27,0.25,0.44,-1.46,0.25,0.44,-1.46,0.0,53.3,56.5,0.4,31.3,23.9,-90.8,-7.4,62.0,-156.0,6.8,28.9,-48.0,-6.9,54.0,-101.9,-8.1,5.2,1.5,13.3,-16.4,2.0,-7.6,-10.7,22.5,-1.9,-1.2,-0.5,2,3
370,7.4,-0.02,73.25,1.78,3.12,-0.03,-30.33,210.35,0.0,258.13,371.0,8.37,12.54,0.88,-0.05,0.11,0.07,-1.26,0.32,-1.57,-1.68,-0.43,-1.07,-1.68,-0.43,-1.07,115.3,0.0,0.0,39.7,32.0,27.5,-90.2,-10.6,58.5,-156.0,5.0,31.6,-48.0,-10.7,48.3,-95.7,-15.4,5.4,1.8,12.9,-9.6,-16.3,3.2,-3.1,22.8,1.1,-4.9,4.8,2,3
372,7.44,-0.02,73.65,1.78,3.13,-0.03,-30.41,211.49,0.0,259.6,373.0,8.37,12.54,0.88,-0.0,0.1,-0.0,-0.9,-0.04,-1.14,-1.09,-0.55,-0.78,-1.09,-0.55,-0.78,98.5,0.0,43.1,81.3,35.8,30.2,-90.6,-6.7,58.2,-156.0,7.2,31.4,-48.0,-11.0,42.6,-85.9,-13.0,6.3,6.4,4.0,2.1,-19.7,0.3,-6.3,21.3,9.5,-4.8,-0.8,2,3
374,7.48,-0.02,74.05,1.78,3.15,-0.03,-30.48,212.64,0.0,261.09,375.0,8.36,12.54,0.87,0.02,0.08,-0.19,1.54,0.18,-0.5,1.13,0.66,-0.97,1.13,0.66,-0.97,16.5,0.0,90.2,127.6,36.3,26.0,-84.3,-4.8,60.8,-156.0,8.7,30.3,-48.0,-9.0,46.5,-93.3,-5.2,2.7,1.5,1.5,-2.3,-19.7,-5.6,-16.1,17.1,10.7,-14.3,-5.8,2,3
376,7.52,-0.02,74.44,1.78,3.16,-0.03,-30.55,213.78,0.0,262.57,377.0,8.36,12.54,0.87,-0.01,0.08,0.01,0.05,0.04,-0.96,-0.26,-0.04,-0.93,-0.26,-0.04,-0.93,0.0,43.2,29.5,73.6,35.2,24.4,-84.5,-5.1,61.2,-156.0,9.7,28.1,-48.0,-7.1,49.7,-97.1,-1.6,4.9,1.4,4.2,-2.1,-19.7,-12.0,-19.8,8.4,7.7,-9.1,-5.6,2,3
378,7.56,-0.02,74.84,1.78,3.18,-0.03,-30.58,214.92,0.0,264.09,379.0,8.36,12.55,0.87,-0.01,0.08,-0.0,0.76,-0.07,-0.95,0.41,0.09,-1.15,0.41,0.09,-1.15,40.1,68.9,28.0,47.0,34.3,25.9,-86.4,-6.2,61.0,-156.0,8.6,27.7,-48.0,-7.3,50.4,-99.0,-3.9,1.1,-2.6,9.7,-1.9,-19.7,-12.8,-20.6,13.2,6.2,-5.0,-5.4,2,3
380,7.6,-0.02,75.24,1.78,3.19,-0.03,-30.62,216.06,0.0,265.6,381.0,8.36,12.55,0.87,0.0,0.07,-0.01,0.95,-0.19,-0.87,0.63,0.03,-1.14,0.63,0.03,-1.14,55.0,61.1,27.6,17.7,31.8,26.9,-92.0,-6.9,61.8,-156.0,7.9,27.2,-48.0,-5.9,53.5,-103.7,-6.5,3.1,-3.3,14.8,-9.7,-12.9,-14.9,-19.1,21.5,2.0,-1.7,-0.9,2,3
382,7.64,-0.02,75.63,1.78,3.21,-0.03,-30.73,217.19,0.0,267.03,383.0,8.36,12.55,0.87,0.0,0.09,0.02,0.39,-0.38,-1.33,0.01,-0.28,-1.41,0.01,-0.28,-1.41,110.2,56.1,20.1,0.0,29.7,29.2,-94.7,-10.7,60.6,-155.7,6.0,29.1,-48.0,-9.0,52.8,-100.8,-12.7,4.0,-0.4,14.6,-18.8,7.8,-2.0,0.8,22.8,-2.5,-1.6,6.4,2,3
384,7.68,-0.02,76.03,1.78,3.22,-0.03,-30.91,218.33,0.0,268.42,385.0,8.36,12.56,0.88,0.04,0.07,0.04,-1.98,-1.42,-1.04,-1.91,-1.77,-0.47,-1.91,-1.77,-0.47,42.5,0.0,0.0,133.5,31.4,31.1,-94.0,-10.8,57.7,-156.0,7.1,34.8,-48.0,-11.8,44.4,-80.6,-12.6,3.4,3.3,10.8,-6.6,-19.9,0.7,-5.3,22.8,4.5,-2.5,1.1,2,3
386,7.72,-0.02,76.43,1.78,3.24,-0.03,-30.99,219.49,0.0,269.9,387.0,8.36,12.56,0.88,0.03,0.06,-0.08,0.3,-0.45,-0.76,0.19,-0.45,-0.79,0.19,-0.45,-0.79,37.5,0.0,35.5,103.8,34.7,30.1,-87.7,-3.4,60.3,-156.0,10.9,35.4,-48.0,-8.6,46.9,-80.0,-9.0,4.7,7.9,-4.4,0.9,-19.7,-3.1,-11.1,20.0,13.6,-12.0,-9.5,2,3
388,7.76,-0.02,76.82,1.79,3.25,-0.03,-31.15,220.64,0.0,271.31,389.0,8.36,12.56,0.87,0.06,0.1,-0.2,2.04,0.18,-0.46,1.82,0.41,-0.96,1.82,0.41,-0.96,0.0,0.0,83.3,133.8,36.9,22.1,-77.3,-5.8,61.0,-156.0,12.6,31.6,-48.0,-5.9,52.8,-94.1,-1.7,6.2,-4.6,4.8,-2.2,-19.7,-6.4,-18.5,15.8,10.4,-12.7,-6.7,2,3
390,7.8,-0.02,77.22,1.79,3.27,-0.03,-31.22,221.79,0.0,272.81,391.0,8.36,12.56,0.87,-0.02,0.09,0.06,0.5,0.29,-0.79,0.25,0.35,-0.88,0.25,0.35,-0.88,0.0,42.5,36.0,84.4,34.3,24.1,-84.4,-3.9,63.5,-156.0,12.8,28.6,-48.0,-4.2,55.6,-97.0,-1.3,2.9,1.4,5.5,-3.4,-19.7,-16.8,-19.7,8.3,4.1,-10.9,-4.7,2,3
392,7.84,-0.02,77.62,1.79,3.28,-0.03,-31.28,222.93,0.0,274.29,393.0,8.36,12.57,0.87,-0.02,0.08,0.04,0.6,0.23,-0.89,0.31,0.31,-1.0,0.31,0.31,-1.0,0.0,71.9,35.5,27.4,32.5,26.0,-87.7,-6.7,62.4,-156.0,10.7,27.2,-48.0,-5.3,54.3,-97.7,-4.3,1.5,-3.1,11.6,-3.1,-19.7,-16.6,-20.5,14.2,5.4,-1.8,-5.0,2,3
394,7.88,-0.02,78.01,1.79,3.3,-0.03,-31.31,224.07,0.0,275.82,395.0,8.36,12.57,0.87,-0.02,0.07,0.02,0.61,0.18,-0.91,0.31,0.26,-1.04,0.31,0.26,-1.04,0.0,60.2,36.2,6.9,30.5,26.6,-94.8,-8.0,61.9,-156.0,9.5,26.3,-48.0,-4.2,55.4,-100.7,-8.6,3.8,-1.1,15.8,-13.2,-9.0,-13.2,-16.9,22.1,-1.7,-1.8,-1.4,2,3
396,7.92,-0.02,78.41,1.79,3.31,-0.03,-31.37,225.21,0.0,277.3,397.0,8.36,12.57,0.88,-0.03,0.06,0.06,-0.3,0.11,-1.25,-0.66,0.24,-1.09,-0.66,0.24,-1.09,119.9,0.0,30.3,52.6,29.4,28.7,-96.1,-9.9,60.6,-156.0,7.5,27.8,-48.0,-8.2,51.4,-96.5,-11.6,4.6,3.6,14.7,-11.9,-14.7,-0.9,-2.7,22.8,-1.5,-7.8,2.6,2,3
398,7.96,-0.02,78.81,1.79,3.33,-0.03,-31.42,226.34,0.0,278.8,399.0,8.36,12.57,0.88,0.0,0.05,0.02,-0.28,-0.11,-1.21,-0.64,0.01,-1.08,-0.64,0.01,-1.08,106.9,28.4,26.3,91.7,32.0,32.2,-93.8,-5.9,61.5,-156.0,7.2,29.7,-48.0,-11.2,46.0,-87.7,-12.2,11.5,2.9,3.2,1.3,-19.7,1.2,-4.8,21.7,9.2,-6.2,-0.5,2,3
400,8.0,-0.02,79.2,1.79,3.34,-0.03,-31.47,227.49,0.0,280.3,401.0,8.36,12.58,0.88,0.04,0.03,-0.17,0.89,-0.48,-0.63,0.6,-0.51,-0.89,0.6,-0.51,-0.89,49.5,16.8,81.3,104.4,33.4,34.9,-91.5,-5.1,65.3,-156.0,7.5,31.7,-48.0,-10.9,48.5,-89.2,-7.1,3.3,4.4,0.6,-1.4,-19.7,-5.3,-12.6,19.0,11.3,-11.9,-7.1,2,3
402,8.04,-0.02,79.6,1.79,3.36,-0.03,-31.55,228.62,0.0,281.78,403.0,8.36,12.58,0.87,-0.03,0.03,0.08,-0.81,-0.44,-0.8,-1.06,-0.25,-0.54,-1.06,-0.25,-0.54,32.9,68.3,54.6,71.4,34.1,30.9,-89.9,-6.1,63.2,-156.0,9.5,28.3,-48.0,-7.9,51.6,-94.9,-2.2,0.7,0.6,5.1,-2.6,-19.7,-11.8,-19.9,9.1,6.4,-10.8,-6.3,2,3
404,8.08,-0.02,80.0,1.79,3.37,-0.03,-31.59,229.76,0.0,283.28,405.0,8.36,12.58,0.87,-0.03,0.03,-0.02,0.45,0.26,-0.77,0.24,0.27,-0.86,0.24,0.27,-0.86,42.3,81.5,44.6,47.0,34.0,28.9,-88.9,-6.8,61.7,-156.0,10.3,26.9,-48.0,-6.2,52.1,-97.0,-3.7,2.0,-0.9,8.4,-1.6,-19.7,-12.1,-20.6,12.1,5.5,-6.7,-8.6,2,3
406,8.12,-0.02,80.39,1.79,3.39,-0.03,-31.65,230.9,0.0,284.77,407.0,8.36,12.58,0.87,-0.02,0.02,-0.01,1.36,-0.08,-0.8,1.02,-0.21,-1.19,1.02,-0.21,-1.19,50.9,69.7,40.9,28.2,31.3,28.8,-91.6,-8.1,62.2,-156.0,8.8,26.1,-48.0,-5.6,54.8,-102.6,-4.7,0.6,-0.3,13.8,-7.3,-14.5,-16.6,-19.2,19.8,2.3,-3.5,-2.6,2,3
408,8.16,-0.02,80.79,1.79,3.4,-0.03,-31.71,232.02,0.0,286.24,409.0,8.36,12.58,0.87,-0.02,0.03,0.04,0.76,-0.28,-1.25,0.29,-0.19,-1.45,0.29,-0.19,-1.45,72.8,91.9,34.9,22.6,28.9,30.1,-92.2,-12.3,60.9,-155.7,6.0,27.3,-48.0,-8.1,55.2,-103.3,-9.6,3.9,-1.2,14.1,-19.0,9.8,-4.7,0.0,22.8,-3.0,-2.7,4.6,2,3
410,8.2,-0.02,81.18,1.79,3.42,-0.03,-31.8,233.16,0.0,287.7,411.0,8.36,12.58,0.88,-0.03,0.01,0.12,-3.12,-0.55,-1.41,-3.39,0.57,-0.45,-3.39,0.57,-0.45,39.9,0.0,0.0,46.3,32.3,33.9,-93.9,-15.1,54.4,-156.0,6.7,32.6,-48.0,-11.9,46.9,-90.2,-14.3,2.5,3.3,11.7,-4.2,-19.9,1.4,-5.4,22.8,6.0,-4.8,3.0,2,3
412,8.24,-0.02,81.58,1.79,3.43,-0.03,-31.87,234.31,0.0,289.2,413.0,8.36,12.58,0.88,0.03,0.03,-0.02,-0.25,-0.21,-0.68,-0.48,-0.08,-0.58,-0.48,-0.08,-0.58,48.0,0.0,29.7,84.4,36.8,35.9,-92.3,-8.0,55.2,-156.0,9.6,33.0,-48.0,-9.4,44.8,-85.1,-12.4,5.1,3.1,-1.9,2.9,-19.7,-1.5,-9.1,20.4,11.7,-7.7,-5.5,2,3
414,8.28,-0.02,81.98,1.8,3.45,-0.03,-31.94,235.46,0.0,290.7,415.0,8.36,12.58,0.88,0.08,0.07,-0.23,1.3,0.49,-0.45,1.22,0.06,-0.8,1.22,0.06,-0.8,35.3,0.0,54.2,113.7,35.9,31.5,-90.6,-7.4,59.4,-156.0,10.8,30.6,-48.0,-8.0,48.8,-93.1,-5.0,5.7,-0.8,3.8,-1.8,-19.7,-9.0,-16.7,12.9,8.6,-12.5,-2.8,2,3
416,8.32,-0.02,82.38,1.8,3.46,-0.03,-32.0,236.6,0.0,292.19,417.0,8.36,12.59,0.87,0.01,0.06,0.16,0.8,-0.59,-0.84,0.25,-0.7,-1.06,0.25,-0.7,-1.06,37.1,60.7,43.3,80.1,34.0,29.8,-91.4,-6.4,61.7,-156.0,9.7,27.9,-48.0,-7.8,50.5,-95.2,0.1,3.1,0.5,5.9,-0.1,-19.7,-14.3,-19.8,5.6,6.4,-9.4,-5.3,2,3
418,8.36,-0.02,82.77,1.8,3.48,-0.03,-32.05,237.74,0.0,293.69,419.0,8.36,12.59,0.87,0.04,0.05,-0.04,0.67,0.35,-0.62,0.57,0.18,-0.77,0.57,0.18,-0.77,35.7,79.9,41.5,25.9,32.6,28.2,-89.0,-7.8,61.6,-156.0,8.7,26.6,-48.0,-7.8,51.6,-98.4,-4.0,1.4,-0.8,10.5,-3.5,-19.7,-14.7,-20.2,12.5,4.9,-1.7,-5.2,2,3
420,8.4,-0.02,83.17,1.81,3.49,-0.03,-32.1,238.87,0.0,295.18,421.0,8.36,12.59,0.87,0.04,0.05,0.02,1.27,-0.14,-0.85,0.82,-0.45,-1.21,0.82,-0.45,-1.21,68.8,71.7,63.6,29.7,30.3,27.1,-88.2,-9.3,62.1,-156.0,7.6,26.2,-48.0,-6.1,55.3,-104.3,-6.8,3.2,-1.4,13.5,-17.8,5.3,-12.4,-8.4,22.3,-2.0,-4.2,-0.4,2,3
422,8.44,-0.02,83.57,1.81,3.51,-0.03,-32.19,240.0,0.0,296.64,423.0,8.37,12.59,0.88,0.01,0.06,0.13,-2.25,-0.69,-1.53,-2.58,0.76,-0.82,-2.58,0.76,-0.82,113.8,0.0,0.0,95.9,29.9,30.0,-89.6,-16.2,55.7,-152.6,6.1,31.0,-48.0,-10.7,51.7,-100.0,-13.9,4.3,4.0,12.9,-17.2,-9.2,1.3,-2.3,22.8,2.0,-7.6,3.4,2,3
424,8.48,-0.02,83.96,1.81,3.52,-0.03,-32.31,241.14,0.0,298.08,425.0,8.37,12.59,0.88,0.07,0.06,0.16,-2.83,-0.83,-1.1,-3.02,0.83,-0.22,-3.02,0.83,-0.22,49.2,0.0,78.4,76.8,37.2,34.0,-88.9,-12.7,49.1,-156.0,9.4,32.7,-48.0,-10.3,44.2,-89.7,-14.6,2.4,1.5,7.5,3.4,-19.7,0.1,-4.6,21.8,6.9,-4.3,0.5,2,3
426,8.52,-0.02,84.36,1.82,3.54,-0.03,-32.4,242.28,0.0,299.55,427.0,8.38,12.59,0.88,0.07,0.08,-0.09,0.98,0.24,-0.48,0.79,-0.29,-0.74,0.79,-0.29,-0.74,36.0,0.0,48.1,38.8,40.2,31.3,-79.4,-7.4,58.0,-156.0,11.2,34.1,-48.0,-8.2,45.8,-94.0,-10.4,3.2,4.2,-0.5,-2.4,-19.7,-4.1,-14.8,19.3,13.5,-10.1,-6.5,2,3
428,8.56,-0.02,84.76,1.83,3.56,-0.03,-32.53,243.43,0.0,300.98,429.0,8.38,12.59,0.88,0.12,0.13,-0.17,2.33,0.72,-0.1,2.2,-0.62,-0.83,2.2,-0.62,-0.83,9.9,0.0,104.3,112.5,39.4,23.3,-77.6,-5.5,59.5,-156.0,12.4,28.4,-48.0,-6.0,47.1,-104.5,-2.0,5.2,-5.1,3.2,-2.0,-19.7,-12.4,-19.0,11.2,7.8,-6.7,1.7,2,3
430,8.6,-0.02,85.15,1.83,3.57,-0.03,-32.64,244.57,0.0,302.44,431.0,8.38,12.6,0.88,0.04,0.11,0.11,0.49,0.2,-0.73,0.31,0.04,-0.84,0.31,0.04,-0.84,24.2,51.0,43.0,82.1,35.8,26.3,-86.1,-5.1,59.9,-156.0,9.6,26.5,-48.0,-7.5,48.4,-105.4,-3.0,-1.0,1.3,7.4,-3.3,-19.7,-14.8,-20.0,10.1,6.5,-7.1,-0.9,2,3
432,8.64,-0.02,85.55,1.83,3.59,-0.03,-32.68,245.71,0.0,303.95,433.0,8.39,12.6,0.88,0.07,0.1,0.01,0.43,0.37,-0.53,0.41,0.18,-0.64,0.41,0.18,-0.64,59.0,67.8,44.6,3.4,35.4,25.9,-87.7,-6.1,59.3,-156.0,9.0,24.9,-48.0,-6.4,48.0,-105.4,-6.5,2.2,-2.9,12.1,-6.7,-17.7,-16.9,-19.5,19.9,3.4,0.9,-1.3,2,3
434,8.68,-0.02,85.95,1.84,3.6,-0.03,-32.76,246.84,0.0,305.43,435.0,8.39,12.6,0.88,0.07,0.11,0.06,0.97,-0.3,-0.88,0.33,-0.56,-1.17,0.33,-0.56,-1.17,98.0,93.6,33.3,0.0,32.4,27.2,-88.4,-10.3,58.3,-155.7,5.9,25.8,-48.0,-7.4,49.8,-105.1,-11.0,4.9,-2.2,13.6,-18.5,9.2,-4.0,-0.1,22.8,-3.4,0.9,4.2,2,3
436,8.72,-0.02,86.35,1.85,3.62,-0.03,-32.88,247.98,0.0,306.86,437.0,8.4,12.6,0.88,0.08,0.1,0.05,-2.09,-1.0,-1.15,-2.41,0.79,-0.47,-2.41,0.79,-0.47,48.2,0.0,0.0,91.1,33.3,31.3,-89.3,-14.8,52.9,-156.0,5.9,32.5,-48.0,-11.1,45.3,-91.2,-15.4,3.0,0.4,12.2,-10.4,-18.5,2.4,-4.2,22.8,3.9,-6.3,4.9,2,3
438,8.76,-0.02,86.75,1.86,3.64,-0.03,-32.97,249.13,0.0,308.35,439.0,8.41,12.6,0.88,0.12,0.13,0.03,-1.1,-0.55,-0.54,-1.27,0.38,-0.18,-1.27,0.38,-0.18,44.7,0.0,14.0,109.2,37.7,34.0,-87.6,-9.4,52.8,-156.0,10.1,32.5,-48.0,-9.8,43.5,-86.5,-12.9,3.2,6.6,0.8,5.0,-19.7,-3.1,-10.0,20.8,12.5,-8.8,-3.6,2,3
440,8.8,-0.02,87.14,1.86,3.65,-0.03,-33.07,250.27,0.0,309.81,441.0,8.41,12.6,0.88,0.13,0.18,-0.17,1.2,0.41,0.16,1.15,-0.51,-0.2,1.15,-0.51,-0.2,12.8,0.0,53.0,131.6,39.1,24.6,-74.4,-6.8,59.7,-156.0,12.7,30.1,-48.0,-6.4,48.1,-100.2,-3.0,2.7,-0.1,3.9,-3.9,-19.7,-5.8,-17.4,18.6,11.3,-14.8,-5.5,2,3
442,8.84,-0.02,87.54,1.88,3.67,-0.03,-33.21,251.42,0.0,311.24,443.0,8.42,12.6,0.88,0.11,0.2,0.16,0.58,-0.49,-0.47,-0.03,-0.64,-0.62,-0.03,-0.64,-0.62,0.0,64.9,42.0,114.8,36.1,19.9,-78.6,-4.1,60.8,-156.0,13.0,25.4,-48.0,-3.9,52.3,-108.0,0.5,5.1,-1.1,5.4,-2.5,-19.7,-12.7,-20.1,11.0,7.9,-11.3,-1.2,2,3
444,8.88,-0.02,87.94,1.88,3.68,-0.03,-33.25,252.56,0.0,312.77,445.0,8.43,12.61,0.88,0.1,0.2,0.07,0.04,0.47,-0.53,0.24,0.42,-0.52,0.24,0.42,-0.52,0.0,77.2,39.4,10.6,35.4,24.0,-89.3,-4.7,59.7,-156.0,13.2,24.0,-48.0,-3.0,51.4,-107.9,-4.9,2.0,-3.3,10.3,-0.9,-19.7,-15.5,-20.9,15.1,5.5,-1.4,-2.9,2,3
446,8.92,-0.02,88.34,1.89,3.7,-0.03,-33.31,253.7,0.0,314.28,447.0,8.44,12.61,0.88,0.13,0.21,0.04,1.87,0.14,-0.59,1.22,-1.01,-1.16,1.22,-1.01,-1.16,0.0,56.3,44.2,30.3,30.7,27.1,-101.6,-7.1,60.1,-156.0,10.1,23.8,-48.0,-1.0,54.6,-109.2,-6.8,4.1,-0.9,16.1,-11.3,-14.4,-15.2,-17.9,22.1,-2.8,-1.9,1.5,2,3
448,8.96,-0.02,88.74,1.9,3.72,-0.03,-33.44,254.84,0.0,315.7,449.0,8.45,12.61,0.88,0.12,0.22,0.09,0.31,-0.62,-0.96,-0.42,-0.35,-1.05,-0.42,-0.35,-1.05,115.9,0.0,0.0,0.0,26.9,31.5,-103.2,-11.0,59.6,-156.0,6.2,27.8,-48.0,-9.0,51.8,-98.7,-12.5,2.7,2.2,15.8,-16.9,-2.9,-1.6,0.3,22.8,-1.8,-4.1,7.8,2,3
450,9.0,-0.02,89.13,1.92,3.73,-0.03,-33.62,255.98,0.0,317.09,451.0,8.46,12.61,0.88,0.17,0.18,0.04,-0.9,-1.64,-0.59,-1.9,-0.25,-0.38,-1.9,-0.25,-0.38,80.3,78.5,80.1,133.3,28.6,32.3,-94.9,0.2,64.9,-156.0,5.8,32.6,-48.0,-14.2,42.2,-76.8,-11.9,8.6,3.7,5.5,-0.4,-19.7,0.3,-4.5,22.5,7.2,-2.2,-1.4,2,3
452,9.04,-0.02,89.53,1.93,3.75,-0.03,-33.73,257.14,0.0,318.56,453.0,8.47,12.61,0.88,0.16,0.17,-0.22,-0.25,-0.63,-0.53,-0.71,-0.11,-0.47,-0.71,-0.11,-0.47,33.7,0.0,43.2,101.9,32.1,33.1,-82.7,-0.0,67.5,-156.0,7.4,37.7,-48.0,-13.4,48.0,-80.9,-8.8,1.0,3.4,-1.3,-1.6,-19.7,-4.0,-14.0,20.1,14.0,-12.1,-8.9,2,3
454,9.08,-0.02,89.93,1.94,3.76,-0.03,-33.91,258.29,0.0,319.96,455.0,8.48,12.61,0.87,0.14,0.25,-0.18,1.59,1.45,-0.06,2.08,-0.29,-0.48,2.08,-0.29,-0.48,0.0,0.0,95.7,139.1,37.8,22.9,-77.0,-5.4,63.5,-156.0,12.1,31.8,-48.0,-8.0,51.3,-96.9,-2.7,6.2,-6.3,6.5,-3.1,-19.7,-9.0,-18.8,13.6,8.3,-9.7,-2.7,2,3
456,9.12,-0.02,90.32,1.95,3.78,-0.03,-34.01,259.44,0.0,321.42,457.0,8.49,12.62,0.87,0.08,0.21,0.22,-0.46,-0.17,-0.48,-0.47,0.37,-0.34,-0.47,0.37,-0.34,0.0,0.0,47.3,75.2,34.1,23.2,-84.9,-4.3,62.9,-156.0,10.6,29.8,-48.0,-7.9,52.6,-98.7,-2.4,2.5,1.1,6.3,-3.6,-19.7,-12.4,-20.4,9.9,6.7,-9.0,-7.3,2,3
458,9.16,-0.02,90.72,1.96,3.79,-0.03,-34.06,260.58,0.0,322.92,459.0,8.5,12.62,0.87,0.12,0.21,-0.01,0.72,0.65,-0.45,0.88,-0.04,-0.61,0.88,-0.04,-0.61,0.0,88.5,42.5,12.4,32.1,24.9,-90.4,-5.5,62.4,-156.0,9.6,27.4,-48.0,-6.7,53.6,-103.4,-3.5,3.0,-1.4,11.7,-4.2,-17.6,-17.2,-20.0,15.8,4.1,0.6,-3.4,2,3
460,9.2,-0.02,91.11,1.96,3.81,-0.03,-34.15,261.71,0.0,324.39,461.0,8.51,12.62,0.87,0.11,0.22,0.12,0.68,0.04,-0.89,0.3,-0.22,-1.06,0.3,-0.22,-1.06,0.0,93.3,40.5,0.4,29.2,26.8,-94.3,-10.0,60.9,-156.0,6.6,27.6,-48.0,-6.3,55.2,-106.0,-7.6,4.2,2.0,13.0,-18.8,9.9,-6.4,-3.6,22.8,-3.2,-0.9,2.5,2,3
462,9.24,-0.02,91.51,1.97,3.82,-0.03,-34.35,262.84,0.0,325.74,463.0,8.52,12.62,0.88,0.08,0.2,0.18,-2.21,-0.09,-1.34,-1.38,2.11,-0.57,-1.38,2.11,-0.57,125.1,0.0,0.0,13.1,30.7,30.7,-94.0,-15.0,53.7,-154.1,5.4,33.1,-48.0,-11.6,47.5,-93.6,-16.1,3.0,1.8,14.4,-11.5,-18.3,1.9,-3.1,22.8,2.0,-3.6,6.6,2,3
464,9.28,-0.02,91.91,1.98,3.84,-0.03,-34.55,263.99,0.0,327.11,465.0,8.52,12.62,0.89,0.13,0.14,0.12,-1.59,-0.8,-0.77,-1.6,1.07,-0.21,-1.6,1.07,-0.21,48.9,0.0,18.6,80.8,36.1,33.5,-91.5,-7.0,53.8,-156.0,8.9,33.7,-48.0,-10.2,41.4,-80.5,-12.1,4.9,7.8,-0.8,2.3,-19.7,-0.6,-8.9,21.3,11.4,-6.6,-4.3,2,3
466,9.32,-0.02,92.3,1.99,3.86,-0.03,-34.66,265.12,0.0,328.56,467.0,8.53,12.61,0.88,0.1,0.16,-0.15,0.79,0.99,-0.12,1.19,-0.13,-0.42,1.19,-0.13,-0.42,23.8,0.0,48.1,137.9,39.8,23.1,-74.4,-6.1,58.3,-156.0,12.7,31.6,-48.0,-5.8,46.0,-95.9,-4.3,7.4,-2.7,3.2,-3.3,-19.7,-9.2,-13.2,19.0,10.7,-12.0,-4.0,2,3
468,9.36,-0.02,92.7,2.0,3.87,-0.03,-34.83,266.26,0.0,329.96,469.0,8.54,12.62,0.88,0.13,0.21,0.09,2.32,-0.43,-0.12,0.65,-2.1,-0.88,0.65,-2.1,-0.88,0.0,4.6,103.8,118.4,37.1,17.4,-78.0,-4.0,58.4,-156.0,11.4,26.1,-48.0,-4.6,49.0,-106.0,2.2,5.9,-2.1,5.9,-3.8,-19.7,-9.2,-19.6,12.8,10.1,-9.5,0.6,2,3
470,9.4,-0.02,93.1,2.01,3.89,-0.03,-34.9,267.4,0.0,331.44,471.0,8.55,12.61,0.88,0.1,0.21,0.09,0.52,0.34,-0.7,0.42,-0.06,-0.83,0.42,-0.06,-0.83,0.0,65.1,42.1,57.0,35.7,23.0,-86.9,-5.1,58.9,-156.0,11.4,24.8,-48.0,-3.9,49.5,-106.6,-4.3,-1.2,-1.7,9.4,-4.0,-19.7,-14.7,-20.4,13.8,5.7,-5.2,-1.7,2,3
472,9.44,-0.02,93.49,2.02,3.9,-0.03,-34.98,268.54,0.0,332.92,473.0,8.56,12.61,0.88,0.11,0.2,0.06,1.2,0.31,-0.64,0.7,-0.66,-1.02,0.7,-0.66,-1.02,44.0,68.7,49.5,10.7,32.7,24.8,-94.6,-8.2,58.0,-156.0,8.7,24.1,-48.0,-2.8,50.9,-107.8,-5.2,2.3,-0.6,14.6,-10.4,-13.8,-15.6,-18.2,21.7,-0.7,-1.4,0.1,2,3
474,9.48,-0.02,93.89,2.03,3.92,-0.03,-35.08,269.67,0.0,334.37,475.0,8.57,12.61,0.88,0.13,0.21,0.03,1.38,-0.23,-0.8,0.25,-0.97,-1.26,0.25,-0.97,-1.26,119.3,0.0,31.8,0.0,29.5,27.5,-95.4,-12.3,57.8,-156.0,4.6,25.9,-48.0,-7.7,51.5,-100.9,-13.2,3.8,-1.8,17.4,-15.9,-2.2,-3.1,-0.8,22.8,-5.0,-3.0,6.6,2,3
476,9.52,-0.02,94.28,2.04,3.94,-0.03,-35.2,270.8,0.0,335.8,477.0,8.58,12.61,0.88,0.16,0.16,0.01,-1.38,-1.39,-0.54,-1.83,0.88,-0.13,-1.83,0.88,-0.13,53.6,44.0,0.0,0.0,29.5,27.8,-91.5,-6.9,61.1,-156.0,5.8,31.9,-48.0,-15.4,43.0,-72.0,-12.0,6.5,4.8,10.8,-1.8,-19.8,-0.7,-4.2,22.8,6.6,-4.1,1.0,2,3
478,9.56,-0.02,94.68,2.06,3.95,-0.04,-35.47,271.94,0.0,337.11,479.0,8.59,12.61,0.88,0.19,0.14,-0.17,0.3,-1.43,-0.39,-1.26,-0.67,-0.52,-1.26,-0.67,-0.52,61.0,0.0,71.8,139.9,31.4,26.7,-78.5,0.3,64.9,-156.0,8.2,34.7,-48.0,-10.9,45.5,-75.9,-7.5,5.4,8.1,-5.4,-0.2,-19.7,-3.7,-13.0,20.8,15.6,-15.2,-10.1,2,3
480,9.6,-0.02,95.07,2.07,3.97,-0.04,-35.62,273.09,0.0,338.52,481.0,8.59,12.61,0.86,0.15,0.19,-0.24,1.61,0.92,0.01,1.41,-1.12,-0.41,1.41,-1.12,-0.41,0.0,0.0,101.3,130.0,37.0,19.3,-71.9,-6.1,61.3,-156.0,12.7,31.2,-48.0,-5.7,53.4,-93.6,-2.0,2.8,-3.0,5.7,-2.1,-19.7,-8.9,-18.6,13.7,7.5,-13.1,-5.6,2,3
482,9.64,-0.02,95.47,2.08,3.98,-0.04,-35.69,274.23,0.0,340.01,483.0,8.6,12.6,0.87,0.07,0.16,0.24,0.28,-0.1,-0.41,-0.01,-0.16,-0.48,-0.01,-0.16,-0.48,0.0,0.0,48.3,99.4,33.8,19.8,-81.7,-4.9,62.8,-156.0,12.2,29.1,-48.0,-5.1,55.6,-97.1,-1.3,3.6,-0.0,6.2,-5.2,-19.7,-13.2,-20.0,11.5,7.5,-12.0,-5.6,2,3
484,9.68,-0.02,95.86,2.08,3.99,-0.04,-35.73,275.36,0.0,341.51,485.0,8.61,12.6,0.87,0.1,0.15,0.01,0.95,0.94,-0.43,1.18,-0.42,-0.63,1.18,-0.42,-0.63,0.0,88.4,41.1,27.9,31.8,23.9,-89.5,-7.0,62.1,-156.0,10.9,26.0,-48.0,-4.9,54.7,-100.5,-3.6,3.2,-2.4,11.4,-3.3,-19.3,-17.0,-20.3,14.9,4.3,-1.7,-5.3,2,3
486,9.72,-0.02,96.26,2.09,4.01,-0.04,-35.81,276.49,0.0,342.98,487.0,8.61,12.6,0.87,0.09,0.16,0.13,0.89,0.11,-0.84,0.37,-0.46,-1.07,0.37,-0.46,-1.07,0.0,102.4,39.4,0.0,28.6,25.8,-94.3,-11.6,59.9,-155.6,7.7,26.1,-48.0,-5.6,55.6,-104.8,-7.1,4.5,1.8,13.0,-19.0,12.9,-7.8,-2.3,22.8,-2.6,1.2,1.9,2,3
488,9.76,-0.02,96.65,2.1,4.02,-0.04,-36.01,277.62,0.0,344.32,489.0,8.62,12.59,0.88,0.09,0.14,0.23,-2.82,-1.39,-1.4,-2.08,2.69,-0.52,-2.08,2.69,-0.52,67.9,0.0,0.0,0.0,28.4,30.5,-96.0,-20.6,48.7,-143.7,6.6,34.9,-48.0,-10.2,51.2,-90.3,-15.5,2.6,3.8,15.3,-7.7,-18.3,0.2,-5.9,22.8,1.3,-7.7,3.0,1,3
490,9.8,-0.02,97.05,2.11,4.04,-0.04,-36.2,278.76,0.0,345.7,491.0,8.63,12.59,0.89,0.16,0.05,0.16,-2.95,-1.65,-0.68,-2.32,2.55,0.22,-2.32,2.55,0.22,56.2,0.0,82.4,100.0,35.0,31.8,-90.1,-12.3,45.7,-156.0,10.5,35.0,-48.0,-7.7,43.6,-77.6,-13.4,6.8,5.5,1.2,5.3,-19.7,0.4,-5.3,21.9,10.9,-6.7,-11.4,2,3
492,9.84,-0.02,97.45,2.12,4.06,-0.04,-36.31,279.91,0.0,347.17,493.0,8.63,12.58,0.89,0.1,0.08,-0.1,0.37,0.7,-0.03,0.75,-0.19,-0.19,0.75,-0.19,-0.19,24.5,0.0,52.2,46.6,39.2,24.2,-74.9,-6.8,55.4,-156.0,15.7,35.0,-48.0,-2.4,49.8,-90.4,-5.7,4.6,-1.7,3.1,-2.8,-19.7,-8.4,-15.9,20.2,9.7,-13.3,-7.1,2,3
494,9.88,-0.02,97.84,2.13,4.07,-0.04,-36.5,281.05,0.0,348.54,495.0,8.63,12.58,0.88,0.19,0.11,-0.12,4.3,1.26,0.25,2.13,-3.78,-1.16,2.13,-3.78,-1.16,0.0,0.0,124.7,55.8,40.6,12.7,-76.9,-2.8,55.9,-156.0,15.8,24.8,-48.0,-0.5,48.2,-102.3,-0.9,7.7,-0.4,1.4,-0.7,-19.7,-10.0,-18.8,13.5,8.2,-6.5,-1.4,2,3
496,9.92,-0.02,98.24,2.14,4.09,-0.04,-36.6,282.18,0.0,349.99,497.0,8.64,12.58,0.88,0.15,0.09,0.08,1.08,0.23,-0.45,0.44,-0.8,-0.77,0.44,-0.8,-0.77,0.0,58.8,90.3,63.8,34.8,19.6,-84.9,-5.2,59.8,-156.0,12.4,22.6,-48.0,-1.5,51.7,-106.7,-3.3,-1.6,-1.0,7.7,-6.5,-19.7,-15.3,-19.5,11.7,3.1,-6.3,-0.2,2,3
498,9.96,-0.02,98.63,2.15,4.11,-0.04,-36.66,283.31,0.0,351.48,499.0,8.64,12.57,0.88,0.15,0.1,0.08,1.56,0.14,-0.53,0.45,-1.22,-1.03,0.45,-1.22,-1.03,66.8,47.7,81.0,0.0,31.4,24.4,-89.3,-9.6,58.8,-156.0,8.9,22.1,-48.0,-1.8,53.0,-108.7,-5.7,3.7,-3.3,13.2,-12.2,-6.6,-14.3,-14.8,21.7,-0.4,1.8,0.6,2,3
500,10.0,-0.02,99.03,2.16,4.12,-0.04,-36.79,284.42,0.0,352.89,501.0,8.65,12.57,0.88,0.15,0.13,0.16,-0.65,-1.06,-1.06,-1.03,0.87,-0.92,-1.03,0.87,-0.92,98.3,37.7,0.0,0.0,27.7,29.4,-91.9,-18.8,54.4,-150.5,4.0,27.2,-48.0,-5.5,55.4,-100.2,-12.0,2.2,0.8,14.7,-18.9,8.0,0.7,3.5,22.8,-2.7,-5.8,5.4,1,3
502,10.04,-0.02,99.42,2.18,4.14,-0.04,-37.03,285.56,0.0,354.21,503.0,8.65,12.56,0.89,0.16,0.1,0.15,-4.25,-1.46,-1.06,-1.88,4.21,0.16,-1.88,4.21,0.16,46.7,0.0,0.0,39.5,31.8,34.2,-92.9,-21.0,44.1,-156.0,6.6,35.7,-48.0,-7.8,47.3,-85.8,-13.5,1.7,1.5,11.8,-3.8,-16.6,1.1,-7.0,22.8,6.4,-8.8,4.4,2,3
504,10.08,-0.02,99.82,2.19,4.16,-0.04,-37.15,286.7,0.0,355.66,505.0,8.66,12.55,0.89,0.19,0.1,0.04,-1.06,-0.13,-0.27,-0.25,1.08,0.03,-0.25,1.08,0.03,44.9,0.0,76.0,39.5,39.0,35.4,-91.2,-11.4,45.6,-156.0,12.4,32.0,-48.0,-3.8,46.2,-85.4,-11.8,6.0,1.9,-1.0,5.5,-19.7,-3.8,-11.3,21.1,11.7,-8.9,-5.1,2,3
506,10.12,-0.02,100.22,2.21,4.18,-0.04,-37.21,287.84,0.0,357.17,507.0,8.66,12.54,0.88,0.19,0.13,-0.17,1.3,1.51,0.21,1.61,-1.15,-0.28,1.61,-1.15,-0.28,25.8,0.0,92.5,37.8,38.6,29.9,-90.6,-5.1,55.2,-156.0,13.5,28.3,-48.0,-2.8,47.4,-91.9,-3.0,3.4,0.6,3.0,-1.4,-19.7,-6.6,-17.6,16.6,7.0,-8.1,-4.5,2,3
508,10.16,-0.02,100.62,2.22,4.19,-0.04,-37.3,288.98,0.0,358.66,509.0,8.67,12.54,0.88,0.17,0.14,0.19,2.22,-0.82,-0.19,-0.64,-2.1,-0.91,-0.64,-2.1,-0.91,21.2,58.3,42.6,97.4,35.2,25.8,-90.1,-4.6,59.6,-156.0,11.9,24.2,-48.0,-2.8,49.9,-96.8,1.0,1.6,1.2,6.7,-4.8,-19.7,-13.4,-19.4,10.9,6.7,-10.9,-2.9,2,3
510,10.2,-0.02,101.02,2.24,4.21,-0.04,-37.37,290.12,0.0,360.15,511.0,8.68,12.53,0.88,0.16,0.13,0.1,0.13,0.49,-0.25,0.5,-0.01,-0.27,0.5,-0.01,-0.27,71.6,76.7,37.4,7.7,32.4,23.4,-87.6,-7.4,59.0,-156.0,10.3,23.4,-48.0,-3.5,50.5,-98.4,-4.9,2.9,-2.3,11.4,-5.0,-19.7,-14.7,-20.5,16.7,5.2,0.2,-3.8,2,3
512,10.24,-0.02,101.41,2.25,4.22,-0.04,-37.42,291.25,0.0,361.66,513.0,8.68,12.52,0.88,0.18,0.15,0.06,1.35,0.33,-0.56,0.44,-1.03,-0.99,0.44,-1.03,-0.99,71.7,72.2,59.6,11.7,30.1,23.8,-88.8,-11.7,58.0,-156.0,7.5,22.7,-48.0,-3.2,52.1,-102.6,-6.7,3.8,-0.2,14.1,-16.9,-0.0,-10.6,-6.3,22.5,-3.5,-2.8,0.1,2,3
514,10.28,-0.02,101.81,2.27,4.24,-0.04,-37.52,292.37,0.0,363.11,515.0,8.69,12.52,0.88,0.2,0.16,0.07,-0.45,-0.31,-0.73,-0.27,0.68,-0.54,-0.27,0.68,-0.54,132.2,0.0,0.0,0.0,28.9,27.1,-87.7,-14.4,56.9,-156.0,4.6,27.2,-48.0,-11.3,46.7,-92.3,-15.7,5.5,-3.7,14.8,-18.8,-5.7,1.6,4.3,22.8,0.5,-4.1,4.7,2,3
516,10.32,-0.02,102.21,2.28,4.26,-0.04,-37.67,293.51,0.0,364.53,517.0,8.69,12.51,0.88,0.23,0.09,0.01,-1.41,-0.83,-0.37,-0.82,1.45,0.12,-0.82,1.45,0.12,34.8,0.0,0.0,53.9,31.9,29.0,-87.9,-12.2,56.0,-156.0,6.4,33.0,-48.0,-12.1,41.1,-78.5,-13.5,6.3,5.3,6.2,-0.5,-19.7,0.9,-7.4,22.1,10.3,-5.7,-4.6,2,3
518,10.36,-0.02,102.6,2.3,4.27,-0.04,-37.73,294.65,0.0,366.03,519.0,8.7,12.5,0.88,0.22,0.08,-0.15,0.31,0.19,0.13,0.19,-0.34,0.01,0.19,-0.34,0.01,32.6,0.0,76.2,122.8,35.1,25.4,-80.8,-8.8,58.4,-156.0,10.5,29.5,-48.0,-7.0,47.4,-87.3,-6.7,0.2,3.1,1.8,-1.7,-19.7,-6.2,-15.2,19.1,11.3,-16.0,-8.1,2,3
520,10.4,-0.02,103.0,2.32,4.29,-0.04,-37.85,295.79,0.0,367.49,521.0,8.7,12.49,0.87,0.19,0.12,0.16,0.99,-0.41,0.05,-0.41,-0.94,-0.3,-0.41,-0.94,-0.3,0.0,40.2,118.3,102.8,33.6,17.7,-78.4,-7.1,60.5,-156.0,12.5,24.9,-48.0,-3.1,53.3,-96.9,2.8,5.3,-2.6,3.5,-3.2,-19.7,-10.7,-19.8,7.6,6.8,-14.5,-9.2,2,3
522,10.44,-0.02,103.39,2.34,4.3,-0.04,-37.93,296.93,0.0,368.97,523.0,8.71,12.48,0.87,0.24,0.13,0.07,1.2,-0.09,-0.46,-0.07,-0.97,-0.85,-0.07,-0.97,-0.85,0.0,78.0,93.6,34.4,32.9,25.5,-84.9,-8.3,61.0,-156.0,13.0,22.9,-48.0,-1.3,56.1,-102.0,-1.9,1.6,-3.2,9.1,-1.9,-19.7,-13.5,-20.0,11.6,2.8,-5.7,-8.5,2,3
524,10.48,-0.02,103.79,2.35,4.32,-0.04,-37.99,298.05,0.0,370.46,525.0,8.71,12.47,0.87,0.24,0.13,0.06,1.28,-0.2,-0.36,-0.19,-1.06,-0.8,-0.19,-1.06,-0.8,54.4,71.5,82.0,0.0,29.2,32.6,-97.6,-10.2,62.1,-156.0,11.1,22.9,-48.0,-1.2,60.1,-108.3,-4.9,2.9,-4.1,14.5,-13.5,-5.0,-16.5,-12.4,21.9,-2.1,2.7,1.1,2,3
526,10.52,-0.02,104.18,2.37,4.33,-0.04,-38.19,299.18,0.0,371.82,527.0,8.72,12.46,0.88,0.24,0.18,0.14,-0.83,-1.18,-1.01,-0.98,1.22,-0.82,-0.98,1.22,-0.82,112.6,47.2,0.0,0.0,23.6,38.1,-104.5,-20.6,57.6,-149.6,6.1,28.8,-48.0,-8.0,63.1,-96.8,-13.8,1.9,1.9,16.1,-19.4,10.0,1.1,5.9,22.8,-2.1,-6.1,7.4,1,3
528,10.56,-0.02,104.58,2.39,4.35,-0.04,-38.42,300.32,0.0,373.16,529.0,8.72,12.45,0.88,0.25,0.1,0.22,-5.04,-2.18,-0.78,-1.66,5.26,0.59,-1.66,5.26,0.59,52.0,0.0,0.0,0.0,27.5,38.6,-103.0,-19.8,48.6,-156.0,6.5,41.5,-48.0,-11.1,50.8,-67.3,-14.8,-0.6,7.4,18.3,-0.8,-15.3,0.6,-8.0,22.8,2.5,-3.2,1.5,2,3
530,10.6,-0.02,104.97,2.41,4.36,-0.04,-38.77,301.47,0.0,374.39,531.0,8.72,12.44,0.89,0.24,0.03,0.15,-0.33,-1.69,-0.23,-1.66,0.52,0.04,-1.66,0.52,0.04,41.2,0.0,53.5,59.6,33.9,30.2,-82.4,-2.9,53.9,-156.0,13.0,42.4,-48.0,-2.7,50.7,-70.9,-6.3,3.8,17.0,-5.1,3.3,-19.7,-4.6,-15.5,21.5,14.7,-14.6,-17.4,2,3
532,10.64,-0.02,105.37,2.43,4.38,-0.04,-39.03,302.62,0.0,375.7,533.0,8.72,12.43,0.88,0.15,0.09,-0.13,-0.19,1.91,0.22,1.93,-0.04,0.06,1.93,-0.04,0.06,0.0,0.0,53.7,56.3,38.2,16.2,-62.2,-6.8,56.6,-156.0,19.1,37.2,-48.0,4.4,59.4,-92.7,-0.3,1.9,-11.2,5.8,-2.5,-19.7,-7.6,-17.9,19.1,7.1,-12.4,-6.1,2,3
534,10.68,-0.02,105.76,2.43,4.4,-0.04,-39.2,303.77,0.0,377.1,535.0,8.73,12.43,0.88,0.15,0.1,0.04,5.79,1.71,0.21,1.11,-5.73,-1.56,1.11,-5.73,-1.56,0.0,0.0,98.0,37.4,40.9,9.6,-80.0,-3.2,54.5,-156.0,18.0,25.8,-48.0,5.7,53.7,-101.8,-0.6,8.5,-0.7,6.6,-3.9,-19.7,-9.2,-19.9,11.6,6.2,-8.7,-4.4,2,3
536,10.72,-0.02,106.16,2.44,4.41,-0.04,-39.29,304.9,0.0,378.56,537.0,8.73,12.42,0.88,0.1,0.08,0.19,0.56,0.84,-0.39,0.82,-0.51,-0.49,0.82,-0.51,-0.49,0.0,68.7,103.7,2.1,33.3,14.4,-93.1,-6.4,58.2,-156.0,12.7,20.4,-48.0,4.2,52.6,-102.4,-2.4,4.8,-0.7,10.4,-5.5,-19.7,-17.1,-20.4,15.4,2.1,0.2,-2.1,2,3
538,10.76,-0.02,106.55,2.45,4.43,-0.04,-39.38,306.02,0.0,380.01,539.0,8.73,12.41,0.89,0.13,0.08,0.16,2.2,0.18,-0.97,0.1,-1.73,-1.68,0.1,-1.73,-1.68,0.0,55.2,54.7,0.0,27.7,21.1,-96.3,-11.8,56.3,-156.0,6.8,20.9,-48.0,2.1,52.5,-105.1,-4.9,1.9,3.2,12.6,-17.6,4.6,-9.5,-3.8,22.5,-4.6,0.6,1.3,2,3
540,10.8,-0.02,106.95,2.46,4.45,-0.04,-39.5,307.13,0.0,381.43,541.0,8.73,12.41,0.89,0.12,0.08,0.21,-2.05,-1.53,-1.38,-0.84,2.67,-0.78,-0.84,2.67,-0.78,56.1,0.0,0.0,0.0,26.2,26.4,-94.0,-19.7,49.4,-147.6,4.6,31.5,-48.0,-8.1,49.8,-95.3,-12.9,4.8,2.1,12.9,-16.9,-7.3,1.7,-3.8,22.8,1.1,-7.5,2.3,1,3
542,10.84,-0.02,107.35,2.47,4.47,-0.04,-39.8,308.27,0.0,382.7,543.0,8.73,12.4,0.9,0.13,0.02,0.17,-4.02,-0.97,-1.0,0.05,4.25,0.26,0.05,4.25,0.26,42.8,0.0,0.0,38.6,32.4,30.0,-92.6,-18.4,39.7,-156.0,10.9,34.3,-48.0,-9.4,41.5,-86.3,-12.7,2.8,3.4,8.9,3.0,-19.8,-1.0,-3.7,22.8,9.0,-5.0,2.0,2,3
544,10.88,-0.02,107.74,2.49,4.49,-0.04,-39.9,309.41,0.0,384.16,545.0,8.73,12.39,0.9,0.15,-0.02,-0.0,-1.53,0.03,0.03,0.42,1.41,0.45,0.42,1.41,0.45,33.4,0.0,90.2,31.8,40.4,28.5,-87.6,-8.0,41.9,-156.0,17.5,28.4,-48.0,-2.4,42.0,-88.4,-9.0,-0.2,6.6,2.2,6.5,-19.7,-6.8,-15.9,21.8,12.2,-10.4,-8.7,2,3
546,10.92,-0.02,108.14,2.5,4.51,-0.04,-40.0,310.54,0.0,385.62,547.0,8.73,12.39,0.89,0.16,0.04,-0.23,2.47,1.66,0.58,1.04,-2.83,-0.37,1.04,-2.83,-0.37,0.0,0.0,104.3,57.9,41.8,15.2,-80.5,0.1,52.2,-156.0,20.4,19.9,-48.0,1.9,42.0,-101.9,-0.0,6.7,-0.4,-0.1,-0.3,-19.7,-10.4,-17.6,13.1,6.8,-7.5,-2.9,2,3
548,10.96,-0.02,108.54,2.51,4.52,-0.04,-40.15,311.68,0.0,387.04,549.0,8.73,12.38,0.89,0.18,0.02,-0.01,1.97,-0.27,-0.09,-0.68,-1.7,-0.78,-0.68,-1.7,-0.78,48.7,32.2,102.8,97.2,36.6,18.5,-82.5,-2.6,57.9,-156.0,16.6,16.6,-48.0,0.5,46.1,-109.5,-1.2,-1.6,-2.2,6.9,-5.7,-19.7,-15.7,-18.9,11.5,4.2,-7.3,2.1,2,3
550,11.0,-0.02,108.93,2.52,4.54,-0.04,-40.19,312.8,0.0,388.55,551.0,8.72,12.38,0.89,0.13,0.02,0.08,1.39,0.05,-0.42,-0.19,-1.14,-0.87,-0.19,-1.14,-0.87,44.6,27.3,90.6,0.0,33.0,21.5,-87.7,-8.2,57.0,-156.0,13.4,16.3,-48.0,-2.1,47.2,-110.9,-3.6,2.6,-2.0,11.4,-10.6,-16.0,-16.9,-15.3,20.9,1.7,2.9,2.2,2,3
552,11.04,-0.02,109.33,2.54,4.56,-0.04,-40.26,313.92,0.0,390.01,553.0,8.72,12.37,0.89,0.14,0.04,0.11,1.62,-0.35,-0.81,-0.52,-1.11,-1.38,-0.52,-1.11,-1.38,94.2,65.4,15.1,0.0,28.4,25.6,-89.3,-16.3,54.5,-154.9,7.3,19.3,-48.0,-4.4,51.1,-104.4,-9.7,3.2,-1.1,14.0,-18.9,10.9,-3.2,4.8,22.8,-4.3,-2.1,3.9,2,3
554,11.08,-0.02,109.72,2.55,4.58,-0.04,-40.4,315.04,0.0,391.42,555.0,8.72,12.36,0.89,0.17,0.03,0.1,-2.46,-1.51,-0.83,-0.46,2.96,-0.2,-0.46,2.96,-0.2,49.4,0.0,0.0,0.0,29.7,29.9,-87.0,-20.0,49.0,-156.0,5.3,31.8,-48.0,-9.5,45.6,-82.8,-15.5,4.1,-0.1,14.4,-7.2,-17.7,2.4,-6.2,22.8,3.9,-3.6,1.3,2,3
556,11.12,-0.02,110.12,2.56,4.6,-0.04,-40.56,316.18,0.0,392.83,557.0,8.72,12.36,0.89,0.18,-0.01,-0.1,-2.69,-0.68,-0.25,0.28,2.73,0.47,0.28,2.73,0.47,45.1,0.0,0.0,85.9,35.0,31.9,-86.2,-14.1,48.6,-156.0,9.6,30.8,-48.0,-5.3,45.2,-80.6,-11.2,3.4,2.9,1.3,3.9,-19.7,-1.5,-7.6,21.6,12.4,-11.1,-7.2,2,3
558,11.16,-0.02,110.52,2.58,4.61,-0.04,-40.63,317.33,0.0,394.34,559.0,8.72,12.35,0.88,0.22,0.02,-0.28,0.89,0.78,0.11,0.43,-1.1,-0.13,0.43,-1.1,-0.13,32.0,0.0,83.0,91.7,37.2,28.1,-86.8,-8.7,55.5,-156.0,13.9,27.2,-48.0,-0.1,50.1,-88.9,-5.7,6.1,-0.2,5.6,-2.2,-19.7,-8.3,-15.1,16.3,5.8,-12.6,-4.9,2,3
560,11.2,-0.02,110.91,2.6,4.63,-0.04,-40.7,318.47,0.0,395.84,561.0,8.72,12.35,0.87,0.16,0.02,0.18,1.85,-1.05,-0.21,-1.53,-1.24,-0.83,-1.53,-1.24,-0.83,0.0,80.5,96.9,93.3,33.7,25.4,-88.5,-6.9,61.0,-156.0,13.4,24.1,-48.0,0.9,54.1,-93.7,1.4,4.1,0.5,6.0,-2.0,-19.7,-14.1,-19.6,8.2,3.8,-12.2,-6.9,2,3
562,11.24,-0.02,111.31,2.61,4.64,-0.04,-40.76,319.6,0.0,397.33,563.0,8.71,12.34,0.88,0.15,0.0,0.03,1.18,0.54,-0.31,0.18,-1.18,-0.58,0.18,-1.18,-0.58,25.0,87.3,90.2,22.4,30.6,25.6,-85.6,-10.2,60.8,-156.0,11.2,22.9,-48.0,-0.4,55.9,-96.8,-2.3,1.1,-1.1,11.2,-6.5,-19.7,-15.8,-19.7,14.6,2.1,-3.0,-5.9,2,3
564,11.28,-0.02,111.7,2.62,4.66,-0.04,-40.82,320.72,0.0,398.81,565.0,8.71,12.33,0.88,0.15,0.01,0.1,1.28,0.08,-0.53,-0.21,-1.04,-0.88,-0.21,-1.04,-0.88,67.1,47.9,74.0,16.3,28.0,25.2,-85.6,-13.6,59.9,-156.0,8.9,22.6,-48.0,-1.6,57.4,-101.9,-6.1,2.4,-1.1,14.1,-17.7,2.2,-12.5,-9.3,22.4,-2.4,-2.8,-0.2,2,3
566,11.32,-0.02,112.1,2.63,4.67,-0.04,-40.95,321.84,0.0,400.22,567.0,8.71,12.33,0.88,0.16,0.04,0.15,-2.48,-1.16,-1.14,0.2,2.91,-0.5,0.2,2.91,-0.5,53.3,0.0,0.0,0.0,26.9,28.3,-87.3,-21.9,53.7,-147.5,7.0,30.7,-48.0,-8.6,53.5,-95.8,-14.4,5.8,1.4,14.7,-18.8,2.2,1.8,0.6,22.8,0.4,-6.4,3.7,1,3
568,11.36,-0.02,112.49,2.64,4.69,-0.04,-41.19,322.98,0.0,401.56,569.0,8.71,12.32,0.88,0.14,0.02,0.13,-5.0,-0.92,-1.02,1.41,4.97,0.4,1.41,4.97,0.4,44.8,0.0,0.0,19.1,35.3,34.3,-91.1,-23.4,37.9,-156.0,13.2,40.1,-48.0,-11.0,44.0,-87.0,-15.0,-3.6,1.3,12.5,1.0,-15.5,-1.7,-7.5,22.8,8.1,-1.0,-0.1,2,3
570,11.4,-0.02,112.89,2.66,4.71,-0.04,-41.33,324.12,0.0,402.98,571.0,8.7,12.31,0.88,0.21,0.0,-0.02,-2.13,-0.39,0.29,0.59,1.92,0.86,0.59,1.92,0.86,53.7,0.0,157.1,98.9,42.2,33.9,-93.0,-13.5,40.7,-156.0,17.4,29.7,-48.0,-5.6,42.6,-86.7,-13.5,6.2,4.2,0.3,7.7,-19.7,-4.8,-8.7,21.3,14.1,-8.5,-4.4,2,3
572,11.44,-0.02,113.29,2.67,4.72,-0.04,-41.41,325.25,0.0,404.46,573.0,8.7,12.31,0.88,0.22,0.06,-0.13,2.54,0.94,0.45,-0.21,-2.71,-0.37,-0.21,-2.71,-0.37,0.0,0.0,56.2,78.3,40.4,27.3,-93.0,-5.0,56.4,-156.0,19.3,25.3,-48.0,-3.8,45.7,-94.3,-0.5,-0.1,1.8,2.0,-3.2,-19.7,-8.9,-18.8,11.3,7.0,-10.5,-5.6,2,3
574,11.48,-0.02,113.69,2.69,4.74,-0.04,-41.49,326.4,0.0,405.96,575.0,8.7,12.3,0.88,0.22,0.04,0.08,1.45,0.05,-0.12,-0.52,-1.25,-0.54,-0.52,-1.25,-0.54,0.0,79.1,46.6,84.3,36.5,24.8,-89.7,-5.4,60.6,-156.0,15.3,23.1,-48.0,-6.5,49.8,-99.5,-1.2,2.0,1.7,7.9,-4.7,-19.7,-17.0,-19.5,8.0,7.1,-9.1,-2.8,2,3
576,11.52,-0.02,114.09,2.71,4.75,-0.04,-41.56,327.54,0.0,407.47,577.0,8.7,12.29,0.88,0.21,0.04,0.08,0.26,0.37,-0.06,0.24,-0.37,-0.12,0.24,-0.37,-0.12,66.8,77.3,36.7,4.6,33.5,26.4,-87.8,-8.1,60.1,-156.0,13.7,22.1,-48.0,-6.9,50.6,-101.2,-7.3,1.2,-1.7,11.6,-6.8,-19.5,-15.8,-19.5,19.1,5.0,1.4,-2.0,2,3
578,11.56,-0.02,114.49,2.73,4.77,-0.04,-41.63,328.68,0.0,408.97,579.0,8.69,12.28,0.88,0.21,0.06,0.12,0.99,-0.14,-0.49,-0.42,-0.65,-0.79,-0.42,-0.65,-0.79,82.2,127.5,23.8,0.0,30.2,26.5,-87.1,-13.0,58.9,-155.3,10.6,22.8,-48.0,-8.2,52.2,-102.5,-8.6,4.3,-0.5,12.4,-20.0,15.8,-6.7,4.9,22.8,-2.6,-0.5,1.1,2,3
580,11.6,-0.02,114.89,2.75,4.78,-0.04,-41.86,329.82,0.0,410.3,581.0,8.69,12.27,0.88,0.24,0.07,0.15,-2.88,-1.12,-0.96,0.46,3.21,-0.12,0.46,3.21,-0.12,65.7,0.0,0.0,54.0,31.2,30.3,-86.9,-19.8,49.1,-149.5,7.9,34.6,-48.0,-12.7,46.5,-89.6,-16.7,3.7,-1.0,14.4,-16.0,-18.3,2.1,-3.6,22.8,2.6,-4.7,1.9,1,3
582,11.64,-0.02,115.28,2.77,4.8,-0.04,-42.03,330.96,0.0,411.71,583.0,8.69,12.26,0.88,0.26,0.06,0.1,-3.18,-0.92,-0.33,0.72,3.19,0.58,0.72,3.19,0.58,51.0,0.0,104.6,121.5,39.0,33.1,-85.0,-14.0,43.8,-156.0,10.5,34.3,-48.0,-9.7,42.1,-83.0,-15.2,3.6,3.5,1.5,5.9,-19.7,-0.4,-7.0,21.6,12.9,-8.6,-4.9,2,3
584,11.68,-0.02,115.68,2.78,4.82,-0.04,-42.16,332.09,0.0,413.15,585.0,8.69,12.25,0.88,0.2,0.08,-0.13,0.57,1.08,0.54,0.69,-1.12,0.22,0.69,-1.12,0.22,31.9,0.0,84.5,118.6,43.1,22.6,-69.2,-9.9,53.6,-156.0,15.2,31.4,-48.0,-3.8,47.0,-98.0,-7.2,4.4,0.1,4.5,-3.6,-19.7,-7.8,-16.6,20.1,12.1,-14.7,-6.7,2,3
586,11.72,-0.02,116.08,2.81,4.83,-0.04,-42.39,333.23,0.0,414.5,587.0,8.69,12.24,0.88,0.38,0.18,0.07,1.86,0.2,0.62,-0.7,-1.84,0.05,-0.7,-1.84,0.05,0.0,0.0,90.7,126.8,39.3,14.7,-73.5,-4.8,57.4,-156.0,15.7,25.7,-48.0,-1.1,52.2,-110.3,3.8,7.0,-4.3,5.1,-5.7,-19.7,-12.4,-19.6,13.5,8.3,-11.7,1.9,2,3
588,11.76,-0.02,116.48,2.84,4.85,-0.04,-42.48,334.37,0.0,416.0,589.0,8.69,12.22,0.88,0.35,0.17,0.15,0.78,0.64,-0.16,0.26,-0.9,-0.4,0.26,-0.9,-0.4,0.0,85.7,94.4,51.7,36.2,23.2,-88.0,-4.4,60.0,-156.0,14.8,23.4,-48.0,-0.7,53.7,-111.8,-3.1,-1.9,-2.9,8.6,-4.1,-19.7,-16.0,-20.6,14.6,4.8,-5.1,-0.5,2,3
590,11.8,-0.02,116.88,2.87,4.86,-0.04,-42.54,335.51,0.0,417.51,591.0,8.69,12.2,0.88,0.34,0.18,0.17,1.26,0.7,-0.19,0.11,-1.32,-0.61,0.11,-1.32,-0.61,0.0,68.8,82.4,0.0,32.0,26.7,-99.9,-7.7,58.8,-156.0,12.0,22.6,-48.0,-0.3,54.1,-110.1,-5.2,3.4,-0.6,14.9,-12.5,-16.5,-17.0,-17.4,22.1,-1.8,1.5,1.6,2,3
592,11.84,-0.02,117.27,2.9,4.88,-0.04,-42.67,336.64,0.0,418.95,593.0,8.68,12.19,0.88,0.36,0.2,0.14,1.61,-0.04,-0.5,-0.62,-1.16,-1.06,-0.62,-1.16,-1.06,122.1,0.0,26.3,0.0,27.1,30.7,-100.7,-13.2,58.6,-156.0,5.8,25.5,-48.0,-7.8,54.7,-99.0,-13.1,3.2,-1.0,18.7,-13.5,-7.3,-2.4,0.8,22.8,-5.3,-3.5,7.4,2,3
594,11.88,-0.02,117.67,2.93,4.9,-0.04,-42.81,337.77,0.0,420.38,595.0,8.68,12.17,0.88,0.41,0.19,0.18,-2.04,-1.45,-0.29,-0.24,2.49,0.34,-0.24,2.49,0.34,52.0,68.2,0.0,0.0,29.4,30.5,-91.3,-1.6,63.7,-156.0,6.0,34.0,-48.0,-17.7,44.5,-67.8,-14.1,6.5,1.6,7.7,-5.3,-19.8,-1.2,-3.4,22.8,7.2,-5.2,-1.1,2,3
596,11.92,-0.02,118.06,2.96,4.91,-0.04,-43.11,338.92,0.0,421.67,597.0,8.68,12.15,0.88,0.42,0.16,-0.04,0.03,-0.73,0.14,-0.67,0.31,0.11,-0.67,0.31,0.11,63.3,0.0,74.8,139.7,31.6,28.3,-78.2,2.5,64.6,-156.0,6.6,37.1,-48.0,-13.0,43.3,-73.1,-8.4,3.2,6.5,-5.1,-0.9,-19.7,-2.4,-13.4,21.5,17.2,-14.4,-11.1,2,3
598,11.96,-0.02,118.45,2.99,4.93,-0.04,-43.23,340.07,0.0,423.14,599.0,8.68,12.14,0.87,0.37,0.18,-0.23,-0.49,2.54,1.01,2.3,-1.1,1.1,2.3,-1.1,1.1,0.0,0.0,55.9,84.4,39.1,15.1,-68.1,-5.3,58.9,-156.0,14.7,31.1,-48.0,-4.6,49.8,-93.8,-2.4,0.9,-2.1,5.4,-0.6,-19.7,-6.6,-18.8,14.3,7.7,-13.1,-7.9,2,3
600,12.0,-0.02,118.84,3.03,4.94,-0.04,-43.41,341.2,0.0,424.53,601.0,8.68,12.12,0.87,0.45,0.16,0.2,0.49,-0.02,0.2,-0.27,-0.45,0.01,-0.27,-0.45,0.01,0.0,64.3,80.5,74.2,35.7,11.7,-77.6,-3.0,62.4,-156.0,14.5,26.0,-48.0,-1.7,55.5,-101.4,-0.1,9.3,-0.7,5.1,-1.8,-19.7,-15.9,-20.1,9.8,5.0,-12.3,-8.0,2,3
602,12.04,-0.02,119.24,3.06,4.95,-0.04,-43.51,342.32,0.0,426.0,603.0,8.67,12.1,0.87,0.46,0.16,0.14,1.37,0.45,-0.12,-0.14,-1.32,-0.59,-0.14,-1.32,-0.59,94.9,66.9,88.7,8.6,32.4,27.5,-89.3,-6.0,63.0,-156.0,13.3,24.1,-48.0,-0.8,58.7,-107.2,-1.0,0.7,-3.3,10.0,-5.9,-18.0,-17.2,-19.3,15.8,1.5,-0.2,-4.2,2,3
604,12.08,-0.03,119.63,3.1,4.97,-0.04,-43.62,343.43,0.0,427.44,605.0,8.67,12.08,0.87,0.47,0.19,0.2,1.55,0.06,-0.68,-0.37,-1.11,-1.22,-0.37,-1.11,-1.22,86.6,162.9,17.5,0.0,26.2,34.2,-100.5,-13.9,61.4,-155.2,7.5,26.0,-48.0,-3.8,62.0,-106.5,-8.5,3.3,0.1,14.0,-20.3,19.8,-5.7,3.8,22.8,-5.2,2.6,5.7,2,3
606,12.12,-0.03,120.02,3.14,4.98,-0.04,-43.86,344.55,0.0,428.76,607.0,8.66,12.05,0.87,0.48,0.21,0.33,-4.43,-2.17,-1.05,0.53,5.01,0.35,0.53,5.01,0.35,71.2,0.0,0.0,0.0,23.4,38.9,-107.3,-28.6,44.0,-129.8,6.7,43.6,-48.0,-11.9,59.8,-78.1,-15.2,-1.3,5.2,17.0,-8.4,-18.2,-1.2,-9.6,22.8,1.2,-10.9,2.3,1,3
608,12.16,-0.03,120.41,3.18,5.0,-0.04,-44.33,345.64,0.0,429.83,609.0,8.66,12.03,0.88,0.55,0.06,0.4,-5.99,-2.73,-0.3,0.69,6.35,1.64,0.69,6.35,1.64,25.4,0.0,0.0,0.0,33.7,34.1,-96.6,-15.6,34.6,-156.0,14.4,45.9,-48.0,-5.4,46.3,-64.8,-13.4,1.0,13.1,9.6,8.6,-18.0,-0.1,-10.7,22.8,12.2,-4.6,-14.6,2,3
610,12.2,-0.03,120.8,3.23,5.02,-0.04,-44.54,346.77,0.0,431.2,611.0,8.65,12.01,0.89,0.49,0.04,0.21,-0.59,0.07,0.87,0.45,0.21,0.93,0.45,0.21,0.93,0.0,0.0,70.1,51.8,42.8,20.0,-62.1,-3.8,47.9,-156.0,24.9,40.6,-48.0,6.8,56.6,-83.1,-9.4,-1.1,-0.4,2.4,2.2,-19.7,-6.5,-19.1,21.3,11.7,-16.2,-10.3,2,3
612,12.24,-0.03,121.2,3.26,5.03,-0.04,-44.77,347.89,0.0,432.53,613.0,8.64,11.99,0.89,0.37,0.14,-0.01,2.46,3.65,1.91,2.21,-4.24,0.42,2.21,-4.24,0.42,0.0,0.0,57.7,30.9,45.6,-3.4,-59.5,-2.7,57.8,-156.0,30.6,26.0,-48.0,14.4,55.5,-103.7,2.9,9.9,-4.0,2.2,-1.4,-19.7,-13.3,-17.4,12.8,3.3,-7.8,-3.7,2,3
614,12.28,-0.03,121.59,3.31,5.05,-0.04,-45.0,349.02,0.0,433.89,615.0,8.64,11.97,0.88,0.63,0.13,0.15,4.76,1.02,0.08,-1.08,-4.43,-1.7,-1.08,-4.43,-1.7,0.0,94.7,51.2,93.3,42.5,2.7,-83.3,1.2,59.4,-156.0,22.4,18.4,-48.0,10.8,54.7,-112.8,-3.5,2.9,-2.4,5.7,-13.7,-19.7,-13.9,-18.9,12.2,2.8,-7.9,1.5,2,3
616,12.32,-0.03,121.98,3.35,5.07,-0.05,-45.09,350.13,0.0,435.37,617.0,8.63,11.94,0.88,0.6,0.16,0.29,2.96,-0.31,-0.89,-1.25,-1.98,-2.03,-1.25,-1.98,-2.03,0.0,51.1,78.5,0.0,32.9,26.9,-98.1,-6.6,60.1,-156.0,15.2,19.0,-48.0,6.1,60.5,-111.7,-1.4,-0.3,-1.6,11.8,-17.1,-5.5,-17.1,-6.4,22.0,-2.4,-0.0,2.1,2,3
618,12.36,-0.03,122.38,3.4,5.08,-0.05,-45.31,351.24,0.0,436.71,619.0,8.62,11.92,0.89,0.54,0.25,0.33,-0.63,-1.67,-1.38,-0.55,1.75,-1.31,-0.55,1.75,-1.31,101.9,54.2,0.0,0.0,23.3,38.8,-101.7,-22.3,52.7,-145.3,5.1,32.4,-48.0,-4.6,66.0,-95.9,-13.9,-1.1,0.6,14.3,-19.0,19.2,4.2,4.6,22.8,-3.8,-6.2,6.6,1,3
620,12.4,-0.03,122.77,3.43,5.1,-0.05,-45.6,352.37,0.0,438.0,621.0,8.62,11.89,0.89,0.46,0.13,0.37,-6.28,-1.55,-1.21,2.4,6.08,0.76,2.4,6.08,0.76,42.1,0.0,0.0,0.0,24.1,38.3,-106.4,-28.9,29.6,-140.4,7.5,50.0,-48.0,-12.2,54.0,-69.8,-13.8,-3.7,6.4,19.3,-3.3,-17.2,1.9,-12.7,22.8,4.8,-3.6,2.2,1,3
622,12.44,-0.03,123.17,3.47,5.12,-0.05,-45.98,353.5,0.0,439.21,623.0,8.61,11.87,0.9,0.56,-0.01,0.34,-5.53,-2.97,-0.57,0.71,6.1,1.42,0.71,6.1,1.42,0.0,0.0,0.0,189.4,38.7,25.5,-89.1,-9.7,18.1,-156.0,21.0,38.3,-48.0,4.9,41.9,-67.5,-12.1,1.2,11.4,4.2,15.1,-19.7,1.5,-8.8,22.8,14.1,-4.6,-12.6,2,3
624,12.48,-0.03,123.56,3.52,5.14,-0.05,-46.25,354.62,0.0,440.52,625.0,8.59,11.85,0.91,0.48,0.07,0.09,0.56,0.25,1.33,0.13,-1.01,1.06,0.13,-1.01,1.06,0.0,0.0,60.6,42.5,47.0,5.6,-48.6,4.6,53.9,-156.0,35.0,29.4,-48.0,20.8,57.0,-94.1,-2.3,4.7,-8.1,1.9,-3.8,-19.7,-10.7,-19.6,20.8,5.7,-15.1,-8.0,3,3
626,12.52,-0.03,123.96,3.55,5.16,-0.05,-46.51,355.73,0.0,441.83,627.0,8.59,11.84,0.9,0.52,0.21,-0.15,4.03,2.09,1.32,-0.16,-4.71,-0.31,-0.16,-4.71,-0.31,0.0,0.0,59.1,28.1,51.5,-11.7,-66.5,2.7,62.7,-156.0,38.2,9.6,-48.0,28.7,45.8,-119.8,-3.5,12.3,-1.5,2.4,-8.7,-19.7,-16.2,-15.1,11.6,-2.6,0.3,3.8,2,3
628,12.56,-0.03,124.35,3.61,5.18,-0.05,-46.76,356.88,0.0,443.19,629.0,8.58,11.81,0.89,0.64,0.18,0.05,4.12,0.19,-0.65,-1.83,-3.29,-1.81,-1.83,-3.29,-1.81,0.0,30.7,52.0,168.1,43.8,3.1,-92.5,-3.2,55.6,-156.0,25.8,8.4,-48.0,21.6,48.8,-129.5,-4.6,1.8,-2.0,9.9,-16.6,-19.7,-14.1,-10.3,19.1,2.0,-2.2,14.3,2,3
630,12.6,-0.03,124.75,3.65,5.2,-0.05,-46.9,358.01,0.0,444.63,631.0,8.58,11.79,0.89,0.51,0.23,0.3,3.03,-0.01,-1.29,-1.31,-2.14,-2.14,-1.31,-2.14,-2.14,0.0,0.0,34.1,28.7,29.1,22.9,-109.4,-12.5,55.0,-156.0,18.0,10.6,-48.0,10.5,53.1,-124.0,-2.9,-3.0,1.8,16.7,-18.3,-12.3,-16.6,0.9,22.8,-7.5,1.2,4.2,2,3
632,12.64,-0.03,125.15,3.69,5.22,-0.05,-47.11,359.14,0.0,446.01,633.0,8.57,11.77,0.9,0.53,0.25,0.26,-0.57,-1.13,-0.95,-0.24,1.28,-0.89,-0.24,1.28,-0.89,62.7,32.6,0.0,0.0,22.0,28.8,-103.7,-8.0,58.6,-156.0,10.6,21.4,-48.0,-11.4,57.7,-99.9,-14.9,1.2,0.0,18.5,-15.3,-11.6,-1.1,2.0,22.8,-1.4,-5.0,8.6,2,3
634,12.68,-0.03,125.54,3.73,5.24,-0.05,-47.36,360.28,0.0,447.36,635.0,8.56,11.74,0.9,0.49,0.23,0.22,-2.89,-1.02,-0.79,1.18,2.93,-0.12,1.18,2.93,-0.12,35.4,0.0,0.0,0.0,28.1,26.6,-90.7,9.9,62.4,-156.0,4.9,34.3,-48.0,-19.1,48.0,-71.2,-10.9,10.8,8.0,-5.7,-5.9,-19.8,5.2,-11.5,22.8,16.2,-5.9,-6.8,2,3
636,12.72,-0.03,125.94,3.77,5.26,-0.05,-47.6,361.44,0.0,448.73,637.0,8.55,11.72,0.9,0.44,0.16,-0.04,-2.46,0.06,-0.24,1.66,1.81,0.3,1.66,1.81,0.3,21.8,0.0,46.9,42.2,36.1,20.1,-71.2,5.0,57.0,-156.0,12.1,35.3,-48.0,-2.0,46.1,-83.8,-4.6,2.2,6.6,1.6,3.1,-19.7,-4.9,-16.5,22.1,13.8,-14.8,-8.7,2,3
638,12.76,-0.03,126.33,3.8,5.28,-0.05,-47.83,362.58,0.0,450.09,639.0,8.55,11.71,0.89,0.4,0.25,-0.27,0.38,2.92,1.12,1.89,-2.42,0.69,1.89,-2.42,0.69,0.0,0.0,112.5,24.9,47.5,2.9,-63.5,3.3,56.6,-156.0,23.4,25.3,-48.0,12.7,46.5,-107.5,-1.6,8.5,-7.0,4.2,-1.1,-19.7,-10.3,-18.4,18.6,2.4,-3.7,0.4,2,3
640,12.8,-0.03,126.72,3.84,5.3,-0.05,-48.05,363.72,0.0,451.44,641.0,8.55,11.69,0.88,0.47,0.16,0.09,2.45,-0.14,-0.28,-1.52,-1.63,-1.07,-1.52,-1.63,-1.07,0.0,62.5,111.3,115.0,41.5,6.1,-83.8,5.6,58.3,-156.0,19.5,20.6,-48.0,13.3,50.5,-118.0,-2.1,1.5,-0.7,4.4,-11.5,-19.7,-12.9,-19.7,17.2,1.4,-7.7,4.6,2,3
642,12.84,-0.03,127.11,3.87,5.31,-0.05,-48.15,364.84,0.0,452.91,643.0,8.54,11.67,0.88,0.44,0.14,0.17,3.62,0.21,-1.08,-1.74,-2.54,-2.21,-1.74,-2.54,-2.21,35.8,53.2,59.2,9.0,33.1,21.3,-91.2,-3.9,57.6,-156.0,13.2,19.7,-48.0,7.0,52.5,-116.5,0.9,-1.1,1.6,9.2,-16.2,-9.2,-18.3,-10.1,19.4,-2.4,-0.5,1.0,2,3
644,12.88,-0.03,127.5,3.91,5.33,-0.05,-48.28,365.95,0.0,454.34,645.0,8.53,11.66,0.89,0.41,0.19,0.27,-0.48,-1.29,-1.54,0.11,1.39,-1.52,0.11,1.39,-1.52,82.1,94.0,0.0,0.0,27.4,27.6,-90.4,-18.9,51.4,-147.2,3.5,28.0,-48.0,-4.6,56.9,-103.6,-10.9,0.9,0.1,12.9,-19.6,15.4,3.5,4.1,22.8,-2.4,-2.5,5.0,1,3
646,12.92,-0.03,127.9,3.94,5.35,-0.05,-48.53,367.08,0.0,455.66,647.0,8.52,11.64,0.89,0.4,0.09,0.2,-4.55,-1.16,-1.34,2.92,3.91,-0.06,2.92,3.91,-0.06,49.3,0.0,0.0,0.0,31.6,32.4,-92.5,-22.7,36.7,-149.7,6.0,38.1,-48.0,-8.4,50.7,-83.2,-13.8,-0.3,2.5,16.4,5.9,-15.6,-0.4,-9.7,22.8,4.2,-1.7,2.1,1,3
648,12.96,-0.03,128.29,3.97,5.37,-0.05,-48.77,368.23,0.0,457.01,649.0,8.5,11.63,0.89,0.44,0.05,0.11,-2.28,-0.45,-0.4,1.49,1.82,0.18,1.49,1.82,0.18,35.0,0.0,30.6,52.4,40.1,30.8,-84.7,-9.6,38.1,-156.0,15.1,35.5,-48.0,1.2,47.9,-82.0,-9.2,5.1,3.8,-1.2,7.4,-19.7,-3.7,-14.1,22.1,13.3,-15.2,-5.1,2,3
650,13.0,-0.03,128.69,4.0,5.39,-0.05,-48.87,369.37,0.0,458.5,651.0,8.49,11.62,0.89,0.35,0.08,-0.11,1.39,2.16,0.41,0.29,-2.58,-0.15,0.29,-2.58,-0.15,0.0,0.0,54.7,50.8,42.5,20.0,-77.6,-3.7,51.3,-156.0,20.4,30.2,-48.0,7.4,50.8,-93.4,-3.3,2.4,-3.4,5.1,-2.8,-19.7,-6.7,-17.4,19.7,4.3,-12.2,-4.9,2,3
652,13.04,-0.03,129.08,4.04,5.4,-0.05,-49.01,370.5,0.0,459.93,653.0,8.49,11.61,0.88,0.41,0.07,0.05,6.24,0.09,0.02,-4.43,-3.79,-2.23,-4.43,-3.79,-2.23,0.0,84.7,109.4,50.1,39.5,12.6,-80.8,-0.7,58.3,-156.0,15.9,22.6,-48.0,5.8,50.4,-100.3,2.9,8.3,1.6,4.7,-3.7,-19.7,-11.2,-19.4,9.8,5.1,-8.3,-5.6,2,3
654,13.08,-0.03,129.47,4.07,5.42,-0.05,-49.11,371.62,0.0,461.39,655.0,8.48,11.59,0.88,0.36,0.07,0.13,2.08,0.23,-0.52,-1.17,-1.36,-1.2,-1.17,-1.36,-1.2,74.7,53.0,83.9,5.8,32.7,22.1,-79.6,-7.8,60.1,-156.0,10.1,20.8,-48.0,2.1,54.2,-105.0,-3.6,1.8,-3.7,9.9,-8.4,-19.0,-14.7,-18.1,14.7,1.9,0.1,-2.9,2,3
656,13.12,-0.03,129.86,4.09,5.43,-0.05,-49.18,372.72,0.0,462.85,657.0,8.46,11.58,0.88,0.35,0.09,0.21,1.05,-0.38,-1.12,-0.48,-0.24,-1.49,-0.48,-0.24,-1.49,63.5,150.9,3.4,0.0,28.2,27.2,-85.2,-17.0,56.7,-154.5,4.3,23.8,-48.0,-2.0,56.7,-107.4,-6.8,2.0,0.3,11.7,-20.8,21.7,-4.9,7.8,22.8,-3.9,1.1,4.2,2,3
658,13.16,-0.03,130.26,4.12,5.45,-0.05,-49.41,373.84,0.0,464.17,659.0,8.45,11.57,0.89,0.33,0.1,0.28,-5.27,-2.55,-1.75,3.48,5.01,-0.26,3.48,5.01,-0.26,72.1,0.0,0.0,0.0,29.4,34.5,-93.3,-30.0,34.7,-121.9,4.7,44.2,-48.0,-7.6,55.4,-94.6,-17.3,1.0,1.1,15.2,-13.7,-13.7,4.5,-10.3,22.8,1.4,-7.2,0.6,1,3
660,13.2,-0.03,130.65,4.15,5.47,-0.05,-49.7,374.98,0.0,465.48,661.0,8.44,11.56,0.89,0.37,0.01,0.13,-6.6,-1.52,-1.11,4.98,4.65,0.73,4.98,4.65,0.73,38.7,0.0,0.0,19.0,40.6,32.4,-92.5,-20.8,8.1,-154.2,18.5,45.3,-48.0,-4.3,42.3,-84.8,-13.9,1.3,-0.8,7.0,14.2,-5.3,-2.7,-9.5,22.8,13.4,-4.8,-2.7,2,3
662,13.24,-0.03,131.05,4.19,5.49,-0.05,-50.02,376.1,0.0,466.73,663.0,8.43,11.55,0.89,0.49,0.03,0.02,-2.79,-1.04,0.03,1.87,2.14,0.88,1.87,2.14,0.88,0.0,0.0,128.6,48.2,49.1,27.7,-92.9,-7.4,35.8,-156.0,28.4,29.7,-48.0,2.9,42.0,-89.2,-17.6,7.4,7.5,4.6,5.5,-19.7,-5.7,-17.9,21.8,15.2,-5.9,-2.4,2,3
664,13.28,-0.03,131.45,4.22,5.5,-0.05,-50.23,377.22,0.0,468.08,665.0,8.41,11.54,0.88,0.33,0.09,-0.12,2.48,1.43,0.57,-1.39,-2.54,-0.33,-1.39,-2.54,-0.33,0.0,0.0,79.3,25.7,47.3,25.2,-88.1,3.3,66.0,-156.0,27.5,28.7,-48.0,1.9,46.7,-96.3,5.2,-6.1,0.2,-2.3,-3.6,-19.7,-7.1,-20.0,8.4,6.5,-6.3,-10.0,2,3
666,13.32,-0.03,131.85,4.25,5.52,-0.05,-50.36,378.35,0.0,469.53,667.0,8.4,11.54,0.88,0.44,0.03,0.01,3.86,0.63,0.18,-2.94,-2.44,-0.87,-2.94,-2.44,-0.87,0.0,103.0,100.0,161.2,44.0,16.5,-88.7,4.5,61.1,-156.0,21.1,23.2,-48.0,-3.1,47.4,-106.2,-5.3,3.5,-0.8,3.9,-5.8,-19.7,-13.9,-19.4,12.1,11.6,-4.5,4.1,2,3
668,13.36,-0.03,132.25,4.28,5.53,-0.05,-50.45,379.49,0.0,471.03,669.0,8.39,11.53,0.88,0.44,0.01,0.15,1.84,0.98,-0.33,-0.97,-1.64,-0.9,-0.97,-1.64,-0.9,0.0,66.3,91.4,11.3,35.8,20.6,-96.7,-2.4,60.5,-156.0,17.2,22.0,-48.0,-3.2,50.7,-106.7,-7.2,4.7,-2.4,13.3,-10.2,-19.7,-18.0,-18.6,21.1,3.8,1.6,1.1,2,3
670,13.4,-0.03,132.65,4.32,5.55,-0.05,-50.57,380.63,0.0,472.5,671.0,8.37,11.52,0.88,0.42,0.05,0.21,2.68,0.56,-1.01,-1.69,-1.56,-1.78,-1.69,-1.56,-1.78,0.0,0.0,40.9,0.0,26.6,26.7,-103.4,-13.7,57.7,-156.0,7.1,24.1,-48.0,-5.7,54.3,-102.2,-8.1,5.0,3.5,17.6,-16.3,-2.2,-6.0,-1.5,22.8,-6.7,-0.8,4.8,2,3
672,13.44,-0.03,133.04,4.35,5.57,-0.05,-50.7,381.77,0.0,473.95,673.0,8.35,11.51,0.88,0.43,0.05,0.22,-1.25,-0.39,-0.71,1.12,0.93,-0.3,1.12,0.93,-0.3,117.6,0.0,0.0,0.0,26.9,31.2,-96.1,-11.0,59.5,-156.0,3.9,30.9,-48.0,-16.6,46.2,-80.6,-16.0,4.5,0.5,14.0,-15.0,-18.6,0.6,-0.9,22.8,3.3,-3.2,4.4,2,3
674,13.48,-0.03,133.44,4.39,5.58,-0.05,-50.91,382.91,0.0,475.33,675.0,8.34,11.5,0.88,0.47,0.03,0.07,0.22,-0.76,-0.28,-0.44,0.63,-0.34,-0.44,0.63,-0.34,93.3,0.0,49.5,136.5,30.7,29.6,-83.6,1.6,64.5,-156.0,6.0,33.9,-48.0,-13.5,41.9,-74.9,-10.1,8.8,12.2,-7.7,-1.4,-19.7,-0.3,-9.1,21.8,17.7,-10.6,-5.1,2,3
676,13.52,-0.03,133.83,4.42,5.6,-0.05,-51.03,384.06,0.0,476.81,677.0,8.32,11.49,0.88,0.41,0.02,-0.2,-1.85,1.67,0.26,2.23,-0.83,0.77,2.23,-0.83,0.77,4.2,0.0,56.9,39.7,37.6,21.3,-67.4,-4.9,61.6,-156.0,12.7,32.9,-48.0,-6.5,49.0,-90.3,-4.9,-5.4,-2.9,7.0,-2.7,-19.7,-5.5,-19.7,17.2,8.6,-13.3,-10.1,2,3
678,13.56,-0.03,134.23,4.46,5.61,-0.05,-51.21,385.2,0.0,478.21,679.0,8.31,11.48,0.87,0.44,0.04,0.23,1.85,-0.73,0.29,-1.96,-0.13,-0.4,-1.96,-0.13,-0.4,0.0,72.3,74.2,101.3,36.7,11.4,-75.7,-3.5,61.8,-156.0,13.8,26.3,-48.0,-2.0,54.6,-102.3,2.7,12.5,-0.6,5.2,-3.5,-19.7,-8.8,-20.7,10.3,9.1,-13.3,-8.6,2,3
680,13.6,-0.03,134.62,4.5,5.63,-0.05,-51.3,386.33,0.0,479.69,681.0,8.29,11.47,0.87,0.49,0.04,0.08,2.05,0.05,-0.02,-1.7,-0.89,-0.74,-1.7,-0.89,-0.74,0.0,85.8,95.3,0.0,34.8,25.6,-89.5,-4.6,62.2,-156.0,16.0,23.8,-48.0,2.4,60.2,-112.1,-1.6,2.7,-4.0,10.4,-2.8,-19.5,-16.9,-19.5,12.9,-1.2,-1.0,-5.4,2,3
682,13.64,-0.03,135.01,4.54,5.64,-0.05,-51.47,387.44,0.0,481.09,683.0,8.28,11.46,0.87,0.48,0.07,0.18,2.57,-0.43,-0.64,-2.08,-0.64,-1.57,-2.08,-0.64,-1.57,70.9,173.9,17.0,0.0,27.5,37.1,-101.7,-11.9,62.8,-155.3,10.0,25.8,-48.0,-2.8,64.0,-113.8,-6.1,2.7,0.9,13.1,-20.7,21.7,-9.2,7.6,22.8,-5.0,5.5,8.3,2,3
684,13.68,-0.03,135.4,4.57,5.66,-0.05,-51.73,388.57,0.0,482.39,685.0,8.26,11.45,0.87,0.45,0.08,0.28,-4.11,-2.44,-1.15,3.13,3.79,-0.16,3.13,3.79,-0.16,143.0,0.0,0.0,0.0,22.4,42.5,-110.3,-30.1,43.7,-126.6,6.0,47.8,-48.0,-11.8,66.2,-82.1,-16.3,-0.3,7.2,16.2,-8.3,-16.5,1.8,-12.6,22.8,1.3,-13.4,2.0,1,3
686,13.72,-0.03,135.8,4.61,5.67,-0.05,-52.14,389.69,0.0,483.55,687.0,8.24,11.45,0.88,0.48,-0.07,0.31,-5.81,-2.54,-0.78,4.54,4.45,0.71,4.54,4.45,0.71,27.3,0.0,0.0,0.0,31.6,38.4,-103.9,-19.6,29.1,-156.0,13.1,47.0,-48.0,-5.5,50.8,-64.0,-13.3,-2.7,7.9,9.0,3.4,-13.8,2.1,-6.4,22.8,7.2,-5.7,-7.4,2,3
688,13.76,-0.03,136.19,4.65,5.69,-0.05,-52.36,390.83,0.0,484.92,689.0,8.21,11.44,0.88,0.49,-0.11,0.16,-0.36,-0.3,0.16,0.22,0.35,0.27,0.22,0.35,0.27,1.7,0.0,47.8,48.0,41.4,29.1,-77.8,-8.3,42.6,-156.0,23.4,43.1,-48.0,5.6,55.6,-75.9,-12.9,0.6,2.7,3.5,1.6,-19.7,-5.0,-18.9,21.7,12.5,-14.7,-10.4,2,3
690,13.8,-0.03,136.59,4.68,5.7,-0.05,-52.56,391.97,0.0,486.3,691.0,8.2,11.44,0.89,0.29,-0.03,-0.07,2.21,3.04,1.19,-0.98,-3.81,0.2,-0.98,-3.81,0.2,0.0,0.0,57.1,33.3,43.0,9.8,-66.7,-1.3,59.4,-156.0,27.0,32.8,-48.0,10.9,58.5,-93.3,3.6,6.5,-7.1,0.9,-1.0,-19.7,-10.6,-19.0,10.3,3.3,-10.8,-7.7,2,3
692,13.84,-0.03,136.99,4.71,5.72,-0.05,-52.72,393.11,0.0,487.73,693.0,8.19,11.43,0.88,0.49,-0.04,0.11,5.25,1.11,-0.18,-4.17,-2.89,-1.76,-4.17,-2.89,-1.76,0.0,105.1,102.8,67.4,41.3,7.6,-79.6,1.2,60.9,-156.0,18.7,21.4,-48.0,6.1,54.6,-106.2,-0.6,2.9,-0.9,6.8,-12.3,-19.7,-12.9,-16.6,6.3,4.4,-5.6,-0.0,2,3
694,13.88,-0.03,137.38,4.75,5.74,-0.05,-52.79,394.23,0.0,489.23,695.0,8.17,11.43,0.88,0.5,-0.08,0.32,2.33,-0.01,-0.94,-1.71,-0.77,-1.67,-1.71,-0.77,-1.67,0.0,46.2,99.4,0.0,34.6,23.3,-87.7,-8.0,59.9,-156.0,11.6,19.9,-48.0,3.0,55.9,-105.8,-2.5,2.0,-1.7,9.9,-15.0,-10.1,-14.5,-11.3,21.1,0.2,3.5,0.3,2,3
696,13.92,-0.03,137.78,4.79,5.75,-0.05,-52.96,395.35,0.0,490.62,697.0,8.14,11.43,0.89,0.47,0.01,0.38,0.22,-0.97,-1.44,0.12,0.74,-1.58,0.12,0.74,-1.58,69.0,121.0,0.0,0.0,25.7,30.7,-91.0,-22.6,51.3,-146.2,3.7,27.2,-48.0,-1.3,58.2,-100.7,-9.7,1.1,1.7,13.1,-19.9,19.9,2.4,9.6,22.8,-5.4,-1.5,2.2,1,3
698,13.96,-0.03,138.17,4.83,5.77,-0.05,-53.24,396.48,0.0,491.93,699.0,8.12,11.42,0.9,0.47,-0.1,0.3,-4.89,-1.54,-1.47,4.66,2.58,-0.14,4.66,2.58,-0.14,50.6,0.0,0.0,0.0,27.7,33.2,-93.9,-28.4,31.2,-144.3,4.8,41.7,-48.0,-8.4,48.8,-84.6,-14.8,2.0,0.3,16.7,-2.2,-14.4,2.5,-9.5,22.8,3.8,-3.4,0.8,1,3
700,14.0,-0.03,138.57,4.87,5.79,-0.05,-53.49,397.62,0.0,493.28,701.0,8.1,11.42,0.9,0.52,-0.14,0.18,-5.28,-0.98,-0.76,4.98,2.06,0.58,4.98,2.06,0.58,49.8,0.0,140.3,84.0,38.5,31.0,-91.3,-14.6,24.6,-156.0,16.0,32.5,-48.0,-0.8,45.2,-84.3,-11.1,-0.5,7.2,1.4,9.1,-19.7,-1.0,-4.9,22.7,13.6,-11.1,-5.7,2,3
702,14.04,-0.03,138.97,4.91,5.81,-0.05,-53.61,398.75,0.0,494.75,703.0,8.08,11.42,0.9,0.46,-0.08,0.06,0.9,1.56,0.53,-0.6,-1.78,-0.06,-0.6,-1.78,-0.06,0.0,0.0,53.0,39.2,45.4,15.6,-77.5,-4.5,46.5,-156.0,25.8,27.1,-48.0,8.7,46.6,-98.2,-9.6,5.9,-2.7,8.2,-1.2,-19.7,-7.6,-18.9,20.1,6.2,-9.5,-5.4,2,3
704,14.08,-0.03,139.37,4.95,5.83,-0.05,-53.8,399.88,0.0,496.14,705.0,8.06,11.42,0.89,0.67,-0.02,-0.02,6.75,0.88,-0.23,-6.01,-2.04,-2.45,-6.01,-2.04,-2.45,0.0,117.1,128.8,92.8,44.9,3.2,-80.6,5.0,56.7,-156.0,23.4,15.7,-48.0,9.6,42.4,-112.7,-1.2,12.9,3.0,-1.3,0.8,-19.7,-15.0,-19.2,6.6,3.8,-5.2,-0.9,2,3
706,14.12,-0.03,139.76,5.01,5.85,-0.05,-53.93,401.01,0.0,497.61,707.0,8.03,11.42,0.89,0.62,-0.03,0.21,2.55,0.07,-1.19,-1.95,-0.48,-1.96,-1.95,-0.48,-1.96,0.0,58.4,135.0,6.3,38.2,19.3,-84.0,-3.4,58.9,-156.0,16.1,13.9,-48.0,4.6,46.8,-119.3,-2.9,2.5,-2.8,9.0,-8.0,-19.7,-16.6,-17.0,14.2,0.7,4.5,6.0,2,3
708,14.16,-0.03,140.16,5.05,5.87,-0.05,-54.05,402.13,0.0,499.07,709.0,8.01,11.42,0.89,0.59,0.03,0.28,3.41,-0.28,-1.49,-2.66,-0.29,-2.59,-2.66,-0.29,-2.59,74.9,101.8,29.3,0.0,28.4,28.9,-89.3,-14.0,56.7,-155.8,8.4,16.9,-48.0,1.7,54.8,-110.1,-5.8,0.8,-0.8,13.4,-20.0,14.9,-8.9,5.4,22.8,-6.7,2.4,2.8,2,3
710,14.2,-0.03,140.56,5.1,5.89,-0.05,-54.26,403.25,0.0,500.45,711.0,7.98,11.41,0.9,0.55,0.09,0.3,-3.05,-2.22,-2.11,3.6,1.91,-1.43,3.6,1.91,-1.43,127.2,0.0,0.0,0.0,24.7,36.0,-93.7,-30.2,41.6,-135.4,1.7,35.8,-48.0,-7.4,57.6,-89.4,-16.6,1.1,1.4,16.2,-13.0,-13.1,4.3,-6.5,22.8,-0.2,-8.4,2.8,1,3
712,14.24,-0.03,140.95,5.14,5.91,-0.05,-54.63,404.39,0.0,501.69,713.0,7.96,11.41,0.9,0.54,-0.01,0.22,-6.03,-1.87,-1.49,6.31,1.51,0.03,6.31,1.51,0.03,45.8,0.0,0.0,0.0,33.9,37.2,-94.5,-23.7,24.8,-156.0,9.4,41.2,-48.0,-2.9,44.6,-77.8,-12.8,0.2,7.4,9.6,13.3,-13.5,-0.4,-10.6,22.8,9.3,-3.2,-4.4,2,3
714,14.28,-0.03,141.35,5.19,5.93,-0.05,-54.82,405.53,0.0,503.1,715.0,7.93,11.42,0.9,0.56,-0.01,0.07,-1.22,0.14,-0.59,1.3,-0.15,-0.37,1.3,-0.15,-0.37,51.9,0.0,81.9,34.4,42.8,31.7,-86.5,-10.3,40.3,-156.0,18.9,31.6,-48.0,7.5,50.4,-86.8,-12.4,8.6,8.0,3.8,4.5,-19.7,-9.5,-14.6,21.8,11.4,-10.8,-6.7,2,3
716,14.32,-0.03,141.75,5.22,5.95,-0.05,-54.96,406.67,0.0,504.55,717.0,7.92,11.42,0.9,0.45,0.09,-0.09,2.37,2.8,0.09,-2.55,-2.47,-0.91,-2.55,-2.47,-0.91,0.0,0.0,93.6,27.3,41.5,19.6,-81.2,-1.0,53.5,-156.0,21.6,25.2,-48.0,11.0,51.5,-99.6,3.2,3.1,-4.2,1.1,-0.9,-19.7,-7.2,-17.4,17.5,3.0,-7.9,-3.9,2,3
718,14.36,-0.03,142.15,5.27,5.97,-0.05,-55.1,407.8,0.0,506.0,719.0,7.9,11.42,0.89,0.5,0.08,0.23,4.89,-0.15,-0.89,-4.27,0.8,-2.42,-4.27,0.8,-2.42,0.0,39.3,100.0,133.0,36.6,14.7,-87.1,-0.1,58.0,-156.0,17.0,17.0,-48.0,9.2,50.6,-107.0,-0.8,2.4,-1.4,8.9,-12.7,-19.7,-10.8,-19.2,14.7,6.3,-11.0,1.9,2,3
720,14.4,-0.03,142.55,5.3,5.98,-0.05,-55.17,408.94,0.0,507.52,721.0,7.88,11.42,0.89,0.43,0.12,0.28,1.83,0.53,-1.35,-1.37,-0.35,-1.86,-1.37,-0.35,-1.86,0.0,33.0,97.7,0.0,30.3,17.6,-92.8,-5.5,57.9,-156.0,12.7,15.9,-48.0,6.0,51.0,-107.2,-3.8,3.5,-2.1,12.2,-12.4,-19.7,-17.7,-18.1,20.0,0.9,1.3,0.2,2,3
722,14.44,-0.03,142.94,5.34,6.0,-0.05,-55.27,410.06,0.0,509.0,723.0,7.85,11.42,0.9,0.43,0.18,0.27,2.34,-0.13,-1.83,-1.5,0.29,-2.54,-1.5,0.29,-2.54,100.2,0.0,30.2,0.0,23.9,22.8,-96.1,-13.6,54.9,-156.0,5.5,19.1,-48.0,-0.8,53.4,-105.5,-8.9,6.2,-0.8,16.5,-16.6,0.3,-4.3,2.2,22.8,-5.6,-0.0,4.9,2,3
724,14.48,-0.03,143.34,5.37,6.02,-0.05,-55.4,411.18,0.0,510.44,725.0,7.83,11.42,0.9,0.47,0.19,0.19,-1.71,-0.74,-1.53,2.22,-0.17,-0.92,2.22,-0.17,-0.92,119.7,0.0,0.0,0.0,25.4,27.5,-92.6,-7.6,57.0,-156.0,2.2,29.9,-48.0,-14.6,48.2,-81.1,-17.2,2.8,-3.9,15.3,-18.2,-13.1,1.6,2.6,22.8,1.6,-4.8,6.2,2,3
726,14.52,-0.03,143.74,5.41,6.04,-0.05,-55.63,412.32,0.0,511.8,727.0,7.81,11.42,0.9,0.45,0.12,0.09,-3.06,-0.42,-0.74,3.05,-0.8,0.29,3.05,-0.8,0.29,89.3,0.0,0.0,27.3,29.8,23.8,-90.9,0.3,57.3,-156.0,4.7,35.9,-48.0,-8.3,37.1,-71.3,-8.8,0.8,11.5,1.0,-4.7,-19.7,3.2,-11.6,22.5,12.6,-1.1,-8.6,2,3
728,14.56,-0.03,144.14,5.45,6.06,-0.05,-55.84,413.46,0.0,513.18,729.0,7.8,11.42,0.89,0.47,0.15,-0.12,0.36,0.9,-0.38,-0.53,-0.71,-0.54,-0.53,-0.71,-0.54,0.0,0.0,77.4,83.3,38.2,14.0,-74.2,-0.9,57.0,-156.0,13.1,27.2,-48.0,3.2,46.4,-87.5,-8.7,8.3,-5.1,5.5,-2.4,-19.7,-8.5,-16.3,16.1,7.2,-14.7,-7.9,2,3
730,14.6,-0.03,144.53,5.49,6.08,-0.05,-55.95,414.59,0.0,514.65,731.0,7.78,11.42,0.88,0.51,0.17,0.03,3.87,-0.1,-0.65,-2.99,1.51,-2.06,-2.99,1.51,-2.06,0.0,67.6,84.3,71.4,38.1,10.2,-78.3,-1.0,59.7,-156.0,14.3,22.5,-48.0,6.1,51.5,-98.5,0.1,5.6,-1.1,3.1,-2.6,-19.7,-5.5,-20.6,7.0,4.3,-13.8,-9.6,2,3
732,14.64,-0.03,144.93,5.52,6.1,-0.05,-56.05,415.72,0.0,516.14,733.0,7.76,11.42,0.88,0.47,0.19,0.13,1.67,-0.05,-1.18,-0.99,0.49,-1.72,-0.99,0.49,-1.72,0.0,64.8,89.3,6.3,33.9,19.9,-88.5,-4.4,61.2,-156.0,13.6,21.9,-48.0,7.0,57.1,-105.6,-1.2,4.1,-2.8,9.7,-3.6,-19.7,-13.9,-19.5,10.9,-1.3,-3.5,-4.8,2,3
734,14.68,-0.03,145.32,5.56,6.11,-0.05,-56.15,416.84,0.0,517.6,735.0,7.74,11.43,0.88,0.45,0.22,0.13,2.6,-0.21,-1.51,-1.56,0.94,-2.4,-1.56,0.94,-2.4,72.2,90.6,49.0,0.0,28.3,31.2,-101.0,-11.0,60.7,-156.0,8.8,23.6,-48.0,2.9,60.2,-108.8,-6.1,2.0,-0.9,13.8,-19.2,9.7,-12.1,-0.6,22.2,-5.5,5.1,3.7,2,3
736,14.72,-0.03,145.71,5.6,6.13,-0.05,-56.31,417.96,0.0,519.01,737.0,7.72,11.43,0.88,0.42,0.26,0.24,-2.64,-1.98,-2.2,3.71,-0.45,-1.32,3.71,-0.45,-1.32,156.1,0.0,0.0,0.0,23.4,37.8,-107.2,-26.1,49.0,-140.4,4.0,38.0,-48.0,-8.1,64.2,-92.0,-16.3,-0.6,4.8,16.5,-12.6,-8.5,2.4,-5.0,22.8,-1.8,-9.8,6.3,1,3
738,14.76,-0.03,146.11,5.63,6.14,-0.05,-56.63,418.81,0.0,519.97,739.0,7.7,11.43,0.88,0.44,0.15,0.33,-6.5,-2.44,-1.82,6.8,-2.28,0.24,6.8,-2.28,0.24,0.0,0.0,0.0,0.0,29.6,34.2,-105.0,-21.0,35.7,-156.0,8.8,44.4,-48.0,-9.7,49.6,-66.2,-13.7,-1.0,12.5,17.8,0.7,-12.3,1.8,-9.2,22.8,5.3,-1.9,-0.8,2,3
740,14.8,-0.03,146.5,5.67,6.16,-0.05,-56.99,419.93,0.0,521.19,741.0,7.68,11.44,0.89,0.44,0.12,0.19,0.08,-1.14,-1.15,1.0,1.0,-0.8,1.0,1.0,-0.8,73.9,0.0,50.1,126.2,41.3,26.1,-75.3,-1.8,47.9,-156.0,19.8,42.5,-48.0,3.2,52.2,-77.7,-10.4,5.3,11.8,-6.2,3.7,-19.7,-5.1,-18.3,21.6,16.6,-16.6,-14.8,2,3
742,14.84,-0.03,146.9,5.69,6.18,-0.05,-57.24,421.06,0.0,522.5,743.0,7.66,11.45,0.89,0.27,0.27,-0.05,1.37,2.73,0.25,-2.8,-1.08,-0.64,-2.8,-1.08,-0.64,0.0,0.0,52.8,45.4,44.4,7.3,-51.4,-2.9,63.4,-156.0,26.2,33.1,-48.0,12.4,60.4,-103.9,0.2,2.8,-5.5,4.0,-5.8,-19.7,-8.5,-18.7,15.9,6.7,-10.9,-4.7,3,3
744,14.88,-0.03,147.3,5.73,6.19,-0.05,-57.42,422.19,0.0,523.9,745.0,7.64,11.45,0.88,0.48,0.3,0.07,5.32,1.23,-0.75,-4.24,2.58,-2.4,-4.24,2.58,-2.4,0.0,74.0,116.0,65.1,41.8,1.7,-77.5,3.7,59.3,-156.0,22.7,22.0,-48.0,13.4,57.9,-115.4,-0.8,7.8,-1.5,-1.5,-1.0,-19.7,-7.3,-20.9,10.8,6.6,-8.7,-0.9,2,3
746,14.92,-0.03,147.69,5.77,6.21,-0.05,-57.51,423.33,0.0,525.41,747.0,7.62,11.45,0.88,0.47,0.28,0.21,1.48,0.4,-1.66,-0.86,0.36,-2.06,-0.86,0.36,-2.06,0.0,63.9,105.9,0.0,36.2,17.4,-101.2,-1.6,60.6,-156.0,19.1,18.6,-48.0,11.9,59.0,-117.1,-2.0,8.3,-0.5,11.7,-7.3,-19.7,-18.6,-19.0,16.9,-1.1,4.5,2.8,2,3
748,14.96,-0.03,148.09,5.8,6.23,-0.06,-57.67,424.47,0.0,526.83,749.0,7.6,11.46,0.88,0.43,0.35,0.21,3.44,-0.23,-2.14,-1.46,2.01,-3.21,-1.46,2.01,-3.21,98.6,103.3,17.3,0.0,25.2,35.2,-113.5,-10.6,58.7,-155.6,10.5,22.3,-48.0,3.1,67.3,-106.4,-9.4,4.2,-1.9,16.1,-19.5,13.5,-7.6,8.2,22.8,-8.9,2.4,4.2,2,3
750,15.0,-0.03,148.49,5.84,6.24,-0.06,-57.94,425.6,0.0,528.14,751.0,7.58,11.47,0.89,0.39,0.34,0.29,-3.8,-1.75,-2.4,3.7,-2.84,-1.23,3.7,-2.84,-1.23,140.4,0.0,0.0,0.0,21.9,39.5,-113.1,-21.3,47.7,-140.1,3.3,44.0,-48.0,-16.3,64.6,-76.3,-16.2,-2.3,6.7,18.6,-6.2,-18.8,-0.6,-12.3,22.8,1.7,-9.0,5.9,1,3
752,15.04,-0.03,148.88,5.87,6.26,-0.06,-58.37,426.74,0.0,529.3,753.0,7.56,11.48,0.9,0.4,0.2,0.4,-6.1,-2.11,-1.47,4.94,-4.38,0.37,4.94,-4.38,0.37,50.4,0.0,0.0,0.0,34.3,32.3,-99.7,-4.1,44.5,-156.0,8.4,44.3,-48.0,-10.4,48.0,-57.5,-14.4,4.9,18.6,4.7,6.1,-19.7,3.0,-10.9,22.6,14.1,-1.8,-16.1,2,3
754,15.08,-0.03,149.28,5.9,6.28,-0.06,-58.6,427.87,0.0,530.64,755.0,7.54,11.49,0.91,0.34,0.21,0.18,0.46,-0.06,-0.64,0.05,0.43,-0.66,0.05,0.43,-0.66,0.0,0.0,53.6,61.6,41.9,14.5,-59.0,6.5,58.7,-156.0,18.7,41.9,-48.0,7.7,53.0,-87.5,-4.0,0.8,5.1,-0.9,0.7,-19.7,-4.7,-19.6,21.4,13.0,-17.1,-10.4,2,3
756,15.12,-0.03,149.67,5.92,6.3,-0.06,-58.93,428.99,0.0,531.87,757.0,7.53,11.49,0.9,0.23,0.37,-0.08,1.68,3.48,0.84,-3.93,-0.04,-0.46,-3.93,-0.04,-0.46,0.0,0.0,57.0,0.0,49.9,-7.4,-53.8,-0.3,62.5,-156.0,29.4,25.9,-48.0,27.4,50.2,-120.2,-2.2,9.5,-12.5,8.6,-7.5,-19.7,-9.8,-18.3,19.2,-2.9,-1.8,4.0,2,3
758,15.16,-0.03,150.07,5.96,6.32,-0.06,-59.21,430.12,0.0,533.16,759.0,7.51,11.5,0.89,0.49,0.36,-0.09,5.75,0.22,-1.03,-2.23,4.66,-2.73,-2.23,4.66,-2.73,0.0,47.4,113.2,98.1,43.8,-1.2,-89.3,6.4,54.2,-156.0,23.3,17.9,-48.0,30.9,43.7,-131.3,0.2,-0.3,-1.5,2.4,-11.9,-19.7,-9.7,-19.0,17.4,-1.5,-2.5,11.5,2,3
760,15.2,-0.03,150.46,5.98,6.34,-0.06,-59.31,431.26,0.0,534.65,761.0,7.49,11.51,0.89,0.34,0.34,0.17,2.86,0.17,-2.27,-0.96,1.76,-3.06,-0.96,1.76,-3.06,0.0,61.7,94.8,41.6,35.4,17.6,-112.2,-4.2,55.9,-156.0,15.7,16.2,-48.0,24.4,45.9,-133.3,-2.5,-0.2,0.5,15.1,-16.1,-19.4,-19.1,-18.1,20.9,-6.6,5.4,10.3,2,3
762,15.24,-0.03,150.86,6.01,6.36,-0.06,-59.48,432.38,0.0,536.04,763.0,7.47,11.52,0.9,0.27,0.35,0.17,1.66,-0.65,-2.44,0.15,0.81,-2.91,0.15,0.81,-2.91,142.5,0.0,17.4,0.0,23.8,30.9,-116.4,-10.2,54.5,-156.0,8.2,21.1,-48.0,2.6,58.2,-114.5,-6.9,-3.2,3.9,17.9,-11.1,-3.0,-2.9,5.7,22.8,-5.3,-0.4,2.2,2,3
764,15.28,-0.03,151.25,6.03,6.38,-0.06,-59.66,433.52,0.0,537.42,765.0,7.46,11.53,0.9,0.24,0.25,0.17,-2.74,-1.14,-2.2,1.43,-3.11,-1.39,1.43,-3.11,-1.39,132.5,75.0,0.0,0.0,26.9,29.6,-106.7,4.8,60.4,-156.0,6.4,35.9,-48.0,-22.4,57.3,-77.2,-13.4,5.6,9.3,12.5,-0.9,-19.8,-1.3,-9.3,22.8,9.3,-9.0,4.6,2,3
766,15.32,-0.03,151.64,6.05,6.4,-0.06,-60.0,434.67,0.0,538.67,767.0,7.45,11.54,0.9,0.23,0.2,0.07,-0.44,-1.07,-1.61,1.16,-0.75,-1.42,1.16,-0.75,-1.42,31.6,0.0,23.6,0.0,36.3,24.0,-87.8,13.6,59.7,-156.0,8.4,35.6,-48.0,-8.8,43.0,-70.9,-12.6,4.4,10.7,-6.4,-2.0,-19.7,-1.5,-15.0,22.5,12.8,-5.8,-8.8,2,3
768,15.36,-0.03,152.03,6.06,6.42,-0.06,-60.19,435.82,0.0,540.05,769.0,7.44,11.55,0.9,0.12,0.2,-0.21,-0.32,1.49,-0.46,-1.48,-0.45,-0.4,-1.48,-0.45,-0.4,0.0,0.0,52.8,0.2,41.3,7.6,-62.9,4.5,59.4,-156.0,17.7,30.5,-48.0,8.5,48.3,-97.5,-0.5,3.3,-6.0,5.1,-0.1,-19.7,-6.8,-18.8,17.6,5.1,-11.5,-3.9,2,3
770,15.4,-0.03,152.42,6.07,6.44,-0.06,-60.43,436.97,0.0,541.38,771.0,7.43,11.55,0.88,0.25,0.21,-0.25,6.68,0.16,-1.4,-0.26,5.89,-3.46,-0.26,5.89,-3.46,0.0,115.6,116.5,26.6,43.4,2.6,-72.1,6.2,57.8,-156.0,19.9,18.7,-48.0,15.7,45.9,-114.1,-1.4,11.4,-0.7,5.8,0.8,-19.7,-13.6,-18.6,11.0,-0.0,-4.4,0.1,2,3
772,15.44,-0.03,152.81,6.09,6.45,-0.06,-60.53,438.08,0.0,542.81,773.0,7.43,11.55,0.88,0.11,0.19,-0.0,3.27,-0.28,-1.92,-0.01,2.5,-2.87,-0.01,2.5,-2.87,0.0,26.0,117.7,48.7,35.4,20.7,-80.8,-3.9,58.7,-156.0,11.3,17.6,-48.0,8.6,49.4,-119.7,0.3,1.0,-0.4,8.2,-9.7,-18.9,-17.7,-14.8,9.3,-1.8,1.4,7.5,2,3
774,15.48,-0.03,153.2,6.09,6.47,-0.06,-60.65,439.18,0.0,544.2,775.0,7.42,11.56,0.88,-0.0,0.18,0.18,0.65,-0.87,-2.29,0.09,-0.21,-2.52,0.09,-0.21,-2.52,38.1,148.9,8.6,10.3,31.3,26.6,-78.1,-15.3,53.8,-155.0,4.5,20.4,-48.0,-1.2,48.8,-114.2,-4.6,-2.5,-0.1,10.0,-20.4,20.4,-4.4,6.0,22.8,-0.7,5.8,5.7,2,3
776,15.52,-0.03,153.59,6.09,6.49,-0.06,-60.87,440.3,0.0,545.5,777.0,7.42,11.56,0.9,-0.01,0.13,0.29,-3.99,-2.69,-2.55,0.79,-5.08,-1.79,0.79,-5.08,-1.79,93.9,0.0,0.0,0.0,33.4,29.5,-81.5,-24.3,35.4,-129.5,5.0,34.9,-48.0,-4.8,52.7,-99.6,-14.5,1.3,-0.3,12.9,-4.3,-17.2,1.7,-10.5,22.8,1.1,-8.7,-2.3,1,3
778,15.56,-0.03,153.98,6.09,6.51,-0.06,-61.21,441.45,0.0,546.73,779.0,7.42,11.57,0.9,0.08,0.02,0.07,-4.14,-2.62,-1.8,0.76,-5.08,-0.96,0.76,-5.08,-0.96,42.7,0.0,36.5,104.1,40.4,30.9,-82.8,-15.4,27.7,-156.0,11.9,30.0,-48.0,-0.2,44.3,-92.2,-12.4,5.2,-1.1,2.4,9.8,-17.6,1.8,-4.2,22.3,8.8,-5.9,-4.9,2,3
780,15.6,-0.03,154.37,6.1,6.53,-0.06,-61.29,442.61,0.0,548.23,781.0,7.42,11.57,0.9,0.05,0.04,-0.08,-0.17,0.21,-1.18,-0.23,-0.27,-1.16,-0.23,-0.27,-1.16,48.6,0.0,48.9,57.2,41.4,31.3,-91.5,-5.2,48.7,-156.0,20.1,30.1,-48.0,4.9,48.5,-94.2,-13.2,8.2,2.9,5.6,1.3,-19.7,-5.6,-13.9,20.6,8.4,-9.3,1.6,2,3
782,15.64,-0.03,154.77,6.1,6.55,-0.06,-61.4,443.77,0.0,549.69,783.0,7.42,11.57,0.9,-0.04,0.03,-0.26,2.93,2.03,-1.12,-0.49,3.28,-1.74,-0.49,3.28,-1.74,15.4,0.0,56.3,16.1,35.6,27.4,-100.4,5.8,58.1,-156.0,18.5,24.7,-48.0,2.9,47.4,-94.8,3.3,1.6,4.4,0.6,-0.3,-19.7,-10.9,-16.7,14.0,4.4,-4.7,-2.2,2,3
784,15.68,-0.03,155.16,6.1,6.57,-0.06,-61.5,444.92,0.0,551.15,785.0,7.41,11.57,0.88,-0.03,-0.01,-0.08,1.75,0.4,-1.7,0.26,1.3,-2.09,0.26,1.3,-2.09,0.0,40.9,119.6,103.0,36.7,20.6,-93.4,1.4,60.1,-156.0,16.0,17.5,-48.0,2.2,45.1,-96.3,-5.9,-8.1,2.6,10.1,-17.0,-19.7,-16.8,-18.3,16.0,3.2,-9.6,1.0,2,3
786,15.72,-0.03,155.55,6.1,6.58,-0.06,-61.56,446.06,0.0,552.64,787.0,7.41,11.56,0.89,-0.14,-0.02,0.17,1.7,0.05,-1.79,0.5,1.06,-2.18,0.5,1.06,-2.18,0.0,28.1,90.3,0.0,32.9,15.2,-85.6,-3.2,57.4,-156.0,12.2,16.3,-48.0,-1.2,43.1,-95.3,-6.0,2.2,-1.7,14.2,-12.9,-19.7,-16.7,-19.8,20.3,1.4,0.2,-3.5,2,3
788,15.76,-0.03,155.94,6.1,6.6,-0.06,-61.61,447.19,0.0,554.14,789.0,7.41,11.56,0.9,-0.14,-0.03,0.13,1.51,-0.37,-1.99,0.61,0.63,-2.37,0.61,0.63,-2.37,50.1,44.7,73.9,8.7,29.0,15.2,-83.5,-8.6,54.1,-156.0,7.3,16.4,-48.0,-5.5,41.3,-100.7,-4.1,3.6,0.1,15.3,-9.9,-11.7,-7.6,-8.0,22.2,-3.3,-2.3,-1.4,2,3
790,15.8,-0.03,156.33,6.1,6.62,-0.06,-61.69,448.32,0.0,555.6,791.0,7.41,11.55,0.9,-0.07,-0.07,-0.04,-0.22,-1.02,-1.92,-0.01,-1.06,-1.92,-0.01,-1.06,-1.92,110.4,0.0,0.0,94.9,29.7,19.0,-83.8,-6.2,54.1,-156.0,8.8,21.4,-48.0,-11.0,36.9,-100.4,-12.0,14.2,-3.9,3.8,-2.6,-19.3,2.9,-0.6,22.5,6.8,-3.2,1.1,2,3
792,15.84,-0.03,156.73,6.1,6.64,-0.06,-61.79,449.47,0.0,557.05,793.0,7.41,11.55,0.9,0.07,-0.09,-0.3,0.56,-1.77,-1.95,1.04,-1.13,-2.21,1.04,-1.13,-2.21,107.5,0.0,0.0,47.6,29.0,37.2,-99.0,-5.4,58.4,-156.0,12.7,25.9,-48.0,-15.7,41.8,-93.7,-13.4,12.8,3.5,-1.3,0.6,-19.7,-3.9,-3.4,21.0,13.9,-3.9,0.7,2,3
794,15.88,-0.03,157.13,6.11,6.66,-0.06,-61.92,450.61,0.0,558.49,795.0,7.41,11.55,0.88,0.02,-0.17,-0.48,-0.03,-0.55,-1.66,-0.06,-0.48,-1.69,-0.06,-0.48,-1.69,32.8,0.0,89.7,26.9,26.6,62.8,-111.0,-5.3,65.4,-156.0,10.9,32.8,-48.0,-18.9,49.9,-80.8,-2.5,-10.4,5.6,5.0,-3.4,-19.7,-8.5,-17.3,12.0,9.0,-7.4,-7.2,2,3
796,15.92,-0.03,157.52,6.11,6.67,-0.06,-62.09,451.76,0.0,559.88,797.0,7.41,11.54,0.86,-0.14,-0.2,-0.18,-3.16,0.88,-1.31,-3.37,-0.93,-0.49,-3.37,-0.93,-0.49,0.0,64.7,83.5,113.1,34.5,51.2,-104.8,-6.0,69.3,-156.0,14.0,28.6,-48.0,-14.8,52.5,-84.9,-5.2,-2.3,4.2,10.2,-8.4,-19.7,-18.0,-20.0,14.1,6.3,-14.0,-6.5,2,3
798,15.96,-0.03,157.92,6.11,6.69,-0.06,-62.21,452.91,0.0,561.32,799.0,7.41,11.53,0.87,-0.2,-0.18,0.2,0.77,0.18,-1.5,0.23,0.39,-1.64,0.23,0.39,-1.64,44.9,0.0,87.6,58.6,33.6,30.1,-88.8,-3.0,64.3,-156.0,18.7,25.8,-48.0,-8.7,50.0,-83.9,-2.5,6.3,1.0,8.2,-8.3,-19.7,-17.4,-20.5,14.7,3.4,-5.4,-12.2,2,3
800,16.0,-0.03,158.31,6.11,6.7,-0.06,-62.28,454.06,0.0,562.8,801.0,7.41,11.52,0.87,-0.13,-0.17,0.07,2.46,0.28,-1.66,1.57,1.25,-2.21,1.57,1.25,-2.21,29.0,28.0,82.4,34.2,29.4,24.0,-80.4,-7.1,63.1,-156.0,14.6,22.9,-48.0,-10.9,51.9,-93.6,-3.4,3.9,1.8,13.2,-17.5,-1.6,-16.6,-12.8,21.2,-0.1,-4.6,-7.4,2,3
802,16.04,-0.03,158.71,6.11,6.72,-0.06,-62.37,455.19,0.0,564.25,803.0,7.41,11.51,0.88,-0.11,-0.19,0.09,-0.38,0.01,-2.16,-1.01,-0.06,-1.95,-1.01,-0.06,-1.95,72.6,0.0,0.0,68.8,28.8,24.7,-79.4,-11.2,60.2,-154.9,12.9,24.6,-48.0,-13.7,49.9,-96.6,-7.6,6.8,0.7,7.8,-18.4,-1.5,0.8,3.1,22.8,2.3,-9.2,-3.3,2,3
804,16.08,-0.03,159.11,6.11,6.73,-0.06,-62.46,456.33,0.0,565.72,805.0,7.41,11.5,0.88,0.01,-0.22,-0.12,-1.04,-0.86,-2.11,-1.33,-1.14,-1.78,-1.33,-1.14,-1.78,131.3,0.0,0.0,31.6,32.9,31.9,-88.5,-12.8,56.1,-156.0,17.1,31.3,-48.0,-14.6,44.9,-89.5,-16.2,14.4,-3.4,1.8,2.1,-19.7,-1.3,-3.3,21.9,10.3,-3.1,-2.4,2,3
806,16.12,-0.03,159.5,6.11,6.75,-0.06,-62.56,457.48,0.0,567.19,807.0,7.41,11.49,0.87,0.08,-0.29,-0.35,1.03,-1.05,-1.5,0.81,-0.83,-1.75,0.81,-0.83,-1.75,117.7,0.0,169.0,101.8,26.9,52.6,-110.7,-13.7,62.2,-156.0,14.4,29.8,-48.0,-19.6,47.4,-76.9,-11.6,2.1,7.4,3.4,-0.8,-19.7,-5.8,-6.3,15.7,13.9,-8.9,-6.1,2,3
808,16.16,-0.03,159.9,6.11,6.76,-0.06,-62.72,458.63,0.0,568.58,809.0,7.41,11.48,0.86,-0.07,-0.28,0.19,-0.94,0.01,-1.36,-1.22,-0.07,-1.11,-1.22,-0.07,-1.11,0.0,0.0,110.2,77.4,26.6,55.0,-114.5,-10.6,66.8,-156.0,15.8,28.9,-48.0,-17.2,51.1,-75.7,1.8,-7.1,5.0,1.5,-4.2,-19.7,-18.4,-17.9,4.2,6.0,-8.9,-10.3,2,3
810,16.2,-0.03,160.29,6.11,6.77,-0.06,-62.78,459.77,0.0,570.07,811.0,7.41,11.47,0.86,0.05,-0.3,0.08,-0.25,0.7,-1.21,-0.61,0.73,-1.05,-0.61,0.73,-1.05,0.0,83.5,101.0,91.1,30.1,39.4,-99.0,-7.7,67.1,-156.0,18.9,21.8,-48.0,-11.5,52.4,-79.9,-0.5,-3.5,2.2,9.3,-7.4,-19.7,-17.8,-20.3,13.5,5.6,-12.4,-10.8,2,3
812,16.24,-0.03,160.69,6.12,6.78,-0.06,-62.87,460.91,0.0,571.54,813.0,7.41,11.46,0.87,0.07,-0.28,0.12,1.15,0.53,-1.61,0.6,0.65,-1.85,0.6,0.65,-1.85,0.0,75.0,96.4,65.8,30.0,27.1,-87.1,-7.5,65.1,-156.0,21.0,18.2,-48.0,-7.6,52.6,-83.5,-3.7,-0.6,0.9,12.2,-13.6,-16.9,-18.3,-19.3,20.1,0.7,-7.3,-12.4,2,3
814,16.28,-0.03,161.08,6.13,6.8,-0.06,-62.94,462.04,0.0,573.01,815.0,7.42,11.45,0.87,0.1,-0.24,0.17,1.68,0.63,-1.89,1.01,0.8,-2.27,1.01,0.8,-2.27,66.7,9.0,76.0,24.3,27.6,24.5,-80.8,-12.0,62.6,-156.0,17.6,17.5,-48.0,-10.9,53.2,-92.1,-5.5,4.2,0.0,15.5,-16.1,-5.8,-10.7,-7.1,22.4,-2.0,-6.1,-3.8,2,3
816,16.32,-0.03,161.48,6.14,6.81,-0.06,-63.02,463.16,0.0,574.48,817.0,7.42,11.44,0.87,0.18,-0.22,0.09,-0.38,0.65,-2.08,-0.97,1.0,-1.72,-0.97,1.0,-1.72,119.1,5.2,0.0,62.4,29.2,26.9,-82.2,-11.4,61.7,-156.0,17.0,21.6,-48.0,-15.0,47.4,-89.7,-13.6,7.3,-2.9,10.5,-6.5,-19.7,-0.0,3.1,22.7,4.2,-6.3,0.5,2,3
818,16.36,-0.03,161.87,6.16,6.82,-0.06,-63.06,464.29,0.0,575.98,819.0,7.43,11.43,0.87,0.28,-0.21,-0.02,0.43,0.26,-2.01,-0.28,0.47,-2.0,-0.28,0.47,-2.0,132.3,0.0,0.0,92.3,31.8,32.0,-88.4,-10.4,61.6,-156.0,13.6,29.2,-48.0,-15.4,43.5,-83.0,-16.7,8.1,1.0,0.9,-2.2,-19.7,-2.8,-7.0,20.5,13.1,-6.6,-2.5,2,3
820,16.4,-0.04,162.26,6.18,6.84,-0.06,-63.13,465.41,0.0,577.46,821.0,7.44,11.42,0.87,0.24,-0.2,0.1,1.1,-0.18,-1.62,0.34,-0.16,-1.93,0.34,-0.16,-1.93,34.9,0.0,94.8,121.5,31.2,33.3,-90.0,-11.9,61.7,-156.0,9.5,27.2,-48.0,-15.1,45.6,-83.7,-6.8,0.8,-1.3,2.7,-3.7,-19.7,-8.7,-17.3,10.4,10.6,-15.3,-8.6,2,3
822,16.44,-0.04,162.65,6.2,6.85,-0.06,-63.2,466.53,0.0,578.93,823.0,7.44,11.41,0.87,0.23,-0.18,0.16,0.54,0.29,-1.9,-0.1,0.54,-1.92,-0.1,0.54,-1.92,0.0,63.9,104.5,69.4,31.2,32.1,-92.2,-10.9,62.2,-156.0,10.3,25.0,-48.0,-13.1,47.4,-86.1,0.1,3.7,2.6,5.1,-2.3,-19.7,-14.6,-19.7,5.5,7.7,-9.1,-12.1,2,3
824,16.48,-0.04,163.04,6.22,6.86,-0.06,-63.26,467.64,0.0,580.41,825.0,7.45,11.39,0.87,0.26,-0.16,0.13,1.08,0.21,-1.92,0.3,0.29,-2.18,0.3,0.29,-2.18,38.9,78.1,91.1,36.9,31.3,33.3,-91.4,-10.5,61.9,-156.0,10.7,23.8,-48.0,-10.7,50.9,-95.3,-2.9,2.3,-0.8,9.3,-2.7,-18.8,-14.1,-19.1,13.9,3.6,-2.5,-8.0,2,3
826,16.52,-0.04,163.43,6.24,6.88,-0.06,-63.35,468.75,0.0,581.85,827.0,7.46,11.38,0.87,0.32,-0.1,0.18,1.54,-0.07,-2.38,0.35,0.03,-2.82,0.35,0.03,-2.82,67.3,172.6,8.5,0.0,29.6,35.6,-93.8,-14.7,59.9,-154.7,8.2,25.1,-48.0,-9.2,56.1,-107.4,-7.4,3.3,-2.7,13.4,-20.7,22.1,-7.2,7.0,22.8,-3.6,3.6,5.4,2,3
828,16.56,-0.04,163.82,6.27,6.89,-0.06,-63.61,469.87,0.0,583.14,829.0,7.47,11.37,0.87,0.34,-0.05,0.3,-4.59,-2.37,-3.08,-5.76,1.44,-0.96,-5.76,1.44,-0.96,154.7,0.0,0.0,0.0,29.1,41.0,-104.4,-28.8,38.7,-124.6,6.2,44.3,-48.0,-12.0,59.1,-89.9,-17.1,-2.4,4.4,16.4,-14.5,-15.7,5.0,-8.4,22.8,0.9,-9.9,2.6,1,3
830,16.6,-0.04,164.21,6.3,6.91,-0.06,-63.99,470.68,0.0,584.02,831.0,7.48,11.36,0.88,0.4,-0.13,0.3,-6.06,-2.26,-2.56,-6.54,2.34,0.15,-6.54,2.34,0.15,0.0,0.0,0.0,0.0,40.0,33.0,-102.1,-17.9,17.6,-156.0,17.8,46.5,-48.0,-4.1,46.2,-70.5,-15.2,-2.0,6.7,11.9,9.1,-4.2,0.2,-8.2,22.8,6.9,-5.9,-5.2,2,3
832,16.64,-0.04,164.6,6.34,6.92,-0.06,-64.29,471.79,0.0,585.26,833.0,7.5,11.34,0.88,0.48,-0.07,0.2,1.34,-0.66,-1.36,-0.08,-1.55,-1.3,-0.08,-1.55,-1.3,0.0,0.0,84.1,51.3,46.8,23.6,-74.3,-6.2,32.1,-156.0,25.0,38.0,-48.0,4.7,50.5,-81.8,-15.5,3.0,6.5,0.2,8.1,-19.7,-5.8,-19.1,21.2,16.2,-14.0,-7.5,2,3
834,16.68,-0.04,165.0,6.37,6.94,-0.06,-64.54,472.9,0.0,586.57,835.0,7.51,11.33,0.88,0.33,0.11,-0.0,3.56,3.03,-0.6,4.12,-0.57,-2.21,4.12,-0.57,-2.21,0.0,0.0,57.7,40.2,42.7,8.0,-66.1,-3.3,56.5,-156.0,25.5,30.3,-48.0,5.3,55.5,-99.1,6.4,5.7,-7.6,-0.1,-1.1,-19.7,-11.4,-19.4,2.0,4.7,-9.5,-3.2,2,3
836,16.72,-0.04,165.39,6.4,6.95,-0.06,-64.7,474.03,0.0,587.98,837.0,7.53,11.32,0.88,0.43,0.17,0.22,4.83,0.95,-1.62,3.01,-2.67,-3.28,3.01,-2.67,-3.28,0.0,105.6,53.3,69.2,42.9,7.5,-83.9,-4.5,59.9,-156.0,17.5,22.2,-48.0,-0.2,52.8,-105.8,-3.5,6.8,-1.7,6.2,-9.2,-19.7,-10.6,-18.6,5.6,8.3,-6.6,-1.1,2,3
838,16.76,-0.04,165.79,6.44,6.97,-0.06,-64.79,475.16,0.0,589.47,839.0,7.54,11.31,0.88,0.42,0.27,0.23,2.29,-0.27,-2.15,0.47,-1.28,-2.84,0.47,-1.28,-2.84,0.0,65.0,51.1,0.0,35.3,26.8,-99.9,-7.4,60.6,-156.0,14.1,21.4,-48.0,1.4,56.8,-106.8,-5.3,4.3,-3.8,12.2,-10.6,-12.1,-16.4,-12.9,21.3,-0.9,5.6,1.4,2,3
840,16.8,-0.04,166.18,6.47,6.99,-0.06,-65.02,476.3,0.0,590.82,841.0,7.56,11.3,0.88,0.4,0.39,0.18,1.23,-1.15,-2.59,-0.81,-0.65,-2.91,-0.81,-0.65,-2.91,137.9,40.1,0.0,0.0,21.6,38.8,-110.1,-16.6,57.6,-151.9,4.8,26.8,-48.0,-3.8,66.2,-96.8,-11.6,0.7,3.1,16.9,-19.7,13.1,-0.0,8.3,22.8,-6.7,-3.8,6.8,2,3
842,16.84,-0.04,166.57,6.5,7.0,-0.06,-65.27,477.44,0.0,592.15,843.0,7.59,11.29,0.89,0.37,0.38,0.26,-5.8,-2.17,-2.3,-4.29,5.0,-0.51,-4.29,5.0,-0.51,60.0,0.0,0.0,0.0,22.4,38.1,-108.6,-18.7,48.0,-151.0,1.1,44.2,-48.0,-16.1,57.3,-64.6,-15.6,0.4,7.3,18.7,-9.2,-19.3,2.1,-10.3,22.8,3.5,-6.1,3.1,2,3
844,16.88,-0.04,166.97,6.53,7.02,-0.06,-65.66,478.26,0.0,593.02,845.0,7.61,11.28,0.89,0.38,0.31,0.38,-3.15,-1.87,-2.0,-3.23,2.53,-0.78,-3.23,2.53,-0.78,64.1,0.0,57.9,0.0,35.7,30.9,-89.6,1.5,48.6,-156.0,11.6,43.6,-48.0,-2.7,45.5,-64.1,-11.0,8.6,19.1,-6.9,7.0,-19.7,-3.4,-14.1,22.3,17.6,-4.2,-15.8,2,3
846,16.92,-0.04,167.36,6.55,7.04,-0.06,-65.91,479.39,0.0,594.33,847.0,7.62,11.28,0.9,0.21,0.37,0.07,-1.42,0.9,-0.8,0.21,1.62,-0.89,0.21,1.62,-0.89,0.0,0.0,47.4,48.1,43.1,11.4,-48.0,-1.7,61.8,-156.0,22.6,44.0,-48.0,10.9,61.8,-95.5,-1.1,-4.8,-3.6,3.8,-1.2,-19.7,-2.0,-20.6,21.2,10.0,-14.5,-9.5,3,3
848,16.96,-0.04,167.76,6.56,7.06,-0.06,-66.21,480.5,0.0,595.57,849.0,7.64,11.28,0.89,0.22,0.56,0.01,4.35,2.86,0.5,3.63,-3.45,-1.5,3.63,-3.45,-1.5,0.0,0.0,68.7,0.0,54.2,-9.8,-67.4,-3.0,59.4,-156.0,33.1,26.4,-48.0,31.4,54.6,-123.8,-9.6,13.5,-5.2,7.1,-5.7,-19.7,-9.2,-18.8,19.6,-0.7,-1.3,4.5,3,3
850,17.0,-0.04,168.16,6.58,7.08,-0.06,-66.42,481.62,0.0,596.92,851.0,7.66,11.27,0.89,0.26,0.47,0.08,3.47,0.7,-1.42,0.94,-2.82,-2.39,0.94,-2.82,-2.39,0.0,0.0,128.1,42.7,44.3,-1.3,-106.6,4.7,55.8,-156.0,25.3,21.2,-48.0,30.7,56.9,-129.2,-0.9,3.7,-0.6,7.0,-12.2,-19.7,-16.1,-21.2,18.6,-0.7,-3.6,5.0,2,3
852,17.04,-0.04,168.55,6.6,7.09,-0.06,-66.58,482.76,0.0,598.33,853.0,7.68,11.26,0.89,0.21,0.46,0.15,3.76,-0.34,-2.75,-0.24,-2.87,-3.68,-0.24,-2.87,-3.68,0.0,39.3,85.1,0.0,33.9,23.4,-128.8,-1.0,58.7,-156.0,16.6,21.1,-48.0,19.2,62.2,-120.1,-5.2,3.4,1.1,17.9,-18.5,-18.1,-18.8,-16.9,22.6,-6.8,4.5,1.2,2,3
854,17.08,-0.04,168.95,6.61,7.11,-0.06,-66.8,483.92,0.0,599.7,855.0,7.7,11.26,0.89,0.13,0.44,0.1,0.27,-1.41,-2.47,-1.35,0.41,-2.48,-1.35,0.41,-2.48,117.4,72.3,0.0,0.0,22.4,41.6,-124.0,0.1,62.2,-156.0,11.0,28.3,-48.0,-8.0,70.5,-94.3,-12.4,-3.0,4.7,20.3,-9.1,-14.9,-3.6,6.7,22.8,-3.8,-10.8,8.1,2,3
856,17.12,-0.04,169.35,6.62,7.13,-0.06,-66.98,485.08,0.0,601.1,857.0,7.72,11.25,0.9,0.1,0.35,0.26,-1.32,-3.16,-2.72,-2.98,2.15,-2.38,-2.98,2.15,-2.38,55.6,0.0,0.0,0.0,29.4,36.0,-102.1,26.8,70.5,-156.0,4.2,46.3,-48.0,-33.1,53.3,-57.8,-15.0,10.2,11.9,-3.6,2.4,-19.7,3.7,-12.9,22.8,14.9,-5.5,-2.6,2,3
858,17.16,-0.04,169.74,6.63,7.15,-0.06,-67.37,486.26,0.0,602.31,859.0,7.73,11.24,0.9,0.05,0.36,0.03,0.91,-1.62,-1.75,-1.86,-0.41,-1.69,-1.86,-0.41,-1.69,31.0,0.0,28.4,0.0,34.8,26.3,-69.4,19.8,70.8,-156.0,4.7,49.4,-48.0,-7.7,44.0,-72.2,-6.3,5.4,10.1,-2.4,2.2,-19.7,-2.9,-18.0,22.1,9.2,-1.0,-12.7,2,3
860,17.2,-0.04,170.13,6.63,7.17,-0.06,-67.7,487.44,0.0,603.57,861.0,7.74,11.24,0.89,-0.15,0.35,-0.24,-3.52,1.91,-1.02,2.73,2.91,-1.08,2.73,2.91,-1.08,0.0,0.0,54.3,30.5,44.6,13.7,-59.2,3.2,67.3,-156.0,17.4,46.5,-48.0,5.6,57.4,-101.5,1.1,-4.2,-4.8,8.7,-8.4,-19.7,-7.7,-20.1,20.8,3.1,-5.2,0.7,2,3
862,17.24,-0.04,170.52,6.63,7.19,-0.06,-67.87,488.6,0.0,604.96,863.0,7.76,11.24,0.88,-0.17,0.44,-0.43,4.67,3.7,-0.39,2.02,-5.43,-1.46,2.02,-5.43,-1.46,0.0,0.0,61.5,24.4,51.0,0.1,-84.8,12.2,54.5,-156.0,22.5,33.0,-48.0,16.3,46.8,-115.0,-6.2,10.5,-3.0,2.5,-4.9,-19.7,-10.4,-19.1,17.5,4.1,-0.8,2.8,2,3
864,17.28,-0.04,170.9,6.63,7.2,-0.06,-68.1,489.74,0.0,606.28,865.0,7.77,11.24,0.87,-0.03,0.25,0.01,3.22,0.04,-1.53,-0.77,-2.67,-2.24,-0.77,-2.67,-2.24,0.0,68.2,93.0,134.3,43.5,0.3,-103.6,6.5,57.4,-156.0,10.9,25.5,-48.0,8.8,43.2,-119.9,0.7,4.7,3.4,9.4,-11.4,-19.7,-18.3,-20.9,15.9,1.5,-3.2,10.1,2,3
866,17.32,-0.04,171.29,6.63,7.22,-0.06,-68.21,490.87,0.0,607.69,867.0,7.78,11.24,0.88,-0.1,0.15,0.15,1.54,0.21,-2.18,0.2,-1.1,-2.43,0.2,-1.1,-2.43,0.0,0.0,62.4,0.0,37.7,12.0,-99.0,-3.7,53.7,-156.0,3.4,25.1,-48.0,-0.9,39.8,-115.5,-4.3,-2.6,2.4,14.3,-16.5,-8.3,-6.0,-14.9,22.9,-5.6,7.8,1.9,2,3
868,17.36,-0.04,171.67,6.63,7.23,-0.06,-68.34,491.69,0.0,608.79,869.0,7.78,11.24,0.88,-0.11,0.05,0.03,-0.96,-0.32,-1.99,0.81,1.27,-1.65,0.81,1.27,-1.65,0.0,0.0,0.0,0.0,36.6,16.0,-87.6,-3.9,51.5,-156.0,3.2,28.0,-48.0,-14.0,42.5,-106.8,-9.1,9.6,-1.9,5.8,-3.5,-14.4,5.4,-2.4,22.8,6.4,-10.2,2.6,2,3
870,17.4,-0.04,172.06,6.63,7.25,-0.06,-68.49,492.82,0.0,610.17,871.0,7.79,11.25,0.88,-0.04,-0.02,-0.15,1.01,-1.54,-1.92,-1.25,0.41,-2.31,-1.25,0.41,-2.31,158.8,0.0,27.8,376.0,38.2,28.1,-94.8,-5.2,50.7,-156.0,10.9,27.7,-48.0,-12.3,30.2,-97.3,-13.4,11.8,0.2,-0.2,-2.4,-19.7,-1.2,-2.0,22.8,10.7,4.0,4.2,2,3
872,17.44,-0.04,172.45,6.63,7.27,-0.06,-68.57,493.96,0.0,611.63,873.0,7.79,11.25,0.88,-0.05,-0.07,-0.2,-1.12,-0.21,-1.5,0.88,1.17,-1.19,0.88,1.17,-1.19,96.2,0.0,87.1,130.2,38.1,42.4,-109.0,-6.8,51.5,-156.0,15.0,31.1,-48.0,-14.4,35.2,-90.8,-11.1,8.4,2.1,4.3,5.9,-19.7,-7.4,-12.9,21.0,11.9,-5.0,7.1,2,3
874,17.48,-0.04,172.84,6.63,7.28,-0.06,-68.71,495.1,0.0,613.03,875.0,7.79,11.26,0.87,-0.08,-0.16,-0.3,1.56,0.59,-1.67,-0.19,-1.29,-1.97,-0.19,-1.29,-1.97,44.7,0.0,110.4,31.9,36.2,53.8,-122.2,0.4,62.2,-156.0,13.0,31.7,-48.0,-15.9,36.6,-81.6,-1.1,-2.0,10.7,3.0,-1.0,-19.7,-15.1,-15.9,4.6,9.1,-0.6,-2.4,2,3
876,17.52,-0.04,173.23,6.63,7.29,-0.06,-68.87,496.22,0.0,614.39,877.0,7.79,11.27,0.86,-0.15,-0.25,0.0,1.65,-0.89,-1.15,-1.33,-0.36,-1.71,-1.33,-0.36,-1.71,0.0,61.4,93.8,78.4,37.0,42.0,-96.7,-1.7,66.0,-156.0,9.2,30.8,-48.0,-18.4,41.9,-89.3,0.0,-5.4,2.6,8.5,-7.3,-19.7,-17.0,-20.2,5.3,8.2,-9.0,-8.2,2,3
878,17.56,-0.04,173.62,6.63,7.3,-0.07,-68.96,497.34,0.0,615.83,879.0,7.79,11.28,0.86,-0.14,-0.27,0.02,0.65,-0.36,-1.48,-0.17,-0.11,-1.64,-0.17,-0.11,-1.64,67.9,84.8,74.3,52.8,35.0,24.3,-70.7,-4.5,64.0,-156.0,11.3,28.1,-48.0,-15.7,45.8,-96.3,0.3,0.5,5.3,7.5,-19.6,8.0,-15.5,-13.4,20.6,3.3,-7.4,-6.5,2,3
880,17.6,-0.04,174.0,6.63,7.32,-0.07,-69.19,498.46,0.0,617.12,881.0,7.78,11.29,0.86,-0.14,-0.24,0.19,-3.47,-1.49,-2.32,2.65,3.21,-1.5,2.65,3.21,-1.5,87.2,101.7,0.0,15.6,36.3,22.8,-66.0,-16.6,52.8,-143.2,10.9,31.9,-48.0,-14.7,46.2,-104.2,-8.8,11.2,-0.4,12.8,-20.1,21.5,0.2,3.8,22.8,-0.3,-1.4,-0.8,1,3
882,17.64,-0.04,174.4,6.63,7.33,-0.07,-69.49,499.62,0.0,618.38,883.0,7.78,11.3,0.87,-0.04,-0.33,-0.02,-5.19,-2.11,-3.27,3.94,4.72,-2.07,3.94,4.72,-2.07,68.3,0.0,0.0,30.6,46.6,33.7,-78.3,-19.3,23.6,-127.9,19.0,43.0,-48.0,-9.6,40.5,-110.5,-18.3,-0.2,-7.1,9.6,2.6,-21.1,4.1,-4.9,22.8,6.9,1.6,4.7,1,3
884,17.68,-0.04,174.79,6.63,7.34,-0.07,-69.8,500.77,0.0,619.63,885.0,7.77,11.31,0.87,0.1,-0.28,-0.15,-1.64,-2.16,-1.61,0.62,2.92,-1.01,0.62,2.92,-1.01,75.0,0.0,57.9,84.5,50.2,45.6,-95.7,-10.8,23.7,-156.0,27.1,38.9,-48.0,-10.3,39.3,-102.9,-18.0,10.8,-4.6,2.8,15.4,-19.7,-5.1,-7.7,22.2,17.1,-0.3,11.3,2,3
886,17.72,-0.04,175.19,6.64,7.36,-0.07,-69.94,501.92,0.0,621.06,887.0,7.77,11.32,0.87,0.02,-0.24,-0.02,2.35,0.58,-0.91,-1.97,-1.23,-1.14,-1.97,-1.23,-1.14,25.2,0.0,52.7,41.4,38.1,56.8,-118.8,-2.3,66.0,-156.0,27.0,39.5,-48.0,-14.4,46.8,-93.9,-4.1,6.3,8.5,0.6,-4.8,-19.7,-12.0,-18.3,12.8,14.2,-2.0,3.7,2,3
888,17.76,-0.04,175.59,6.64,7.37,-0.07,-70.23,503.09,0.0,622.35,889.0,7.77,11.33,0.86,-0.15,-0.24,-0.29,3.48,3.15,-0.47,-2.13,-4.04,-1.17,-2.13,-4.04,-1.17,0.0,0.0,56.3,38.2,39.8,46.6,-115.5,-0.3,71.6,-156.0,22.5,32.9,-48.2,-17.6,48.7,-86.6,-2.8,1.3,4.9,6.1,-4.7,-19.7,-18.6,-14.9,-7.8,10.2,-11.5,-6.3,2,3
890,17.8,-0.04,175.99,6.64,7.38,-0.07,-70.38,504.25,0.0,623.77,891.0,7.77,11.35,0.87,-0.16,-0.33,0.36,0.11,0.19,-1.65,0.3,-0.15,-1.63,0.3,-0.15,-1.63,0.0,4.2,90.6,57.1,38.4,26.7,-82.1,-1.2,69.0,-156.0,17.2,25.6,-48.0,-18.3,45.5,-83.9,-2.8,1.2,2.6,7.1,-8.2,-19.7,-13.9,-16.1,10.2,8.8,-3.5,-9.3,2,3
892,17.84,-0.04,176.38,6.64,7.4,-0.07,-70.56,505.41,0.0,625.16,893.0,7.77,11.36,0.88,-0.12,-0.28,0.27,0.97,0.33,-1.8,-0.43,-0.45,-1.97,-0.43,-0.45,-1.97,45.3,82.1,82.2,22.3,32.4,20.8,-68.9,-7.1,60.6,-152.0,17.7,23.2,-48.0,-15.0,46.6,-92.8,-6.8,5.1,-1.6,13.2,-20.6,16.9,-14.0,-6.7,22.8,-0.9,-2.0,-5.2,2,3
894,17.88,-0.04,176.78,6.64,7.41,-0.07,-70.74,506.56,0.0,626.55,895.0,7.77,11.37,0.89,-0.11,-0.29,0.35,-2.38,-0.57,-2.56,2.8,1.01,-1.92,2.8,1.01,-1.92,142.2,0.0,0.0,17.1,31.8,23.9,-74.8,-18.8,43.6,-135.8,15.3,26.8,-48.0,-14.8,43.1,-100.4,-16.7,7.3,0.5,13.5,-8.2,-18.5,4.2,1.8,22.8,1.3,-1.4,2.4,1,3
896,17.92,-0.04,177.18,6.64,7.43,-0.07,-70.98,507.71,0.0,627.87,897.0,7.77,11.38,0.9,0.02,-0.27,0.02,-2.19,-1.1,-1.99,2.45,1.46,-1.36,2.45,1.46,-1.36,47.2,0.0,0.0,42.5,35.7,27.4,-82.9,-18.0,30.4,-156.0,18.4,34.0,-48.0,-13.6,35.7,-94.2,-14.4,6.9,-5.2,3.2,6.6,-19.7,-2.0,-6.4,21.9,12.1,-2.9,-0.9,2,3
898,17.96,-0.04,177.57,6.65,7.45,-0.07,-71.12,508.85,0.0,629.3,899.0,7.76,11.39,0.9,0.13,-0.23,-0.18,0.25,-0.9,-1.0,-0.12,1.08,-0.84,-0.12,1.08,-0.84,81.3,0.0,56.8,114.2,31.7,31.4,-97.8,-12.6,42.9,-156.0,18.4,30.1,-48.0,-13.0,38.8,-89.5,-15.9,17.3,10.0,2.3,0.9,-19.7,-7.7,-12.3,20.4,17.1,-6.2,-1.1,2,3
900,18.0,-0.04,177.97,6.65,7.47,-0.07,-71.22,510.0,0.0,630.76,901.0,7.76,11.4,0.89,0.07,-0.18,-0.38,-0.22,0.78,-1.3,0.36,-0.58,-1.37,0.36,-0.58,-1.37,0.0,0.0,66.1,82.0,29.3,35.0,-103.5,-5.5,52.8,-156.0,20.5,31.0,-48.0,-11.9,47.9,-93.4,6.6,-5.5,-0.9,3.2,-1.3,-19.7,-13.1,-17.9,14.9,9.3,-4.1,1.8,2,3
902,18.04,-0.04,178.36,6.66,7.49,-0.07,-71.32,511.13,0.0,632.21,903.0,7.76,11.41,0.87,0.06,-0.14,-0.43,-1.68,2.96,-1.19,1.69,-2.89,-1.35,1.69,-2.89,-1.35,0.0,0.0,85.9,100.8,40.5,31.1,-101.6,-6.6,54.6,-156.0,25.9,23.4,-48.0,-6.4,46.5,-93.3,-8.9,-2.0,1.8,12.4,-2.7,-19.7,-18.4,-19.6,15.1,9.7,-10.5,-2.5,2,3
904,18.08,-0.04,178.76,6.66,7.5,-0.07,-71.43,512.27,0.0,633.65,905.0,7.76,11.42,0.87,-0.02,-0.16,0.22,3.53,-0.44,-1.5,-2.88,1.14,-2.3,-2.88,1.14,-2.3,0.0,0.0,98.2,30.0,34.6,27.5,-98.4,-6.2,59.6,-156.0,20.5,18.6,-48.0,-7.7,47.7,-94.4,-5.4,-0.6,-2.4,14.7,-15.1,-19.7,-18.2,-19.7,20.6,5.0,-3.7,-3.5,2,3
906,18.12,-0.04,179.15,6.66,7.52,-0.07,-71.48,513.42,0.0,635.16,907.0,7.76,11.42,0.88,-0.01,-0.12,0.1,2.16,-0.19,-1.84,-1.53,0.61,-2.32,-1.53,0.61,-2.32,0.0,11.0,57.2,5.4,27.6,24.2,-98.9,-9.0,60.2,-156.0,16.9,17.1,-48.0,-10.5,49.4,-97.2,-7.0,8.7,1.1,18.2,-15.1,-16.8,-12.2,-8.4,22.4,-3.3,-2.9,-1.7,2,3
908,18.16,-0.04,179.55,6.66,7.53,-0.07,-71.57,514.58,0.0,636.64,909.0,7.76,11.43,0.88,0.05,-0.12,0.06,-0.15,-1.07,-2.33,1.0,0.8,-2.23,1.0,0.8,-2.23,119.3,97.8,0.0,61.5,27.2,28.8,-94.6,-3.0,63.6,-156.0,17.2,21.5,-48.0,-16.8,44.1,-91.9,-14.4,10.2,-0.2,11.1,1.9,-19.7,-2.6,1.5,22.6,3.3,-5.0,1.3,2,3
910,18.2,-0.04,179.95,6.67,7.55,-0.07,-71.66,515.74,0.0,638.14,911.0,7.76,11.43,0.88,0.18,-0.09,-0.14,1.75,-2.16,-2.75,-0.23,2.5,-3.0,-0.23,2.5,-3.0,149.3,15.7,61.3,75.7,29.2,41.9,-89.2,3.8,73.4,-156.0,12.5,31.9,-48.0,-23.4,43.6,-85.8,-16.5,14.8,8.3,-3.9,-0.8,-19.7,-2.6,-3.6,21.2,17.6,-0.9,-5.6,2,3
912,18.24,-0.04,180.34,6.68,7.56,-0.07,-71.85,516.92,0.0,639.56,913.0,7.76,11.44,0.87,0.09,-0.08,-0.4,-0.23,-0.41,-1.93,0.53,0.09,-1.91,0.53,0.09,-1.91,0.0,0.0,62.5,77.2,30.3,48.4,-81.4,-6.4,74.0,-156.0,9.6,41.8,-48.0,-27.2,53.0,-92.0,-3.7,-8.0,-9.8,5.5,-5.5,-19.7,-10.5,-18.8,9.8,13.9,-15.5,-3.1,2,3
914,18.28,-0.04,180.74,6.68,7.58,-0.07,-72.02,518.09,0.0,640.97,915.0,7.76,11.44,0.86,-0.02,-0.05,-0.1,-2.51,2.22,-1.77,1.01,-3.39,-1.36,1.01,-3.39,-1.36,0.0,29.4,85.9,94.4,34.9,35.3,-92.5,-2.0,69.8,-156.0,13.2,35.2,-48.0,-21.8,50.1,-96.9,-6.0,9.8,3.7,7.3,-5.8,-19.7,-16.8,-20.4,8.6,12.8,-5.8,-3.7,2,3
916,18.32,-0.04,181.14,6.68,7.59,-0.07,-72.14,519.25,0.0,642.41,917.0,7.76,11.44,0.87,-0.01,-0.01,0.33,0.63,0.33,-1.98,-0.28,-0.05,-2.08,-0.28,-0.05,-2.08,62.0,15.9,70.1,89.2,34.1,33.3,-92.1,0.2,66.8,-156.0,13.5,32.3,-48.0,-17.5,47.2,-96.3,-4.2,2.6,-1.9,7.7,-0.8,-19.7,-14.9,-21.0,11.2,9.8,-3.1,-10.2,2,3
918,18.36,-0.04,181.54,6.69,7.6,-0.07,-72.19,520.4,0.0,643.93,919.0,7.76,11.44,0.87,0.03,0.02,0.06,1.2,1.0,-1.86,-1.15,-0.21,-2.12,-1.15,-0.21,-2.12,0.0,54.2,84.0,11.0,31.5,29.9,-95.8,-0.7,65.8,-156.0,12.9,28.6,-48.0,-14.8,49.3,-103.1,-5.6,2.8,1.7,13.8,-12.6,-12.4,-16.9,-18.8,19.6,2.3,-0.6,-2.1,2,3
920,18.4,-0.04,181.93,6.69,7.62,-0.07,-72.31,521.55,0.0,645.37,921.0,7.76,11.44,0.87,0.05,0.04,0.05,0.26,0.5,-2.35,-0.1,-0.64,-2.32,-0.1,-0.64,-2.32,90.8,52.9,45.2,0.0,30.0,30.8,-97.8,-4.7,63.9,-156.0,10.4,27.9,-48.0,-14.9,50.4,-101.9,-9.4,1.5,1.4,15.5,-10.6,-8.6,-3.0,-1.2,22.8,-4.0,-11.1,4.6,2,3
922,18.44,-0.04,182.33,6.7,7.63,-0.07,-72.51,522.7,0.0,646.74,923.0,7.75,11.44,0.88,0.15,0.03,0.01,0.06,-1.4,-2.5,1.55,0.37,-2.37,1.55,0.37,-2.37,117.1,73.4,50.6,120.9,32.8,33.3,-92.9,5.3,69.6,-156.0,11.8,32.3,-48.0,-19.1,38.9,-82.6,-13.4,12.7,4.3,3.0,8.1,-19.7,0.2,-3.2,21.6,9.5,-3.8,1.3,2,3
924,18.48,-0.04,182.73,6.71,7.65,-0.07,-72.65,523.85,0.0,648.18,925.0,7.75,11.45,0.87,0.19,0.05,-0.25,1.03,-1.21,-2.34,0.89,1.13,-2.44,0.89,1.13,-2.44,53.2,0.0,93.3,114.0,35.0,41.5,-85.0,-0.0,76.4,-156.0,9.9,40.8,-48.0,-20.9,44.5,-83.6,-13.7,5.2,2.3,-1.7,-3.0,-19.7,-6.4,-15.4,16.7,16.5,-6.7,-6.4,2,3
926,18.52,-0.04,183.12,6.72,7.66,-0.07,-72.81,525.01,0.0,649.59,927.0,7.74,11.45,0.86,0.11,0.14,-0.18,0.01,0.86,-1.79,-0.58,-0.66,-1.77,-0.58,-0.66,-1.77,0.0,0.0,67.9,152.0,36.1,36.6,-82.5,-5.8,70.8,-156.0,12.5,39.3,-48.0,-19.5,51.7,-96.9,2.9,-0.9,-3.5,6.6,-1.5,-19.7,-7.6,-19.9,11.0,14.6,-8.0,-2.3,2,3
928,18.56,-0.04,183.51,6.73,7.67,-0.07,-72.93,526.17,0.0,651.03,929.0,7.74,11.45,0.86,0.04,0.14,0.28,0.12,0.5,-2.31,-0.23,-0.57,-2.28,-0.23,-0.57,-2.28,0.0,56.7,82.6,84.7,33.9,32.2,-91.3,1.8,68.9,-156.0,13.5,34.4,-48.0,-15.8,52.1,-96.8,-1.5,2.1,0.4,4.5,-3.3,-19.7,-14.3,-20.7,9.5,10.2,-8.1,-8.8,2,3
930,18.6,-0.04,183.91,6.73,7.68,-0.07,-73.02,527.31,0.0,652.51,931.0,7.73,11.45,0.86,0.08,0.16,0.01,0.97,1.26,-2.09,-1.2,-0.0,-2.34,-1.2,-0.0,-2.34,0.0,72.6,87.3,27.8,33.8,29.4,-96.4,0.8,67.1,-156.0,13.9,30.8,-48.0,-12.8,52.1,-101.8,-6.3,4.5,-0.5,12.4,-2.2,-18.9,-17.6,-20.9,13.3,6.1,0.5,-5.6,2,3
932,18.64,-0.04,184.3,6.74,7.7,-0.07,-73.12,528.45,0.0,653.97,933.0,7.72,11.45,0.87,0.1,0.2,0.1,2.01,0.29,-2.51,-0.44,1.05,-3.02,-0.44,1.05,-3.02,0.0,46.5,59.5,0.0,29.2,32.0,-103.2,-3.5,66.3,-156.0,9.4,30.3,-48.0,-9.1,58.1,-107.1,-7.2,5.7,1.6,14.7,-17.6,4.9,-9.0,-6.9,22.4,-5.0,-1.6,3.2,2,3
934,18.68,-0.04,184.7,6.75,7.71,-0.07,-73.28,529.6,0.0,655.36,935.0,7.71,11.46,0.87,0.1,0.21,0.14,-0.86,-0.63,-2.65,0.74,-1.61,-2.25,0.74,-1.61,-2.25,129.8,0.0,0.0,0.0,27.5,36.1,-101.9,-7.2,63.3,-156.0,5.3,36.4,-48.0,-15.0,51.4,-84.6,-15.1,-1.7,3.2,16.4,-11.9,-16.3,0.4,-0.3,22.8,-1.0,-3.1,8.9,2,3
936,18.72,-0.04,185.09,6.76,7.72,-0.07,-73.64,530.74,0.0,656.56,937.0,7.71,11.46,0.87,0.13,0.18,0.06,0.64,-1.92,-2.01,2.05,0.04,-1.99,2.05,0.04,-1.99,111.7,29.4,115.5,0.0,31.0,31.7,-87.3,10.3,69.7,-156.0,5.3,40.4,-48.0,-15.1,41.9,-64.0,-11.4,11.0,13.5,-5.3,-0.1,-19.7,0.6,-9.4,20.6,13.2,-2.8,-15.4,2,3
938,18.76,-0.04,185.48,6.76,7.74,-0.07,-73.84,531.89,0.0,657.93,939.0,7.7,11.47,0.87,0.06,0.23,-0.24,-0.05,0.71,-1.54,-0.67,-0.31,-1.53,-0.67,-0.31,-1.53,0.0,0.0,85.3,124.5,33.9,22.6,-66.7,-1.1,65.1,-156.0,9.9,41.1,-48.0,-10.3,53.3,-84.9,-7.0,5.2,-4.0,2.8,-0.2,-19.7,-9.4,-17.0,16.0,13.2,-13.9,-8.4,2,3
940,18.8,-0.04,185.88,6.77,7.75,-0.07,-74.06,533.04,0.0,659.27,941.0,7.69,11.47,0.86,0.06,0.28,0.07,3.98,0.8,-1.58,-0.15,3.45,-2.66,-0.15,3.45,-2.66,0.0,0.0,12.4,109.1,36.2,14.3,-75.6,-5.0,63.6,-156.0,11.0,33.2,-48.0,-7.7,55.7,-97.4,1.3,9.2,-0.7,3.8,-1.3,-19.7,-8.6,-20.4,5.0,10.1,-10.8,-7.7,2,3
942,18.84,-0.04,186.27,6.77,7.77,-0.07,-74.14,534.19,0.0,660.75,943.0,7.68,11.47,0.87,0.05,0.25,0.11,0.76,0.43,-2.0,-0.41,0.23,-2.13,-0.41,0.23,-2.13,0.0,69.1,50.0,48.9,33.1,24.2,-86.5,-3.4,64.3,-156.0,11.1,30.2,-48.0,-6.3,56.3,-100.0,-2.8,0.8,-1.0,7.0,-2.9,-19.7,-14.9,-20.3,7.6,4.1,-6.9,-6.9,2,3
944,18.88,-0.04,186.67,6.77,7.78,-0.07,-74.25,535.33,0.0,662.19,945.0,7.67,11.48,0.87,0.06,0.24,0.02,0.95,0.22,-2.12,-0.2,0.28,-2.31,-0.2,0.28,-2.31,53.3,78.5,46.3,8.7,31.6,30.8,-94.8,-6.3,63.5,-156.0,9.4,28.6,-48.0,-3.5,59.3,-107.2,-5.7,0.4,-3.1,13.7,-8.9,-6.0,-16.8,-17.3,20.3,0.1,-2.4,1.3,2,3
946,18.92,-0.04,187.06,6.78,7.79,-0.07,-74.36,536.47,0.0,663.63,947.0,7.66,11.49,0.87,0.04,0.27,0.06,1.19,-0.22,-2.3,0.25,0.28,-2.57,0.25,0.28,-2.57,117.2,20.8,29.7,0.0,28.4,32.9,-97.8,-11.8,61.3,-154.5,6.0,29.9,-48.0,-6.8,59.8,-100.3,-13.5,2.8,-1.4,16.3,-17.9,4.3,-2.5,1.0,22.8,-6.1,-3.6,5.0,2,3
948,18.96,-0.04,187.46,6.78,7.81,-0.07,-74.52,537.61,0.0,665.02,949.0,7.66,11.49,0.87,0.05,0.18,0.08,-2.21,-1.25,-2.18,-0.37,-3.02,-1.41,-0.37,-3.02,-1.41,105.6,0.0,0.0,0.0,29.6,33.1,-94.7,-5.1,63.7,-156.0,5.4,35.0,-48.0,-15.4,48.0,-74.7,-13.4,4.9,7.8,16.5,3.1,-19.8,-0.1,-3.2,22.6,3.3,-0.8,5.4,2,3
950,19.0,-0.04,187.85,6.79,7.82,-0.07,-74.88,538.76,0.0,666.23,951.0,7.65,11.5,0.87,0.09,0.16,-0.1,1.45,-2.11,-2.16,2.31,-0.51,-2.37,2.31,-0.51,-2.37,65.7,0.0,82.5,151.7,33.7,29.8,-69.5,10.7,70.6,-156.0,8.1,41.5,-48.0,-13.9,48.8,-77.2,-9.4,3.9,6.4,-11.9,-3.1,-19.7,0.1,-14.8,20.8,17.5,-14.9,-9.8,2,3
952,19.04,-0.04,188.24,6.79,7.84,-0.07,-75.15,539.92,0.0,667.53,953.0,7.65,11.5,0.86,-0.04,0.21,-0.36,-1.08,2.06,-1.04,-2.37,0.26,-0.92,-2.37,0.26,-0.92,0.0,0.0,73.8,74.2,41.1,18.0,-54.2,-2.3,65.6,-156.0,16.4,38.0,-48.0,-5.1,57.7,-99.0,-3.1,2.3,-11.8,6.0,-2.5,-19.7,-10.3,-19.3,15.4,11.7,-13.7,-5.7,2,3
954,19.08,-0.04,188.64,6.79,7.85,-0.07,-75.33,541.07,0.0,668.91,955.0,7.64,11.5,0.86,-0.08,0.21,0.2,3.52,0.53,-1.37,1.67,2.58,-2.25,1.67,2.58,-2.25,0.0,0.0,81.9,104.9,36.5,13.3,-74.0,-0.5,64.8,-156.0,13.8,33.1,-48.0,-4.1,60.1,-103.7,0.1,8.5,0.6,6.7,-3.9,-19.7,-9.2,-21.0,9.5,10.6,-10.8,-6.5,2,3
956,19.12,-0.04,189.03,6.79,7.86,-0.07,-75.43,542.21,0.0,670.36,957.0,7.63,11.51,0.87,-0.04,0.2,0.03,1.72,0.31,-1.98,0.48,1.01,-2.4,0.48,1.01,-2.4,0.0,78.8,86.8,19.7,33.8,23.7,-89.5,-2.5,64.9,-156.0,12.8,28.7,-48.0,-2.0,60.1,-106.2,-1.4,4.2,-1.3,9.5,-3.4,-19.2,-17.9,-20.0,10.5,2.9,-0.9,-4.7,2,3
958,19.16,-0.04,189.43,6.79,7.87,-0.07,-75.51,543.35,0.0,671.82,959.0,7.63,11.51,0.87,-0.05,0.19,0.03,1.64,-0.19,-2.2,0.67,0.55,-2.61,0.67,0.55,-2.61,91.8,133.9,41.9,0.0,29.6,32.1,-95.3,-9.5,63.0,-155.6,7.5,29.5,-48.0,-4.0,61.4,-107.3,-9.3,3.7,-0.5,13.4,-19.0,15.5,-8.2,-2.6,22.8,-3.8,4.4,4.3,2,3
960,19.2,-0.04,189.82,6.79,7.89,-0.07,-75.72,544.49,0.0,673.15,961.0,7.62,11.52,0.87,-0.08,0.19,0.16,-2.59,-1.6,-2.41,-1.86,-2.96,-1.68,-1.86,-2.96,-1.68,117.9,0.0,0.0,0.0,27.4,35.8,-99.7,-22.3,50.2,-141.8,5.0,37.3,-48.0,-10.6,60.4,-87.2,-14.1,1.0,3.8,15.3,-9.1,-17.6,0.5,-5.0,22.8,0.7,-11.8,1.3,1,3
962,19.24,-0.04,190.22,6.79,7.9,-0.07,-75.95,545.64,0.0,674.49,963.0,7.62,11.53,0.88,-0.02,0.13,0.16,-3.48,-2.33,-1.56,-2.06,-3.92,-0.57,-2.06,-3.92,-0.57,52.5,0.0,104.4,136.6,34.0,32.2,-93.8,-11.8,47.2,-156.0,11.8,37.2,-48.0,-5.8,45.4,-72.7,-12.2,5.9,10.3,5.1,3.8,-19.7,-3.3,-8.8,22.0,9.5,-2.9,-10.7,2,3
964,19.28,-0.04,190.62,6.79,7.92,-0.07,-76.11,546.78,0.0,675.89,965.0,7.61,11.53,0.88,-0.12,0.14,-0.07,0.79,0.19,-1.38,0.52,0.24,-1.49,0.52,0.24,-1.49,0.0,0.0,45.9,99.1,38.2,21.3,-67.5,-3.1,58.5,-156.0,18.5,36.6,-48.0,0.3,55.5,-88.7,-2.9,4.1,2.5,1.6,-3.5,-19.7,-8.3,-14.3,21.1,11.2,-14.3,-13.2,2,3
966,19.32,-0.04,191.02,6.79,7.94,-0.07,-76.41,547.93,0.0,677.15,967.0,7.6,11.53,0.88,-0.1,0.23,-0.15,4.54,0.91,-1.27,3.56,2.28,-2.27,3.56,2.28,-2.27,0.0,0.0,66.6,205.8,43.2,11.1,-64.4,-0.9,58.6,-156.0,21.9,26.0,-48.0,7.7,56.0,-109.4,0.3,2.2,-1.2,5.7,-5.2,-19.7,-9.3,-18.5,18.3,6.1,-9.3,1.6,2,3
968,19.36,-0.04,191.41,6.79,7.95,-0.07,-76.53,549.09,0.0,678.6,969.0,7.6,11.54,0.88,-0.21,0.19,0.06,0.66,0.53,-1.91,0.01,0.58,-2.01,0.01,0.58,-2.01,0.0,55.3,86.6,62.8,38.4,16.4,-82.1,-2.6,59.9,-156.0,16.9,21.4,-48.0,5.4,55.8,-110.2,-5.3,-3.9,-1.8,8.6,-11.0,-19.7,-15.9,-19.2,14.9,2.7,-9.8,2.5,2,3
970,19.4,-0.04,191.81,6.79,7.97,-0.07,-76.62,550.25,0.0,680.08,971.0,7.58,11.54,0.88,-0.25,0.17,0.05,1.17,0.49,-1.96,0.46,0.66,-2.19,0.46,0.66,-2.19,0.0,35.5,94.8,16.2,34.7,18.8,-96.3,-6.1,56.3,-156.0,14.0,19.5,-48.0,3.4,50.5,-104.7,-6.1,1.1,-4.0,16.4,-9.7,-19.7,-18.3,-20.7,21.0,3.0,-0.9,-0.4,2,3
972,19.44,-0.04,192.2,6.79,7.99,-0.07,-76.7,551.39,0.0,681.56,973.0,7.57,11.55,0.89,-0.26,0.14,-0.03,1.93,-0.18,-2.12,1.25,0.16,-2.59,1.25,0.16,-2.59,0.0,44.1,74.0,0.0,30.2,20.0,-106.8,-10.5,54.8,-156.0,9.6,19.0,-48.0,-2.5,46.6,-103.3,-7.9,3.4,1.5,19.3,-6.4,-18.9,-8.9,-12.2,22.7,-6.2,1.4,1.2,2,3
974,19.48,-0.04,192.6,6.79,8.0,-0.07,-76.83,552.54,0.0,682.98,975.0,7.56,11.55,0.89,-0.18,0.06,-0.08,-1.3,-2.18,-2.51,-1.75,-2.16,-2.24,-1.75,-2.16,-2.24,158.7,101.6,0.0,0.0,31.1,25.8,-98.5,0.3,62.0,-156.0,12.0,24.3,-48.0,-15.8,41.4,-94.7,-14.7,12.6,2.6,10.7,8.8,-19.7,-0.6,-2.4,22.8,6.9,-2.3,3.4,2,3
976,19.52,-0.04,192.99,6.79,8.02,-0.07,-77.01,553.7,0.0,684.38,977.0,7.56,11.55,0.88,-0.13,0.05,-0.25,0.76,-2.41,-2.47,0.29,-2.34,-2.63,0.29,-2.34,-2.63,94.9,0.0,30.9,39.5,33.7,41.3,-92.6,5.7,79.5,-156.0,10.3,36.2,-48.0,-19.4,41.4,-89.0,-12.4,6.3,6.8,-3.4,-3.6,-19.7,-2.0,-10.9,21.6,16.0,-4.6,-3.1,2,3
978,19.56,-0.04,193.39,6.79,8.04,-0.07,-77.15,554.88,0.0,685.83,979.0,7.55,11.55,0.87,-0.32,-0.03,-0.42,-1.42,0.06,-1.69,-1.53,0.27,-1.57,-1.53,0.27,-1.57,0.0,0.0,59.9,46.4,39.0,46.5,-85.5,-3.3,74.8,-156.0,10.9,43.6,-48.0,-18.7,48.2,-93.9,-1.9,-6.7,-3.3,6.1,-4.8,-19.7,-11.5,-18.8,14.5,10.8,-6.6,-2.1,2,3
980,19.6,-0.04,193.78,6.79,8.05,-0.07,-77.34,556.06,0.0,687.23,981.0,7.53,11.55,0.86,-0.41,-0.07,-0.15,4.3,0.94,-1.02,4.24,0.17,-1.57,4.24,0.17,-1.57,28.6,67.3,90.9,116.5,39.8,37.6,-87.5,4.1,68.1,-156.0,11.2,37.7,-48.0,-16.8,46.9,-99.1,-3.3,0.4,-3.1,9.6,-9.3,-19.7,-8.5,-20.9,17.4,15.0,-5.3,0.2,2,3
982,19.64,-0.04,194.17,6.79,8.06,-0.07,-77.42,557.23,0.0,688.72,983.0,7.51,11.55,0.86,-0.53,-0.15,0.2,0.21,-0.07,-1.52,-0.04,-0.01,-1.54,-0.04,-0.01,-1.54,0.0,42.4,87.1,54.4,37.7,28.8,-91.5,3.9,66.0,-156.0,10.7,33.5,-48.0,-14.7,43.7,-94.2,-0.8,0.6,2.1,9.3,-5.9,-19.7,-18.5,-21.5,13.7,7.7,-3.7,-8.3,2,3
984,19.68,-0.04,194.57,6.79,8.07,-0.07,-77.5,558.39,0.0,690.2,985.0,7.49,11.55,0.87,-0.52,-0.2,0.05,0.83,0.44,-1.4,0.68,0.32,-1.5,0.68,0.32,-1.5,0.0,33.7,74.1,20.6,37.5,20.7,-88.0,2.5,62.2,-156.0,10.5,30.4,-48.0,-13.5,39.8,-94.7,-5.4,2.1,3.0,12.3,-15.1,-14.1,-15.8,-20.2,21.4,1.8,-2.4,-7.1,2,3
986,19.72,-0.04,194.96,6.79,8.09,-0.07,-77.56,559.54,0.0,691.71,987.0,7.47,11.55,0.88,-0.49,-0.24,-0.02,0.18,0.12,-1.69,-0.07,0.28,-1.68,-0.07,0.28,-1.68,0.0,54.6,52.4,29.1,37.1,19.4,-81.5,1.0,60.0,-156.0,9.2,28.5,-48.0,-14.1,35.5,-101.0,-8.0,9.1,-1.2,8.4,-1.2,-17.8,1.0,-8.1,22.8,0.3,-3.7,-0.5,2,3
988,19.76,-0.04,195.35,6.79,8.11,-0.07,-77.67,560.7,0.0,693.15,989.0,7.45,11.55,0.87,-0.3,-0.27,-0.34,0.8,-1.36,-1.79,-0.14,-1.32,-1.98,-0.14,-1.32,-1.98,161.5,4.0,0.0,92.3,38.7,30.1,-89.9,1.1,66.3,-156.0,13.2,31.3,-48.0,-16.1,35.0,-99.3,-16.9,19.3,-3.0,-1.7,2.0,-19.7,1.7,-0.2,22.2,11.9,0.8,0.3,2,3
990,19.8,-0.04,195.74,6.79,8.12,-0.07,-77.79,561.86,0.0,694.6,991.0,7.43,11.54,0.86,-0.19,-0.27,-0.45,2.16,-1.31,-1.57,1.14,-1.92,-1.97,1.14,-1.92,-1.97,42.0,0.0,35.2,49.5,32.7,59.5,-110.5,-7.2,75.7,-156.0,14.7,36.4,-48.0,-25.1,45.9,-88.1,-10.1,2.6,3.8,2.5,-4.5,-19.7,-9.6,-11.6,20.3,14.1,-8.9,2.4,2,3
992,19.84,-0.04,196.14,6.79,8.13,-0.07,-78.0,563.01,0.0,695.95,993.0,7.42,11.54,0.86,-0.35,-0.29,0.16,0.62,-0.89,-1.37,0.06,-0.8,-1.55,0.06,-0.8,-1.55,0.0,62.6,74.1,70.6,29.0,61.2,-115.0,-0.6,72.4,-156.0,10.8,37.9,-48.0,-27.1,46.0,-82.2,5.3,-6.9,3.7,5.3,-4.0,-19.7,-16.6,-18.9,12.8,11.4,-1.4,-2.8,2,3
994,19.88,-0.04,196.53,6.79,8.14,-0.07,-78.11,564.17,0.0,697.4,995.0,7.4,11.54,0.86,-0.47,-0.35,0.04,-3.22,1.59,-1.19,-1.71,3.32,-0.61,-1.71,3.32,-0.61,0.0,22.1,92.4,68.7,38.4,37.6,-98.8,1.6,69.3,-156.0,15.8,33.4,-48.0,-21.2,43.1,-80.4,-1.1,-4.7,3.3,11.2,-15.1,-19.7,-18.6,-21.1,18.6,9.9,-16.6,-6.5,2,3
996,19.92,-0.04,196.92,6.79,8.15,-0.07,-78.24,565.33,0.0,698.84,997.0,7.37,11.54,0.87,-0.53,-0.37,0.22,0.36,0.87,-1.54,0.63,0.7,-1.54,0.63,0.7,-1.54,0.0,0.0,78.0,86.8,38.9,6.4,-75.0,2.8,63.3,-156.0,18.7,27.8,-48.0,-15.1,33.8,-73.6,4.1,5.4,8.4,12.4,-18.9,-17.4,-19.4,-20.8,20.1,3.9,-11.6,-15.9,2,3
998,19.96,-0.04,197.31,6.79,8.17,-0.07,-78.43,566.48,0.0,700.2,999.0,7.35,11.54,0.88,-0.46,-0.42,0.13,0.68,1.31,-2.4,0.99,1.02,-2.43,0.99,1.02,-2.43,0.0,0.0,51.2,0.0,39.7,-0.5,-53.1,-3.4,55.2,-155.2,15.1,25.1,-48.0,-16.9,27.5,-91.2,-4.0,10.6,0.1,11.2,-18.4,2.5,-4.6,-6.7,22.2,-0.7,-2.8,-5.3,3,3
1000,20.0,-0.04,197.7,6.79,8.18,-0.07,-78.74,567.45,0.0,701.27,1001.0,7.33,11.54,0.88,-0.27,-0.46,-0.03,-1.66,-0.51,-2.61,-1.95,1.4,-2.01,-1.95,1.4,-2.01,147.6,0.0,0.0,0.0,43.0,19.3,-69.0,-6.1,49.7,-156.0,16.4,31.1,-48.0,-16.1,19.8,-115.5,-16.6,12.2,-5.7,4.3,9.7,-19.8,5.8,1.0,22.5,5.9,8.0,6.2,2,3
1002,20.04,-0.04,198.1,6.79,8.2,-0.07,-78.97,568.6,0.0,702.6,1003.0,7.31,11.53,0.88,-0.12,-0.41,-0.27,4.34,-1.35,-1.78,1.23,-3.79,-2.81,1.23,-3.79,-2.81,50.5,0.0,0.0,65.7,34.9,52.7,-96.2,-6.1,65.2,-156.0,21.8,37.6,-48.0,-25.9,32.7,-107.5,-16.2,6.7,-2.6,-2.1,-7.2,-19.7,-7.4,-6.7,21.6,16.1,-2.9,11.9,2,3
1004,20.08,-0.04,198.49,6.79,8.21,-0.07,-79.18,569.74,0.0,703.93,1005.0,7.29,11.53,0.87,-0.14,-0.51,-0.25,-1.05,0.61,-1.47,-0.07,1.55,-1.11,-0.07,1.55,-1.11,0.0,0.0,138.3,22.8,22.8,83.8,-112.8,-11.2,67.3,-156.0,14.3,28.9,-48.0,-38.8,34.7,-81.6,2.9,-14.9,-0.8,4.3,-0.7,-19.7,-11.8,-7.3,7.1,14.6,2.8,-4.0,2,3
1006,20.12,-0.04,198.88,6.79,8.23,-0.08,-79.4,570.88,0.0,705.26,1007.0,7.26,11.53,0.85,-0.24,-0.56,-0.2,-4.12,1.23,-1.12,-1.03,4.31,0.22,-1.03,4.31,0.22,0.0,102.9,72.4,59.8,38.8,63.3,-110.3,-7.1,69.2,-156.0,19.1,24.4,-48.0,-32.3,35.8,-77.5,-6.6,-2.7,5.3,7.9,-6.4,-19.7,-18.4,-19.8,9.9,14.3,-7.4,-8.6,2,3
1008,20.16,-0.04,199.27,6.79,8.24,-0.08,-79.54,572.02,0.0,706.66,1009.0,7.24,11.53,0.86,-0.32,-0.47,0.12,-1.5,0.26,-0.85,-0.63,1.59,-0.34,-0.63,1.59,-0.34,0.0,0.0,86.8,83.6,39.1,31.6,-89.1,2.1,66.3,-156.0,28.3,20.8,-48.0,-19.9,35.5,-77.8,1.5,4.4,2.6,4.5,-5.8,-19.7,-18.7,-20.3,16.8,8.5,-5.4,-12.8,2,3
1010,20.2,-0.04,199.67,6.79,8.25,-0.08,-79.69,573.15,0.0,708.04,1011.0,7.22,11.53,0.87,-0.18,-0.41,0.01,2.9,0.45,-1.29,1.35,-1.87,-2.23,1.35,-1.87,-2.23,0.0,52.8,62.7,19.9,36.0,23.7,-76.7,-0.5,64.1,-156.0,26.4,18.0,-48.0,-17.9,41.6,-97.0,-4.6,6.2,0.2,12.5,-18.7,3.9,-18.2,-9.2,22.1,1.0,-2.0,-5.9,2,3
1012,20.24,-0.04,200.06,6.79,8.26,-0.08,-79.82,574.29,0.0,709.46,1013.0,7.21,11.52,0.87,-0.12,-0.4,0.07,-0.81,-0.47,-2.14,-1.0,1.22,-1.72,-1.0,1.22,-1.72,119.1,0.0,0.0,55.1,33.8,29.8,-79.7,-12.2,56.8,-150.5,21.2,24.5,-48.0,-19.3,42.8,-105.5,-13.9,3.4,-0.7,12.3,-17.3,-8.3,3.3,5.8,22.8,1.4,-5.9,4.5,1,3
1014,20.28,-0.04,200.45,6.79,8.28,-0.08,-79.93,575.42,0.0,710.89,1015.0,7.19,11.52,0.87,-0.01,-0.38,-0.09,-2.02,-0.6,-1.64,-1.46,2.08,-0.82,-1.46,2.08,-0.82,61.3,0.0,0.0,47.4,40.0,35.9,-87.7,-15.9,45.9,-156.0,23.8,37.6,-48.0,-19.9,33.0,-94.2,-17.8,5.6,-2.3,6.0,6.9,-19.7,-5.3,-9.4,22.0,11.5,1.6,5.8,2,3
1016,20.32,-0.04,200.85,6.8,8.29,-0.08,-80.07,576.54,0.0,712.29,1017.0,7.18,11.52,0.87,0.11,-0.36,-0.21,1.7,-0.61,-0.66,-0.3,-1.57,-1.07,-0.3,-1.57,-1.07,73.1,0.0,192.1,95.2,36.8,42.9,-100.0,-15.9,50.1,-156.0,13.9,31.9,-48.0,-23.6,32.0,-86.4,-17.5,5.2,4.8,1.6,2.1,-19.7,-3.8,-11.7,15.2,16.8,-4.4,-2.2,2,3
1018,20.36,-0.04,201.24,6.8,8.31,-0.08,-80.18,577.68,0.0,713.73,1019.0,7.16,11.51,0.86,0.04,-0.38,-0.07,0.53,0.45,-0.34,0.51,-0.28,-0.51,0.51,-0.28,-0.51,5.5,0.0,100.2,102.2,33.8,41.8,-102.9,-15.0,56.8,-156.0,14.1,30.1,-48.0,-24.3,37.5,-90.7,3.5,-2.8,3.6,2.6,0.0,-19.7,-15.5,-19.4,3.4,13.0,-5.6,-3.8,2,3
1020,20.4,-0.04,201.63,6.8,8.32,-0.08,-80.24,578.82,0.0,715.21,1021.0,7.15,11.51,0.86,0.04,-0.38,0.06,0.63,0.45,-0.38,0.52,-0.36,-0.59,0.52,-0.36,-0.59,0.0,0.0,101.4,68.3,35.6,36.0,-96.9,-4.2,63.5,-156.0,18.4,26.0,-48.0,-18.9,41.6,-94.5,-1.0,1.4,0.4,3.3,0.7,-19.7,-16.9,-20.6,7.5,10.8,-3.7,-7.7,2,3
1022,20.44,-0.04,202.02,6.81,8.33,-0.08,-80.33,579.96,0.0,716.67,1023.0,7.13,11.5,0.87,0.1,-0.37,0.04,1.82,-0.04,-0.72,0.26,-1.43,-1.31,0.26,-1.43,-1.31,37.0,69.9,83.8,27.9,33.0,33.6,-95.3,-3.6,65.2,-156.0,17.8,23.4,-48.0,-15.1,49.3,-104.8,-3.0,1.8,1.9,11.3,-9.9,-9.2,-17.4,-13.5,18.8,4.4,-0.2,-2.4,2,3
1024,20.48,-0.04,202.42,6.82,8.34,-0.08,-80.46,581.09,0.0,718.09,1025.0,7.12,11.49,0.87,0.13,-0.31,0.2,1.13,-0.88,-1.34,-0.66,-0.69,-1.7,-0.66,-0.69,-1.7,85.9,123.4,0.0,0.0,28.4,34.5,-94.1,-13.8,61.1,-152.1,13.5,26.9,-48.0,-14.1,56.0,-104.9,-9.6,5.1,2.9,13.1,-20.6,20.9,-2.9,6.7,22.8,-1.7,-1.9,5.9,2,3
1026,20.52,-0.04,202.81,6.83,8.36,-0.08,-80.67,582.23,0.0,719.44,1027.0,7.11,11.48,0.87,0.17,-0.33,0.21,-2.95,-1.95,-1.79,-2.2,3.16,-0.94,-2.2,3.16,-0.94,47.7,0.0,0.0,27.7,28.5,37.4,-96.3,-24.6,43.7,-147.5,13.5,41.7,-48.0,-13.3,51.1,-84.8,-14.2,-1.6,1.4,15.4,-9.3,-19.3,-0.2,-6.7,22.8,3.4,-7.3,5.4,1,3
1028,20.56,-0.04,203.21,6.85,8.37,-0.08,-80.9,583.38,0.0,720.78,1029.0,7.1,11.47,0.88,0.18,-0.34,0.14,-3.18,-1.43,-1.08,-1.66,3.24,-0.19,-1.66,3.24,-0.19,51.7,0.0,0.0,58.0,34.2,32.7,-93.8,-18.1,30.0,-156.0,15.6,40.6,-48.0,-10.3,42.7,-74.8,-15.2,4.6,4.2,2.0,11.1,-19.7,-2.3,-11.2,21.8,14.6,-7.7,-8.1,2,3
1030,20.6,-0.04,203.6,6.86,8.39,-0.08,-81.05,584.52,0.0,722.2,1031.0,7.08,11.46,0.89,0.21,-0.31,0.01,2.18,0.22,-0.39,0.16,-2.07,-0.79,0.16,-2.07,-0.79,0.0,0.0,51.9,54.2,35.6,26.7,-81.6,-12.0,47.5,-156.0,17.1,37.9,-48.0,-8.4,47.4,-83.8,-10.6,10.2,-1.8,4.6,-3.0,-19.7,-7.8,-18.4,17.2,13.6,-12.9,-8.2,2,3
1032,20.64,-0.04,204.0,6.88,8.41,-0.08,-81.2,585.67,0.0,723.63,1033.0,7.07,11.46,0.88,0.18,-0.25,-0.28,1.61,2.56,-0.21,2.51,-1.52,-0.76,2.51,-1.52,-0.76,0.0,0.0,66.8,75.1,35.8,22.2,-88.9,-5.3,55.4,-156.0,16.7,30.9,-48.0,-8.5,47.2,-92.1,1.6,5.1,1.5,5.5,-1.8,-19.7,-15.7,-18.4,1.9,6.8,-5.0,-3.3,2,3
1034,20.68,-0.04,204.4,6.89,8.42,-0.08,-81.3,586.81,0.0,725.1,1035.0,7.06,11.45,0.87,0.15,-0.26,0.17,3.5,0.08,-0.79,-0.04,-3.08,-1.84,-0.04,-3.08,-1.84,24.1,49.5,108.2,55.7,34.7,25.4,-88.5,-5.8,61.8,-156.0,14.7,23.1,-48.0,-7.9,48.2,-95.1,-1.3,-1.4,0.9,9.0,-7.9,-19.7,-13.5,-19.6,10.2,8.2,-5.2,-2.9,2,3
1036,20.72,-0.04,204.8,6.9,8.44,-0.08,-81.39,587.95,0.0,726.58,1037.0,7.05,11.45,0.88,0.16,-0.25,0.19,2.05,-0.19,-1.1,-0.22,-1.61,-1.68,-0.22,-1.61,-1.68,0.0,51.0,57.8,29.5,29.1,24.0,-90.1,-7.6,60.9,-156.0,12.4,22.6,-48.0,-6.4,52.7,-100.5,-3.7,0.7,1.1,11.4,-16.4,-7.3,-14.9,-11.2,21.9,0.0,-3.7,-1.5,2,3
1038,20.76,-0.05,205.19,6.92,8.46,-0.08,-81.48,589.08,0.0,728.04,1039.0,7.04,11.44,0.89,0.18,-0.21,0.28,-1.11,-1.35,-1.81,-0.89,1.78,-1.55,-0.89,1.78,-1.55,99.1,58.0,0.0,46.6,26.0,25.0,-88.4,-15.7,55.0,-147.6,9.2,27.7,-48.0,-10.4,51.7,-99.9,-10.8,7.6,3.3,12.7,-19.9,10.2,1.3,4.0,22.8,0.1,-3.9,3.6,1,3
1040,20.8,-0.05,205.59,6.93,8.47,-0.08,-81.69,590.23,0.0,729.41,1041.0,7.03,11.43,0.89,0.19,-0.25,0.14,-4.2,-0.94,-2.13,0.09,4.69,-1.01,0.09,4.69,-1.01,51.7,0.0,0.0,31.5,31.8,28.6,-91.0,-19.9,37.1,-154.2,12.3,38.0,-48.0,-13.4,41.8,-90.7,-15.2,2.4,0.1,11.0,-0.5,-12.0,-1.1,-6.5,22.8,8.6,-2.6,-0.4,2,3
1042,20.84,-0.05,205.99,6.96,8.49,-0.08,-81.92,591.36,0.0,730.76,1043.0,7.02,11.42,0.89,0.33,-0.23,-0.03,-1.99,-1.2,-1.29,-0.74,2.48,-0.64,-0.74,2.48,-0.64,0.0,0.0,169.6,106.5,37.9,27.9,-95.0,-12.5,31.9,-156.0,16.5,33.2,-48.0,-9.9,36.8,-86.5,-14.6,6.8,4.8,-0.7,10.7,-19.7,-4.3,-13.1,22.0,16.6,-4.9,-2.5,2,3
1044,20.88,-0.05,206.39,6.98,8.51,-0.08,-82.01,592.5,0.0,732.25,1045.0,7.0,11.41,0.89,0.28,-0.2,-0.15,1.28,0.66,-0.81,0.12,-1.21,-1.13,0.12,-1.21,-1.13,0.0,0.0,58.4,33.6,37.9,29.2,-91.5,-4.1,52.8,-156.0,18.4,36.0,-48.0,-9.3,41.8,-90.4,-4.6,1.3,1.6,2.0,-3.5,-19.7,-6.2,-19.4,16.5,11.7,-8.5,-7.3,2,3
1046,20.92,-0.05,206.79,7.0,8.53,-0.08,-82.13,593.64,0.0,733.71,1047.0,7.0,11.41,0.88,0.3,-0.12,-0.38,3.35,2.41,-0.51,1.11,-3.67,-1.6,1.11,-3.67,-1.6,0.0,0.0,82.4,100.7,41.8,21.7,-89.5,-0.4,57.5,-156.0,19.1,28.0,-48.0,-8.3,41.2,-102.1,-3.2,8.0,2.2,3.6,-1.8,-19.7,-16.3,-19.2,6.5,9.6,-5.6,0.6,2,3
1048,20.96,-0.05,207.19,7.02,8.54,-0.08,-82.24,594.79,0.0,735.17,1049.0,6.99,11.4,0.88,0.19,-0.16,0.24,1.37,-0.08,-1.25,-0.4,-0.86,-1.59,-0.4,-0.86,-1.59,15.7,57.2,42.4,37.2,34.0,24.3,-87.0,-3.3,61.8,-156.0,12.3,25.0,-48.0,-12.3,44.7,-105.4,-4.6,1.3,-1.0,8.9,-6.6,-19.7,-14.5,-19.3,15.4,9.1,1.4,0.8,2,3
1050,21.0,-0.05,207.58,7.03,8.56,-0.08,-82.3,595.93,0.0,736.68,1051.0,6.98,11.4,0.88,0.21,-0.14,0.19,1.8,0.27,-1.47,-0.2,-1.31,-1.92,-0.2,-1.31,-1.92,49.7,107.0,32.5,26.8,30.7,23.9,-86.9,-9.9,58.2,-154.5,8.8,24.9,-48.0,-9.7,48.7,-105.9,-5.7,4.0,4.1,11.3,-20.0,15.2,-8.3,1.5,22.8,-2.7,-2.4,1.3,2,3
1052,21.04,-0.05,207.98,7.05,8.58,-0.08,-82.47,597.07,0.0,738.08,1053.0,6.97,11.39,0.89,0.22,-0.12,0.27,-3.25,-1.87,-2.32,0.37,4.17,-1.38,0.37,4.17,-1.38,138.1,0.0,0.0,45.9,31.0,28.0,-89.1,-20.7,42.8,-135.9,7.6,36.3,-48.0,-10.9,46.4,-96.6,-16.7,5.3,3.4,14.0,-7.2,-18.4,1.6,-10.0,22.8,2.2,-5.2,2.5,1,3
1054,21.08,-0.05,208.38,7.07,8.6,-0.08,-82.75,598.21,0.0,739.39,1055.0,6.95,11.38,0.89,0.29,-0.12,0.09,-3.24,-1.67,-1.58,0.47,3.9,-0.63,0.47,3.9,-0.63,45.1,0.0,0.0,41.5,37.6,30.7,-89.6,-16.2,31.4,-156.0,13.5,34.9,-48.0,-10.7,39.4,-90.2,-13.8,3.5,0.1,4.1,11.4,-19.7,-2.0,-6.6,22.2,11.2,-5.1,-1.4,2,3
1056,21.12,-0.05,208.78,7.1,8.61,-0.08,-82.86,599.35,0.0,740.86,1057.0,6.94,11.38,0.89,0.3,-0.09,-0.07,0.69,0.16,-0.63,-0.31,-0.48,-0.76,-0.31,-0.48,-0.76,49.5,0.0,55.3,47.0,36.3,30.0,-92.6,-9.0,48.3,-156.0,17.5,34.3,-48.0,-9.6,42.2,-92.5,-10.5,8.1,8.5,4.0,-1.6,-19.7,-7.1,-14.8,20.4,14.0,-9.8,-4.7,2,3
1058,21.16,-0.05,209.18,7.12,8.63,-0.08,-82.99,600.49,0.0,742.31,1059.0,6.94,11.37,0.88,0.27,-0.02,-0.3,0.89,1.95,-0.42,0.99,-1.75,-0.85,0.99,-1.75,-0.85,0.0,0.0,68.9,149.3,38.0,21.8,-88.8,-2.0,54.7,-156.0,18.8,29.4,-48.0,-8.0,44.0,-102.0,2.1,4.4,-2.6,2.3,-3.1,-19.7,-12.3,-18.3,15.8,9.1,-2.9,0.8,2,3
1060,21.2,-0.05,209.57,7.14,8.65,-0.08,-83.1,601.63,0.0,743.77,1061.0,6.93,11.37,0.88,0.21,-0.02,0.13,4.51,0.04,-1.14,-2.68,-3.0,-2.34,-2.68,-3.0,-2.34,0.0,62.3,124.8,104.1,37.2,21.8,-90.0,-3.1,60.3,-156.0,17.0,23.4,-48.0,-7.8,46.7,-105.6,-2.4,1.4,-2.8,9.0,-7.1,-19.7,-14.2,-20.5,12.9,11.3,-7.0,1.4,2,3
1062,21.24,-0.05,209.97,7.15,8.66,-0.08,-83.17,602.78,0.0,745.28,1063.0,6.92,11.36,0.88,0.19,-0.01,0.1,1.27,0.38,-1.25,-0.34,-0.88,-1.56,-0.34,-0.88,-1.56,0.0,57.1,56.6,18.1,32.7,22.7,-93.8,-4.4,60.7,-156.0,14.6,22.6,-48.0,-7.6,49.2,-107.2,-6.9,3.8,-3.1,14.0,-10.1,-19.7,-17.1,-19.6,21.0,4.5,1.5,0.6,2,3
1064,21.28,-0.05,210.37,7.17,8.68,-0.08,-83.27,603.93,0.0,746.75,1065.0,6.92,11.35,0.88,0.19,0.02,0.11,1.66,0.21,-1.94,-0.54,-0.9,-2.34,-0.54,-0.9,-2.34,0.0,17.3,24.9,3.0,28.1,25.2,-97.0,-10.6,58.8,-155.7,9.7,23.4,-48.0,-9.4,49.9,-104.2,-8.4,6.6,2.7,14.7,-18.6,4.0,-5.2,2.8,22.8,-3.4,-1.6,4.1,2,3
1066,21.32,-0.05,210.77,7.19,8.7,-0.08,-83.45,605.07,0.0,748.15,1067.0,6.91,11.35,0.88,0.22,0.02,0.08,-0.49,-0.75,-1.78,0.37,1.15,-1.58,0.37,1.15,-1.58,103.2,0.0,0.0,102.7,29.7,29.3,-92.5,-10.4,57.7,-156.0,6.3,31.4,-48.0,-15.1,42.1,-85.7,-15.2,4.7,-0.2,9.6,-14.8,-18.8,2.1,-0.8,22.8,3.8,-3.8,2.6,2,3
1068,21.36,-0.05,211.17,7.21,8.71,-0.08,-83.5,606.22,0.0,749.68,1069.0,6.9,11.34,0.88,0.26,0.04,-0.06,-0.38,-0.4,-1.37,0.36,0.77,-1.21,0.36,0.77,-1.21,91.7,0.0,28.2,102.2,32.2,33.1,-93.1,-7.2,58.0,-156.0,7.5,33.4,-48.0,-14.6,41.6,-80.8,-12.2,5.2,4.0,-2.7,-0.8,-19.7,-1.0,-9.8,21.4,14.0,-8.5,-6.0,2,3
1070,21.4,-0.05,211.57,7.23,8.73,-0.08,-83.58,607.37,0.0,751.19,1071.0,6.9,11.34,0.87,0.24,0.05,-0.26,0.37,0.89,-0.86,0.34,-0.79,-0.96,0.34,-0.79,-0.96,14.3,0.0,56.7,108.5,33.9,30.5,-92.2,-8.8,58.8,-156.0,10.8,32.1,-48.0,-11.5,47.1,-88.7,-5.1,-3.3,4.0,5.3,-3.3,-19.7,-5.1,-19.1,15.3,9.4,-15.0,-9.7,2,3
1072,21.44,-0.05,211.96,7.24,8.74,-0.08,-83.65,608.51,0.0,752.68,1073.0,6.89,11.33,0.87,0.18,0.07,0.19,0.74,-0.33,-1.21,-0.48,0.13,-1.37,-0.48,0.13,-1.37,0.0,56.0,25.5,90.6,33.8,25.6,-88.2,-4.7,63.2,-156.0,13.5,27.3,-48.0,-7.2,52.6,-95.4,1.2,5.2,0.3,3.5,-2.5,-19.7,-15.3,-20.2,9.8,8.1,-11.2,-6.9,2,3
1074,21.48,-0.05,212.36,7.26,8.75,-0.08,-83.71,609.66,0.0,754.2,1075.0,6.89,11.32,0.87,0.19,0.11,0.1,1.19,0.19,-1.36,-0.55,-0.49,-1.67,-0.55,-0.49,-1.67,34.1,65.9,45.5,32.2,33.3,28.2,-89.0,-6.2,62.5,-156.0,13.9,24.9,-48.0,-5.6,54.1,-98.8,-2.9,0.2,-2.8,10.1,-4.4,-19.7,-16.5,-20.5,15.1,4.7,-3.1,-6.9,2,3
1076,21.52,-0.05,212.76,7.27,8.77,-0.08,-83.74,610.8,0.0,755.73,1077.0,6.88,11.32,0.87,0.19,0.12,0.09,1.14,0.11,-1.54,-0.47,-0.38,-1.82,-0.47,-0.38,-1.82,77.8,69.3,45.0,0.0,30.0,28.1,-91.2,-9.6,61.9,-156.0,11.4,24.4,-48.0,-5.7,56.5,-103.6,-6.4,3.9,-2.1,13.6,-17.9,1.4,-13.4,-9.3,22.6,-2.6,0.4,-0.0,2,3
1078,21.56,-0.05,213.15,7.29,8.78,-0.08,-83.88,611.93,0.0,757.15,1079.0,6.88,11.31,0.87,0.19,0.16,0.12,-0.6,-0.24,-2.14,1.18,0.51,-1.83,1.18,0.51,-1.83,126.6,0.0,0.0,0.0,28.2,31.3,-91.5,-16.7,57.5,-153.3,7.4,28.9,-48.0,-11.8,52.1,-94.0,-14.8,4.1,0.4,15.6,-17.2,-6.2,0.9,1.6,22.8,-0.5,-6.9,5.0,2,3
1080,21.6,-0.05,213.55,7.3,8.8,-0.08,-84.03,613.08,0.0,758.57,1081.0,6.87,11.3,0.88,0.23,0.17,0.13,-2.49,-0.84,-1.64,2.58,1.55,-0.75,2.58,1.55,-0.75,43.3,0.0,0.0,106.6,33.1,33.2,-89.5,-14.2,53.8,-156.0,8.4,35.9,-48.0,-12.3,42.5,-76.8,-14.1,1.6,4.2,9.2,-3.2,-19.8,0.5,-7.0,22.8,7.0,-3.4,0.7,2,3
1082,21.64,-0.05,213.94,7.32,8.82,-0.08,-84.14,614.21,0.0,760.02,1083.0,6.86,11.29,0.88,0.18,0.18,-0.04,0.73,0.39,-1.2,-0.29,-0.31,-1.39,-0.29,-0.31,-1.39,70.6,0.0,69.8,117.7,38.7,27.1,-73.6,-7.3,57.7,-156.0,11.0,33.6,-48.0,-7.5,46.2,-83.2,-9.8,4.6,4.8,-1.5,-2.2,-19.7,-5.6,-11.7,20.5,14.1,-14.7,-10.0,2,3
1084,21.68,-0.05,214.34,7.34,8.83,-0.08,-84.3,615.34,0.0,761.42,1085.0,6.85,11.28,0.87,0.3,0.3,0.04,2.0,0.2,-0.35,-1.74,-0.43,-0.97,-1.74,-0.43,-0.97,0.0,0.0,99.2,136.8,37.3,17.7,-66.4,-7.1,59.2,-156.0,12.1,28.9,-48.0,-5.0,52.3,-98.7,5.0,0.7,-7.0,4.2,-5.0,-19.7,-4.1,-20.2,14.7,10.8,-14.2,-9.1,2,3
1086,21.72,-0.05,214.73,7.36,8.84,-0.08,-84.37,616.48,0.0,762.92,1087.0,6.85,11.27,0.87,0.25,0.32,0.13,0.64,0.37,-1.06,-0.2,-0.35,-1.22,-0.2,-0.35,-1.22,0.0,72.6,88.3,75.6,37.5,18.6,-81.4,-4.6,61.9,-156.0,14.5,25.4,-48.0,-0.7,56.3,-102.4,-2.1,3.7,-1.9,6.5,-2.0,-19.7,-12.6,-20.7,11.5,6.6,-10.6,-8.3,2,3
1088,21.76,-0.05,215.13,7.38,8.86,-0.08,-84.45,617.62,0.0,764.41,1089.0,6.84,11.25,0.87,0.25,0.33,0.09,0.51,0.6,-1.23,0.01,-0.58,-1.34,0.01,-0.58,-1.34,0.0,80.4,91.1,0.0,32.2,26.7,-95.4,-6.3,61.9,-156.0,13.4,24.0,-48.0,0.7,58.3,-106.3,-2.3,3.3,-3.7,13.4,-5.1,-19.6,-17.8,-20.3,20.0,2.2,2.2,-1.6,2,3
1090,21.8,-0.05,215.52,7.4,8.87,-0.08,-84.57,618.75,0.0,765.85,1091.0,6.83,11.24,0.87,0.23,0.38,0.12,1.93,0.32,-1.76,-1.13,-0.37,-2.35,-1.13,-0.37,-2.35,108.0,34.9,38.6,0.0,25.9,32.6,-106.0,-13.6,59.8,-155.6,7.3,25.2,-48.0,-1.0,59.2,-104.5,-9.7,4.9,0.3,16.3,-18.7,6.5,-6.5,0.2,22.8,-7.8,1.1,4.6,2,3
1092,21.84,-0.05,215.91,7.42,8.89,-0.08,-84.72,619.89,0.0,767.26,1093.0,6.81,11.22,0.88,0.26,0.39,0.16,-1.77,-1.02,-1.63,2.31,0.84,-0.9,2.31,0.84,-0.9,143.4,0.0,0.0,0.0,26.0,36.4,-102.6,-13.2,59.2,-156.0,4.3,34.4,-48.0,-13.5,51.0,-76.5,-16.8,0.2,3.9,18.3,-12.3,-18.3,-0.9,-1.9,22.8,-0.3,-3.7,6.5,2,3
1094,21.88,-0.05,216.31,7.44,8.9,-0.08,-85.06,621.02,0.0,768.48,1095.0,6.8,11.21,0.88,0.25,0.36,0.17,-0.71,-1.48,-0.92,1.1,1.42,-0.55,1.1,1.42,-0.55,94.8,0.0,2.9,0.0,30.4,31.3,-87.3,4.8,65.6,-156.0,4.7,38.1,-48.0,-12.9,41.7,-60.7,-10.0,6.7,17.5,-3.3,-3.6,-19.7,0.7,-7.5,22.3,14.6,-3.3,-15.5,2,3
1096,21.92,-0.05,216.7,7.46,8.92,-0.08,-85.26,622.16,0.0,769.84,1097.0,6.79,11.2,0.88,0.17,0.36,-0.13,-1.93,1.16,-0.37,1.79,-1.41,0.06,1.79,-1.41,0.06,0.0,0.0,84.1,37.9,36.3,12.9,-50.8,1.9,62.6,-156.0,13.7,35.7,-48.0,-2.2,53.6,-85.7,-0.3,0.8,0.8,0.8,-0.7,-19.7,-7.9,-17.2,20.8,12.6,-16.9,-10.7,3,3
1098,21.96,-0.05,217.09,7.49,8.93,-0.08,-85.66,623.29,0.0,771.01,1099.0,6.78,11.18,0.87,0.41,0.54,0.05,1.35,0.52,-0.11,-1.29,-0.3,-0.59,-1.29,-0.3,-0.59,0.0,0.0,63.0,150.7,41.3,0.7,-58.2,-0.4,61.6,-156.0,20.0,27.1,-48.0,7.7,60.8,-104.0,0.6,9.5,-8.0,1.6,-8.2,-19.7,-8.3,-20.9,16.1,7.1,-16.0,-5.9,2,3
1100,22.0,-0.05,217.49,7.51,8.95,-0.08,-85.77,624.42,0.0,772.47,1101.0,6.76,11.16,0.87,0.32,0.55,0.12,0.47,0.29,-1.32,-0.01,-0.22,-1.41,-0.01,-0.22,-1.41,0.0,37.5,76.9,93.9,40.8,11.8,-86.5,-2.5,62.7,-156.0,20.7,24.3,-48.0,11.1,64.4,-108.1,-4.1,1.8,-3.1,9.4,-5.1,-19.7,-14.8,-21.1,15.8,3.6,-12.5,-6.8,2,3
1102,22.04,-0.05,217.88,7.54,8.96,-0.08,-85.88,625.55,0.0,773.92,1103.0,6.74,11.14,0.87,0.25,0.62,0.09,1.45,0.62,-1.68,-0.83,-0.36,-2.12,-0.83,-0.36,-2.12,0.0,46.6,129.1,0.0,31.1,28.8,-108.3,-5.0,63.2,-156.0,17.5,23.1,-48.0,9.3,65.4,-111.3,-3.0,6.1,-2.2,16.0,-16.3,-16.5,-19.2,-17.3,21.9,-3.4,2.1,3.1,2,3
1104,22.08,-0.05,218.27,7.55,8.97,-0.08,-86.06,626.68,0.0,775.29,1105.0,6.73,11.12,0.87,0.24,0.66,0.05,1.93,-0.49,-1.98,-0.83,0.8,-2.56,-0.83,0.8,-2.56,134.8,0.0,0.0,0.0,22.1,42.3,-117.9,-12.3,62.6,-156.0,9.6,27.2,-48.0,-6.1,70.2,-96.7,-12.9,-2.7,2.0,19.4,-17.0,-1.8,-3.5,6.5,22.8,-5.5,-8.7,10.2,2,3
1106,22.12,-0.05,218.66,7.57,8.99,-0.08,-86.22,627.82,0.0,776.69,1107.0,6.71,11.1,0.87,0.21,0.61,0.29,-3.88,-2.14,-1.9,4.79,0.32,-0.45,4.79,0.32,-0.45,166.5,77.2,0.0,0.0,25.6,39.8,-107.0,4.3,69.2,-156.0,3.6,43.4,-48.0,-25.1,56.3,-55.5,-16.6,1.1,16.8,18.5,-2.2,-19.8,-1.8,-4.9,22.8,5.8,-2.1,2.4,2,3
1108,22.16,-0.05,219.05,7.59,9.0,-0.08,-86.63,628.96,0.0,777.83,1109.0,6.68,11.08,0.88,0.22,0.56,0.34,-0.73,-2.42,-1.63,2.08,1.93,-0.99,2.08,1.93,-0.99,31.9,0.0,42.7,0.0,36.2,28.5,-67.6,27.9,74.9,-156.0,2.6,50.7,-48.0,-13.2,50.9,-63.4,-10.5,4.9,18.5,-11.8,6.0,-19.7,1.5,-18.5,22.0,18.1,-1.4,-19.0,2,3
1110,22.2,-0.05,219.44,7.6,9.02,-0.08,-86.93,630.09,0.0,779.08,1111.0,6.67,11.06,0.88,0.01,0.55,-0.08,-4.54,2.23,0.44,2.85,-4.16,0.66,2.85,-4.16,0.66,0.0,0.0,56.2,62.1,47.0,9.3,-48.0,6.7,78.2,-156.0,18.8,48.6,-48.0,10.5,67.3,-104.0,5.5,-5.9,6.3,3.3,-5.0,-19.7,-8.6,-20.5,20.6,11.7,-15.1,-7.6,3,3
1112,22.24,-0.05,219.83,7.6,9.03,-0.08,-87.27,631.2,0.0,780.26,1113.0,6.66,11.04,0.88,0.07,0.57,0.47,2.37,0.86,0.19,-2.41,0.32,-0.72,-2.41,0.32,-0.72,0.0,0.0,44.5,0.0,56.2,-11.1,-68.7,4.2,68.0,-156.0,29.7,36.4,-48.0,33.3,63.6,-130.2,-5.7,14.8,-6.4,3.0,-3.2,-19.7,-7.6,-21.6,16.1,-1.7,-7.5,6.3,3,3
1114,22.28,-0.05,220.23,7.61,9.05,-0.08,-87.49,632.32,0.0,781.58,1115.0,6.64,11.02,0.88,0.21,0.62,0.1,4.59,1.36,-0.84,-4.09,0.87,-2.46,-4.09,0.87,-2.46,0.0,0.0,127.2,47.9,45.9,2.7,-112.2,10.4,60.0,-156.0,20.1,27.7,-48.0,32.2,55.6,-136.6,1.1,13.4,1.0,6.6,-5.3,-19.7,-15.2,-21.4,16.9,-3.6,3.0,7.4,2,3
1116,22.32,-0.05,220.62,7.63,9.07,-0.08,-87.68,633.45,0.0,782.96,1117.0,6.62,11.01,0.88,0.2,0.63,0.09,3.44,-0.83,-2.14,-1.61,2.0,-3.24,-1.61,2.0,-3.24,0.0,48.3,40.5,0.0,35.2,41.7,-130.5,1.0,62.4,-156.0,10.4,27.9,-48.0,17.4,70.6,-120.5,-6.9,-2.4,0.3,15.5,-19.6,4.9,-12.7,-3.3,22.8,-8.3,9.3,0.3,2,3
1118,22.36,-0.05,221.02,7.64,9.08,-0.08,-87.94,634.6,0.0,784.26,1119.0,6.6,10.99,0.88,0.07,0.5,0.17,-1.54,-2.2,-1.69,2.9,0.44,-1.2,2.9,0.44,-1.2,72.6,0.0,0.0,0.0,22.7,53.8,-131.6,-7.5,57.7,-152.1,6.3,41.0,-48.0,-13.7,82.6,-85.1,-16.7,-10.7,8.8,18.6,-6.6,-14.6,-1.3,-0.1,22.8,0.0,-16.8,7.0,2,3
1120,22.4,-0.05,221.41,7.64,9.1,-0.08,-88.31,635.74,0.0,785.45,1121.0,6.58,10.98,0.89,0.06,0.4,0.47,-2.78,-2.38,-1.46,3.89,-0.08,-0.62,3.89,-0.08,-0.62,63.7,0.0,0.0,0.0,30.4,40.2,-111.4,23.5,67.3,-156.0,3.5,51.8,-48.0,-30.6,60.2,-48.4,-9.6,9.6,16.1,-1.6,4.5,-19.7,6.1,-10.2,22.8,16.9,-5.5,-1.2,3,3
1122,22.44,-0.05,221.8,7.64,9.12,-0.08,-88.66,636.89,0.0,786.67,1123.0,6.57,10.97,0.91,-0.0,0.39,0.19,0.78,-0.77,-0.45,0.05,1.11,-0.41,0.05,1.11,-0.41,7.5,0.0,55.9,0.0,40.4,21.6,-68.9,25.8,73.1,-156.0,10.1,47.4,-48.0,4.0,50.4,-77.0,-5.5,-1.8,11.3,-0.7,2.8,-19.7,-0.1,-19.4,22.4,6.1,-2.2,-10.3,2,3
1124,22.48,-0.05,222.19,7.64,9.14,-0.08,-89.02,638.04,0.0,787.87,1125.0,6.56,10.96,0.9,-0.14,0.47,-0.23,-0.85,2.58,1.14,-1.33,-2.5,0.83,-1.33,-2.5,0.83,0.0,0.0,50.3,0.0,51.1,-4.5,-53.8,6.3,73.5,-156.0,27.8,33.7,-48.0,30.3,56.1,-116.3,-0.3,7.1,-8.2,10.2,-9.8,-19.7,-12.3,-18.4,20.5,-4.0,-2.5,3.3,2,3
1126,22.52,-0.05,222.57,7.65,9.16,-0.08,-89.32,639.19,0.0,789.12,1127.0,6.55,10.94,0.89,0.12,0.5,-0.4,9.19,0.39,-0.51,-6.8,5.59,-2.74,-6.8,5.59,-2.74,0.0,0.0,49.1,0.0,51.6,-7.2,-85.3,9.8,56.5,-156.0,28.9,15.3,-48.0,33.6,43.6,-124.1,-1.8,9.7,0.4,-1.9,-3.6,-19.7,-14.8,-9.3,11.8,-4.7,0.1,5.4,2,3
1128,22.56,-0.05,222.95,7.65,9.17,-0.08,-89.63,640.31,0.0,790.32,1129.0,6.54,10.93,0.87,0.0,0.34,-0.25,4.25,-1.28,-1.07,-2.09,3.35,-2.3,-2.09,3.35,-2.3,0.0,51.5,125.8,166.1,40.4,12.5,-96.4,1.7,54.1,-156.0,15.1,14.9,-48.0,18.6,46.0,-118.2,2.0,-5.2,4.1,7.3,-15.6,-17.8,-18.3,-14.1,17.5,-1.6,-6.6,10.5,2,3
1130,22.6,-0.05,223.33,7.65,9.19,-0.08,-89.77,641.42,0.0,791.69,1131.0,6.53,10.91,0.88,-0.19,0.3,0.09,1.68,-1.5,-1.56,-0.23,1.43,-2.32,-0.23,1.43,-2.32,0.0,21.4,2.8,14.1,35.3,12.5,-84.0,-11.9,51.8,-155.5,6.9,17.3,-48.0,7.5,47.8,-118.2,-4.5,-5.9,0.4,11.4,-18.4,11.2,0.6,5.6,22.8,-8.2,4.4,5.8,2,3
1132,22.64,-0.05,223.71,7.65,9.21,-0.08,-90.02,642.11,0.0,792.52,1133.0,6.53,10.9,0.88,-0.19,0.21,0.07,-5.6,-2.08,-1.87,4.65,-3.89,-1.56,4.65,-3.89,-1.56,0.0,0.0,0.0,0.0,26.6,9.7,-81.8,-14.0,44.3,-143.9,12.4,29.9,-48.0,-4.6,48.4,-107.9,-3.0,7.4,-1.7,8.4,-3.0,-18.3,-0.5,-11.7,22.8,5.7,-4.0,2.9,1,3
1134,22.68,-0.05,224.09,7.65,9.22,-0.09,-90.19,643.26,0.0,793.9,1135.0,6.53,10.89,0.88,-0.14,0.13,-0.13,-4.02,-1.34,-1.96,3.13,-3.01,-1.71,3.13,-3.01,-1.71,55.8,0.0,113.8,69.4,37.1,24.9,-89.8,-5.6,46.4,-156.0,19.6,27.4,-48.0,-2.7,42.4,-99.4,-13.4,15.5,-0.1,-0.5,-5.4,-19.3,-1.2,-5.6,22.8,10.3,-7.3,2.2,2,3
1136,22.72,-0.05,224.48,7.65,9.24,-0.09,-90.27,644.44,0.0,795.4,1137.0,6.53,10.89,0.88,-0.19,0.12,-0.23,-0.99,0.16,-1.21,0.35,-1.05,-1.12,0.35,-1.05,-1.12,43.0,0.0,55.4,28.9,42.1,41.3,-104.8,4.4,53.9,-156.0,21.8,34.5,-48.0,-2.2,45.2,-90.9,-10.0,7.7,5.5,5.9,2.4,-19.7,-7.5,-16.8,21.1,8.9,-0.3,4.4,2,3
1138,22.76,-0.05,224.87,7.65,9.25,-0.09,-90.44,645.61,0.0,796.81,1139.0,6.53,10.87,0.86,-0.27,0.06,-0.5,2.94,0.83,-0.84,-2.01,2.18,-1.1,-2.01,2.18,-1.1,32.2,132.6,115.5,56.1,40.7,47.1,-111.0,16.0,67.1,-156.0,17.5,33.8,-48.0,-4.6,47.8,-88.6,-2.5,-5.6,11.4,2.1,-5.3,-19.7,-13.5,-18.2,10.4,6.4,-3.0,-2.9,2,3
1140,22.8,-0.05,225.25,7.65,9.26,-0.09,-90.57,646.76,0.0,798.22,1141.0,6.53,10.86,0.86,-0.41,-0.02,0.07,2.04,-0.39,-1.19,-0.6,1.75,-1.51,-0.6,1.75,-1.51,0.0,31.8,9.8,168.6,37.1,26.3,-77.9,8.6,69.7,-156.0,11.6,30.4,-48.0,-9.6,49.0,-92.0,3.0,-6.1,3.8,8.1,-18.8,-19.7,-17.1,-19.4,11.1,7.3,-17.7,0.8,2,3
1142,22.84,-0.05,225.64,7.65,9.28,-0.09,-90.71,647.9,0.0,799.62,1143.0,6.54,10.84,0.86,-0.48,-0.06,0.19,-1.03,0.59,-1.68,-0.36,-1.53,-1.33,-0.36,-1.53,-1.33,0.0,62.9,47.3,56.4,37.1,4.0,-49.5,-2.7,59.7,-155.6,8.4,28.7,-48.0,-12.1,38.9,-84.5,-2.8,1.6,9.3,9.9,-20.7,10.4,-11.2,-12.7,21.3,-0.3,-5.5,-9.8,3,3
1144,22.88,-0.05,226.03,7.65,9.29,-0.09,-90.92,649.03,0.0,800.94,1145.0,6.55,10.83,0.88,-0.51,-0.13,0.35,-3.25,-0.32,-2.61,1.14,-3.55,-1.89,1.14,-3.55,-1.89,0.0,0.0,28.2,0.0,42.1,9.5,-50.9,-11.1,43.7,-138.3,7.0,30.4,-48.0,-11.6,31.9,-100.7,-15.4,14.0,-3.2,10.6,-11.6,-2.6,4.6,-0.8,22.6,1.1,4.0,-2.0,2,3
1146,22.92,-0.05,226.42,7.65,9.31,-0.09,-91.24,650.19,0.0,802.19,1147.0,6.56,10.82,0.89,-0.28,-0.15,0.01,-2.72,-1.16,-2.04,1.81,-2.76,-1.42,1.81,-2.76,-1.42,64.7,0.0,0.0,0.0,49.1,32.8,-75.7,-10.7,34.2,-156.0,14.8,36.0,-48.0,-3.9,33.1,-113.0,-18.3,9.7,-6.1,2.6,13.5,-4.2,0.3,-4.1,22.0,8.3,3.5,7.8,2,3
1148,22.96,-0.05,226.81,7.65,9.32,-0.09,-91.45,651.36,0.0,803.56,1149.0,6.57,10.81,0.88,-0.22,-0.13,-0.19,1.31,-1.7,-1.15,1.62,1.4,-1.16,1.62,1.4,-1.16,54.2,0.0,86.1,34.0,38.2,67.2,-109.2,-6.0,63.7,-156.0,19.8,33.9,-48.0,-17.6,42.2,-94.8,-11.4,4.6,6.0,1.1,-3.5,-19.7,-6.1,-4.1,20.0,15.3,-2.4,1.4,2,3
1150,23.0,-0.05,227.21,7.65,9.34,-0.09,-91.75,652.54,0.0,804.86,1151.0,6.58,10.8,0.87,-0.34,-0.2,-0.37,0.09,0.3,-0.31,-0.29,0.04,-0.33,-0.29,0.04,-0.33,0.0,0.0,57.9,28.2,28.0,89.6,-122.9,0.7,70.5,-156.0,18.1,37.4,-48.0,-19.7,50.6,-79.1,10.6,-19.5,5.4,3.7,-6.7,-19.7,-13.9,-16.8,12.2,5.9,-0.5,-8.2,2,3
1152,23.04,-0.05,227.61,7.65,9.35,-0.09,-91.98,653.71,0.0,806.21,1153.0,6.59,10.78,0.86,-0.48,-0.27,-0.18,-4.69,1.75,-0.8,-1.36,-4.89,-0.09,-1.36,-4.89,-0.09,0.0,97.5,90.3,155.7,44.8,50.3,-107.8,-2.9,71.1,-156.0,20.7,26.4,-48.0,-14.4,53.6,-82.0,-8.6,-1.9,4.2,14.9,-16.4,-19.7,-18.6,-19.7,15.2,11.0,-19.3,-6.3,2,3
1154,23.08,-0.05,228.0,7.65,9.37,-0.09,-92.23,654.86,0.0,807.52,1155.0,6.6,10.76,0.87,-0.45,-0.11,0.11,-0.21,1.42,-0.92,-1.26,-0.48,-1.05,-1.26,-0.48,-1.05,0.0,0.0,121.3,44.4,38.6,16.7,-80.6,2.2,63.2,-156.0,29.0,20.4,-48.0,-4.4,46.0,-78.5,-4.0,7.4,7.6,8.3,-15.3,-18.7,-18.7,-19.9,18.4,-2.1,-4.3,-12.8,2,3
1156,23.12,-0.05,228.4,7.65,9.38,-0.09,-92.36,656.01,0.0,808.94,1157.0,6.6,10.74,0.88,-0.42,-0.07,0.06,2.45,1.31,-1.74,-1.18,1.92,-2.37,-1.18,1.92,-2.37,0.0,0.0,62.8,13.0,33.7,16.4,-68.9,-8.6,58.4,-156.0,19.5,16.4,-48.0,-12.5,43.5,-95.5,-4.7,6.7,-2.2,15.3,-13.9,-7.6,-9.1,-6.0,21.5,-2.8,-3.9,-4.4,2,3
1158,23.16,-0.05,228.8,7.65,9.4,-0.09,-92.5,657.15,0.0,810.36,1159.0,6.6,10.73,0.88,-0.32,-0.11,-0.1,-0.81,-0.19,-2.09,0.15,-1.38,-1.77,0.15,-1.38,-1.77,128.9,93.6,0.0,0.0,35.1,23.4,-76.5,-5.4,60.4,-156.0,18.8,21.2,-48.0,-21.0,33.7,-105.5,-15.0,12.5,-7.3,8.1,7.0,-19.8,-0.9,2.3,21.7,7.7,-0.3,5.9,2,3
1160,23.2,-0.05,229.19,7.65,9.41,-0.09,-92.63,658.3,0.0,811.78,1161.0,6.61,10.72,0.88,-0.11,-0.1,-0.31,1.67,-1.74,-2.14,2.09,0.81,-2.32,2.09,0.81,-2.32,150.6,0.0,0.0,95.9,34.7,45.7,-89.9,-6.5,74.9,-156.0,18.0,32.9,-48.0,-25.3,34.6,-94.5,-19.3,14.1,6.2,-2.5,-5.0,-19.7,-5.7,-3.6,20.0,18.0,2.5,0.3,2,3
1162,23.24,-0.05,229.58,7.65,9.43,-0.09,-92.82,659.46,0.0,813.16,1163.0,6.61,10.71,0.86,-0.18,-0.16,-0.45,-0.25,-1.24,-1.22,1.13,-0.73,-1.13,1.13,-0.73,-1.13,0.0,0.0,32.1,55.9,30.3,66.0,-89.7,-13.7,72.5,-156.0,9.7,39.3,-48.0,-31.1,46.1,-83.7,-0.2,-16.4,0.6,5.3,-2.2,-19.7,-8.4,-19.5,10.0,15.7,-8.1,-9.9,2,3
1164,23.28,-0.05,229.97,7.65,9.44,-0.09,-93.03,660.62,0.0,814.51,1165.0,6.61,10.69,0.85,-0.36,-0.09,0.08,-4.91,1.04,-0.62,-2.31,-4.49,0.18,-2.31,-4.49,0.18,0.0,0.0,95.8,130.7,40.9,47.5,-98.5,-1.7,69.8,-156.0,19.2,34.4,-48.0,-21.1,50.8,-87.9,-8.5,7.7,-0.7,5.3,-8.8,-19.7,-17.0,-21.0,16.4,15.5,-9.8,-8.7,2,3
1166,23.32,-0.05,230.37,7.65,9.45,-0.09,-93.2,661.74,0.0,815.88,1167.0,6.61,10.68,0.86,-0.3,0.04,0.05,1.08,1.35,-1.06,-0.77,1.04,-1.56,-0.77,1.04,-1.56,0.0,78.4,101.5,68.0,37.3,35.9,-108.3,9.4,68.7,-156.0,27.7,26.1,-48.0,-8.7,51.0,-89.0,-5.8,0.8,1.6,7.3,-1.6,-19.7,-18.3,-21.4,13.9,7.1,-7.9,-9.4,2,3
1168,23.36,-0.05,230.76,7.65,9.46,-0.09,-93.27,662.87,0.0,817.33,1169.0,6.6,10.67,0.86,-0.25,0.06,-0.02,2.05,0.64,-1.48,0.24,1.58,-2.05,0.24,1.58,-2.05,0.0,27.6,91.3,7.8,33.7,33.4,-111.9,4.5,68.1,-156.0,23.9,22.1,-48.0,-9.1,52.7,-97.3,-6.2,2.4,0.0,16.5,-17.2,-19.0,-18.6,-20.1,21.5,-0.2,1.2,-6.0,2,3
1170,23.4,-0.05,231.15,7.65,9.48,-0.09,-93.47,664.0,0.0,818.68,1171.0,6.6,10.67,0.87,-0.24,0.08,0.03,0.94,-0.27,-2.07,0.61,0.1,-2.2,0.61,0.1,-2.2,0.0,31.0,51.9,0.0,27.1,36.9,-111.1,-3.2,65.8,-156.0,17.5,23.2,-48.0,-17.5,54.0,-98.3,-7.9,-0.5,3.5,19.3,-3.1,-18.6,-5.4,1.0,22.8,-6.4,-8.3,7.8,2,3
1172,23.44,-0.05,231.54,7.65,9.49,-0.09,-93.7,665.14,0.0,819.99,1173.0,6.59,10.66,0.87,-0.09,0.03,0.1,1.52,-3.14,-2.53,3.53,-0.83,-2.33,3.53,-0.83,-2.33,151.0,24.3,0.0,0.0,32.3,42.7,-95.5,20.4,87.2,-156.0,14.6,37.4,-48.0,-31.7,42.1,-71.1,-16.7,15.5,11.8,-7.8,4.1,-19.7,2.0,-3.3,21.8,14.9,-2.1,-1.5,2,3
1174,23.48,-0.05,231.94,7.65,9.5,-0.09,-94.11,666.32,0.0,821.16,1175.0,6.59,10.66,0.87,-0.09,0.03,-0.21,1.7,-3.02,-1.67,3.45,-0.46,-1.64,3.45,-0.46,-1.64,28.7,0.0,62.5,59.2,29.8,51.3,-70.3,2.3,96.0,-156.0,6.4,53.3,-48.0,-32.6,47.9,-77.0,-11.6,-1.5,-0.5,0.3,-8.7,-19.7,-6.8,-16.0,18.2,18.6,-6.8,-12.0,2,3
1176,23.52,-0.05,232.33,7.65,9.52,-0.09,-94.39,667.51,0.0,822.47,1177.0,6.58,10.65,0.86,-0.41,0.01,-0.35,-5.4,1.15,-0.72,-4.17,-3.6,-0.82,-4.17,-3.6,-0.82,0.0,0.0,29.0,76.4,40.3,40.8,-70.0,-9.3,75.5,-156.0,13.5,56.3,-48.0,-27.7,56.0,-91.5,-1.1,-1.8,-3.6,9.8,-1.4,-19.7,-12.9,-21.4,12.3,18.2,-7.9,-3.5,2,3
1178,23.56,-0.05,232.72,7.65,9.53,-0.09,-94.67,668.66,0.0,823.75,1179.0,6.57,10.64,0.86,-0.35,0.05,0.01,-1.9,2.87,-0.34,-3.38,0.23,-0.69,-3.38,0.23,-0.69,0.0,0.0,86.9,58.4,41.6,25.6,-99.9,6.3,67.4,-156.0,18.6,47.0,-48.0,-18.3,49.9,-85.8,-0.1,3.7,1.9,7.8,-6.6,-19.7,-15.9,-21.4,15.2,14.3,-7.2,-13.7,2,3
1180,23.6,-0.05,233.11,7.65,9.54,-0.09,-94.76,669.79,0.0,825.2,1181.0,6.56,10.63,0.86,-0.39,-0.01,0.03,1.62,3.25,-0.72,-1.38,2.98,-1.7,-1.38,2.98,-1.7,0.0,0.0,82.9,34.4,40.0,23.7,-109.6,7.8,67.3,-156.0,15.7,38.1,-48.0,-14.2,45.0,-86.6,-3.0,-1.0,-1.5,13.1,-7.6,-19.7,-19.3,-21.7,15.0,8.6,-7.1,-7.0,2,3
1182,23.64,-0.05,233.5,7.65,9.55,-0.09,-94.92,670.91,0.0,826.56,1183.0,6.56,10.62,0.87,-0.23,-0.08,0.07,1.32,1.64,-0.89,-0.43,1.68,-1.49,-0.43,1.68,-1.49,0.0,46.7,62.6,0.0,36.1,24.5,-110.5,1.0,64.3,-156.0,7.8,32.6,-48.0,-11.0,49.2,-100.3,-8.3,5.6,0.2,17.2,-11.4,-15.0,-7.1,-19.8,22.3,-7.1,3.5,1.1,2,3
1184,23.68,-0.05,233.9,7.65,9.57,-0.09,-95.17,672.03,0.0,827.83,1185.0,6.55,10.61,0.87,-0.08,-0.12,-0.03,-2.43,-0.3,-1.35,-1.68,-2.21,-0.34,-1.68,-2.21,-0.34,0.0,120.2,0.0,0.0,36.9,29.9,-101.7,3.2,63.8,-156.0,6.5,35.4,-48.0,-20.3,50.2,-90.4,-14.8,3.6,6.2,18.2,12.5,-19.8,-1.4,3.4,22.8,0.2,-5.9,9.1,2,3
1186,23.72,-0.05,234.29,7.66,9.58,-0.09,-95.53,673.14,0.0,829.0,1187.0,6.56,10.61,0.87,0.05,-0.11,-0.03,1.52,-2.47,-1.42,2.71,-1.34,-1.13,2.71,-1.34,-1.13,60.6,0.0,65.4,0.0,44.5,36.9,-84.9,21.1,86.0,-156.0,9.1,44.7,-48.0,-26.2,40.8,-68.4,-17.0,9.0,17.0,-11.0,-6.0,-19.7,-0.8,-6.7,21.7,16.6,-0.4,-11.2,2,3
1188,23.76,-0.05,234.68,7.66,9.59,-0.09,-95.81,674.27,0.0,830.25,1189.0,6.56,10.61,0.87,-0.03,-0.13,-0.35,0.6,-1.52,-0.35,1.41,-0.88,-0.19,1.41,-0.88,-0.19,0.0,0.0,40.9,73.9,44.7,29.0,-48.0,0.2,83.7,-156.0,5.5,53.8,-48.0,-15.1,48.6,-91.9,-0.2,-9.5,-9.1,-0.9,-4.5,-19.7,-3.5,-19.9,17.4,17.2,-13.5,-10.6,3,3
1190,23.8,-0.05,235.07,7.66,9.61,-0.09,-96.16,675.4,0.0,831.43,1191.0,6.56,10.6,0.86,-0.15,-0.12,0.16,-1.48,0.42,0.54,-1.4,-0.42,0.74,-1.4,-0.42,0.74,0.0,0.0,73.7,54.2,51.9,11.1,-66.0,-4.1,70.1,-156.0,13.9,50.0,-48.0,-5.0,53.8,-109.3,-3.4,10.8,-7.6,7.2,-3.7,-19.7,-3.4,-21.9,19.7,15.7,-3.0,-1.9,2,3
1192,23.84,-0.05,235.46,7.66,9.62,-0.09,-96.33,676.52,0.0,832.78,1193.0,6.56,10.59,0.86,-0.07,-0.11,-0.04,2.37,1.23,0.33,1.0,2.43,-0.58,1.0,2.43,-0.58,0.0,0.0,82.9,33.1,49.8,6.5,-103.7,14.6,60.3,-156.0,19.9,43.9,-48.0,3.5,55.2,-113.5,-2.0,12.5,3.9,5.3,-0.5,-19.7,-14.9,-21.7,14.2,9.1,-9.2,-6.8,2,3
1194,23.88,-0.05,235.85,7.66,9.63,-0.09,-96.47,677.65,0.0,834.18,1195.0,6.56,10.59,0.86,0.1,-0.15,-0.13,4.22,0.73,-0.28,2.66,2.96,-1.62,2.66,2.96,-1.62,0.0,105.1,81.3,0.0,43.0,21.5,-118.9,15.7,68.7,-156.0,9.4,40.6,-48.0,-3.2,54.7,-117.4,-4.4,7.2,2.8,11.2,-9.2,-16.8,-14.2,-21.2,19.9,3.9,9.1,2.7,2,3
1196,23.92,-0.05,236.24,7.67,9.64,-0.09,-96.73,678.79,0.0,835.47,1197.0,6.57,10.58,0.86,0.11,-0.18,-0.01,0.89,-0.14,-0.37,0.64,0.34,-0.65,0.64,0.34,-0.65,110.7,171.2,1.0,0.0,31.2,44.1,-116.5,1.1,67.0,-155.1,0.4,41.7,-48.0,-7.0,67.6,-104.3,-12.1,1.0,5.3,11.1,-21.0,21.9,7.3,4.7,22.8,-7.1,-3.7,10.7,2,3
1198,23.96,-0.05,236.63,7.68,9.65,-0.09,-96.91,679.9,0.0,836.82,1199.0,6.58,10.58,0.86,0.08,-0.3,0.24,-2.78,-1.28,-0.6,-1.56,-2.69,0.21,-1.56,-2.69,0.21,41.6,0.0,0.0,0.0,30.9,45.6,-117.0,-7.4,58.5,-156.0,6.9,47.9,-48.0,-17.3,56.1,-65.5,-11.5,-6.6,10.9,12.5,-7.0,-18.6,-0.2,-8.7,22.8,5.6,-5.8,3.7,2,3
1200,24.0,-0.05,237.02,7.69,9.67,-0.09,-97.21,681.06,0.0,838.07,1201.0,6.59,10.57,0.87,0.1,-0.36,0.2,1.3,-1.36,0.1,1.84,-0.36,-0.14,1.84,-0.36,-0.14,17.4,0.0,27.4,168.3,35.4,38.8,-99.6,0.9,57.2,-156.0,13.5,44.4,-48.0,-7.6,41.0,-60.2,-6.8,-1.5,9.8,-1.8,-2.1,-19.7,-2.3,-12.5,22.2,10.2,-3.5,-6.5,2,3
1202,24.04,-0.05,237.41,7.69,9.68,-0.09,-97.35,682.21,0.0,839.51,1203.0,6.6,10.56,0.87,0.04,-0.36,-0.09,1.34,1.06,0.8,0.58,1.72,0.49,0.58,1.72,0.49,0.0,0.0,59.9,45.1,37.5,25.0,-83.3,1.2,61.2,-156.0,18.0,39.2,-48.0,-3.9,49.4,-77.5,-4.6,9.3,-4.1,5.6,-0.6,-19.7,-11.3,-18.6,16.0,8.8,-10.4,-5.6,2,3
1204,24.08,-0.05,237.79,7.7,9.7,-0.09,-97.47,683.35,0.0,840.92,1205.0,6.61,10.55,0.86,0.14,-0.37,-0.25,2.75,2.25,0.56,0.92,3.48,-0.05,0.92,3.48,-0.05,0.0,117.5,150.0,33.8,39.3,21.2,-89.1,6.9,65.3,-156.0,17.3,28.1,-48.0,-3.6,48.6,-91.5,2.1,3.8,2.3,3.8,3.9,-19.7,-17.6,-17.0,-9.0,3.0,-1.1,-6.0,2,3
1206,24.12,-0.05,238.18,7.71,9.71,-0.09,-97.62,684.46,0.0,842.29,1207.0,6.63,10.54,0.86,0.13,-0.4,0.13,2.52,-0.37,-0.17,1.99,1.18,-1.07,1.99,1.18,-1.07,0.0,23.3,0.0,36.4,35.3,27.7,-77.5,-2.7,65.4,-156.0,9.0,30.3,-51.5,-9.4,52.0,-98.2,-2.4,-2.1,3.1,7.0,-16.7,-3.9,-10.0,-4.9,-0.6,3.4,-3.1,-5.7,2,3
1208,24.16,-0.05,238.57,7.72,9.72,-0.09,-97.83,685.56,0.0,843.59,1209.0,6.64,10.53,0.86,0.11,-0.4,0.23,-4.96,-1.56,-0.53,-3.15,-4.12,0.66,-3.15,-4.12,0.66,99.6,110.3,0.0,0.0,35.9,28.1,-70.1,-16.9,53.7,-145.0,7.0,33.5,-48.0,-10.1,51.7,-101.0,-8.4,2.0,-4.6,11.1,-20.5,23.4,-1.4,7.4,22.8,-2.4,3.1,-2.4,1,3
1210,24.2,-0.05,238.96,7.73,9.73,-0.09,-98.12,686.71,0.0,844.87,1211.0,6.66,10.52,0.87,0.17,-0.54,0.14,-6.21,-2.97,-1.67,-3.73,-6.01,-0.41,-3.73,-6.01,-0.41,58.9,0.0,0.0,0.0,43.6,33.8,-85.5,-21.5,22.7,-103.3,9.6,47.2,-48.0,-11.5,51.2,-104.8,-19.4,2.1,-1.8,15.7,0.4,-20.0,7.6,-13.6,22.8,6.0,-1.7,2.8,1,3
1212,24.24,-0.05,239.35,7.75,9.75,-0.09,-98.4,687.86,0.0,846.16,1213.0,6.68,10.5,0.87,0.31,-0.51,-0.17,-2.51,-2.48,-0.54,-0.82,-3.47,0.2,-0.82,-3.47,0.2,54.2,0.0,9.7,168.5,53.9,40.3,-88.9,-5.7,13.0,-151.2,22.5,44.1,-48.0,-2.7,45.9,-101.6,-15.9,6.2,-10.0,-0.4,16.6,-5.8,-1.4,-12.2,22.8,15.4,-7.6,4.2,2,3
1214,24.28,-0.05,239.74,7.77,9.76,-0.09,-98.67,689.01,0.0,847.47,1215.0,6.7,10.49,0.87,0.23,-0.47,-0.08,-0.02,0.1,1.06,-0.16,0.32,1.0,-0.16,0.32,1.0,75.6,0.0,55.1,129.3,53.6,44.5,-101.2,2.6,56.4,-156.0,29.1,45.5,-48.0,0.4,49.1,-98.2,-18.9,11.9,5.3,4.1,2.7,-19.7,-2.6,-20.2,21.1,16.5,-4.1,7.3,2,3
1216,24.32,-0.05,240.13,7.78,9.77,-0.09,-98.9,690.16,0.0,848.81,1217.0,6.71,10.48,0.86,0.08,-0.47,-0.15,4.39,1.52,1.07,2.69,3.93,0.31,2.69,3.93,0.31,0.0,0.0,64.8,14.4,46.7,42.2,-108.0,9.5,85.1,-156.0,26.9,39.8,-48.0,-1.7,50.8,-95.1,5.6,-7.2,4.6,1.7,-10.5,-19.7,-17.7,-18.9,-11.4,2.2,0.4,-2.6,2,3
1218,24.36,-0.05,240.52,7.78,9.78,-0.09,-99.06,691.33,0.0,850.21,1219.0,6.72,10.46,0.86,-0.04,-0.48,-0.0,5.27,1.49,-0.3,3.27,4.24,-1.16,3.27,4.24,-1.16,0.0,83.0,36.0,59.7,43.0,27.5,-84.2,9.2,72.4,-156.0,14.8,36.2,-49.1,-10.0,49.7,-98.4,-6.6,-0.0,8.3,5.8,-8.0,-19.7,-7.7,-15.6,-1.7,10.5,-7.0,0.3,2,3
1220,24.4,-0.05,240.91,7.78,9.8,-0.09,-99.28,692.46,0.0,851.53,1221.0,6.73,10.45,0.86,-0.01,-0.48,0.17,0.32,0.18,-0.42,0.04,0.33,-0.45,0.04,0.33,-0.45,58.7,154.6,0.0,16.0,37.8,23.8,-69.6,-2.8,62.2,-154.6,8.7,34.2,-48.0,-13.4,45.7,-97.6,-9.0,2.8,-0.1,8.3,-21.4,22.1,-3.5,3.2,22.6,-0.1,0.9,-5.4,2,3
1222,24.44,-0.05,241.3,7.78,9.81,-0.09,-99.5,693.61,0.0,852.87,1223.0,6.75,10.43,0.87,-0.02,-0.49,0.26,-4.17,-2.21,-1.34,-2.52,-4.15,-0.73,-2.52,-4.15,-0.73,141.1,0.0,0.0,0.0,38.2,30.7,-80.5,-22.5,37.7,-116.6,5.0,43.9,-48.0,-15.0,49.4,-107.9,-18.5,8.5,2.3,13.2,-14.4,-2.4,10.3,-9.8,22.8,6.1,-6.9,-0.5,1,3
1224,24.48,-0.05,241.7,7.79,9.83,-0.09,-99.83,694.78,0.0,854.11,1225.0,6.76,10.41,0.87,0.05,-0.59,-0.19,-3.86,-2.14,-1.21,-2.31,-3.92,-0.54,-2.31,-3.92,-0.54,64.5,0.0,0.0,49.5,46.8,39.3,-92.6,-16.0,11.5,-130.0,20.1,39.7,-48.0,-9.5,38.7,-106.7,-17.3,3.1,-7.6,4.8,13.3,-9.1,-4.8,-2.4,22.8,14.0,1.2,2.6,1,3
1226,24.52,-0.05,242.09,7.8,9.84,-0.09,-100.15,695.94,0.0,855.36,1227.0,6.77,10.39,0.87,0.1,-0.6,-0.2,-4.03,-1.69,0.11,-2.71,-3.38,0.57,-2.71,-3.38,0.57,133.8,0.0,74.9,86.5,46.5,44.6,-110.1,-7.6,33.2,-156.0,32.4,36.0,-48.0,-7.8,41.0,-100.1,-19.3,16.9,1.9,3.3,8.5,-19.7,-9.1,-17.4,22.6,19.7,-3.7,14.4,2,3
1228,24.56,-0.05,242.49,7.8,9.85,-0.09,-100.44,697.1,0.0,856.65,1229.0,6.79,10.37,0.87,0.02,-0.55,-0.04,2.37,0.39,0.01,1.88,1.49,-0.05,1.88,1.49,-0.05,0.0,0.0,46.8,15.4,35.6,59.0,-125.6,8.3,76.4,-156.0,29.0,40.4,-48.0,-11.7,47.3,-89.4,10.9,-15.9,8.5,-2.4,-8.0,-19.7,-11.0,-19.0,-1.5,6.8,10.5,-7.2,2,3
1230,24.6,-0.06,242.89,7.8,9.87,-0.09,-100.77,698.27,0.0,857.9,1231.0,6.79,10.35,0.87,-0.27,-0.57,-0.28,6.07,4.02,0.44,3.23,6.53,-0.35,3.23,6.53,-0.35,0.0,127.8,65.2,24.4,45.3,35.8,-111.3,6.1,73.1,-156.0,18.4,34.7,-51.4,-13.5,54.6,-89.9,-11.8,8.4,12.7,7.2,-4.4,-19.7,-13.5,-16.7,-5.0,12.2,-9.1,-5.4,2,3
1232,24.64,-0.06,243.28,7.8,9.88,-0.09,-101.08,699.44,0.0,859.17,1233.0,6.8,10.33,0.87,-0.13,-0.62,0.22,-0.42,0.02,-0.81,-0.49,-0.25,-0.72,-0.49,-0.25,-0.72,0.0,16.1,75.9,44.1,35.7,24.9,-75.6,-2.8,66.7,-156.0,17.8,24.9,-48.0,-11.2,50.2,-88.3,-3.0,6.8,-3.4,6.1,-18.6,-7.4,-11.3,-5.3,18.9,3.2,-0.4,-8.7,2,3
1234,24.68,-0.06,243.68,7.8,9.9,-0.09,-101.33,700.6,0.0,860.5,1235.0,6.81,10.3,0.88,-0.18,-0.52,0.3,-0.83,-0.72,-1.22,-0.6,-1.11,-1.06,-0.6,-1.11,-1.06,106.8,84.3,0.0,0.0,31.6,22.7,-70.5,-19.1,51.4,-141.8,12.1,26.7,-48.0,-13.7,48.9,-99.3,-10.9,10.8,-2.2,15.5,-15.9,15.4,-4.1,1.0,22.8,-0.8,0.7,0.9,1,3
1236,24.72,-0.06,244.07,7.8,9.91,-0.09,-101.62,701.77,0.0,861.79,1237.0,6.81,10.28,0.89,-0.05,-0.6,0.09,-3.54,-1.52,-1.31,-2.64,-3.01,-0.7,-2.64,-3.01,-0.7,53.1,0.0,0.0,0.0,35.6,27.2,-78.3,-20.2,33.2,-150.4,10.3,31.9,-48.0,-13.1,42.2,-100.4,-16.3,6.9,-3.0,10.4,4.0,-6.3,2.1,-2.0,22.4,5.0,-4.0,0.3,1,3
1238,24.76,-0.06,244.46,7.8,9.93,-0.09,-101.84,702.93,0.0,863.14,1239.0,6.82,10.26,0.89,0.05,-0.47,-0.26,-0.04,-1.69,-0.33,0.65,-1.6,0.02,0.65,-1.6,0.02,71.3,0.0,46.0,116.1,36.0,33.0,-90.9,-12.9,41.1,-156.0,16.6,34.6,-48.0,-12.0,41.4,-95.8,-16.2,15.7,0.6,-0.9,2.6,-19.7,-5.6,-11.6,20.6,16.7,-1.4,1.5,2,3
1240,24.8,-0.06,244.86,7.81,9.95,-0.09,-101.91,704.09,0.0,864.64,1241.0,6.83,10.25,0.88,0.04,-0.43,-0.28,0.74,-0.44,0.02,0.85,-0.1,0.09,0.85,-0.1,0.09,38.1,0.0,48.1,87.6,26.6,41.6,-108.5,-8.0,56.6,-156.0,17.2,36.6,-48.0,-14.6,50.6,-93.3,-6.2,9.6,8.1,4.9,-2.2,-19.7,-5.4,-17.9,15.4,13.3,-6.1,-1.1,2,3
1242,24.84,-0.06,245.25,7.81,9.96,-0.09,-102.07,705.26,0.0,866.05,1243.0,6.84,10.23,0.87,-0.11,-0.41,-0.53,-1.42,2.53,0.4,-2.32,1.78,0.02,-2.32,1.78,0.02,0.0,0.0,71.9,86.9,34.8,35.5,-116.3,-2.4,60.9,-156.0,22.9,31.0,-48.0,-8.7,55.3,-95.4,-4.6,5.6,5.0,10.3,-7.6,-19.7,-18.0,-19.7,15.3,10.7,-15.5,-1.2,2,3
1244,24.88,-0.06,245.64,7.81,9.97,-0.09,-102.21,706.41,0.0,867.47,1245.0,6.84,10.21,0.86,-0.14,-0.48,0.17,3.01,1.51,-0.44,2.11,2.41,-1.12,2.11,2.41,-1.12,0.0,0.0,93.9,127.4,37.3,30.4,-105.8,-3.3,61.6,-156.0,22.8,22.1,-48.0,-5.3,49.6,-90.8,-6.3,-5.6,1.0,13.7,-7.4,-19.7,-16.4,-21.1,14.9,8.9,-6.0,-6.9,2,3
1246,24.92,-0.06,246.04,7.81,9.99,-0.09,-102.28,707.57,0.0,868.97,1247.0,6.84,10.19,0.88,-0.18,-0.44,0.33,3.27,0.34,-0.73,2.74,1.41,-1.35,2.74,1.41,-1.35,0.0,0.0,93.6,18.1,29.7,25.0,-96.7,-6.9,59.6,-156.0,16.4,18.3,-48.0,-7.0,48.9,-93.9,-6.1,3.3,2.8,16.3,-16.7,-18.5,-17.2,-17.7,20.9,-2.8,-2.7,-5.1,2,3
1248,24.96,-0.06,246.43,7.81,10.01,-0.09,-102.38,708.73,0.0,870.44,1249.0,6.84,10.17,0.89,-0.13,-0.44,0.22,0.35,-0.2,-1.23,0.13,-0.08,-1.29,0.13,-0.08,-1.29,77.2,0.0,11.2,37.1,26.2,25.2,-90.7,-7.8,58.4,-156.0,12.3,20.2,-48.0,-15.1,43.5,-99.1,-7.9,5.1,0.2,12.9,-7.4,-16.6,-0.5,2.0,22.7,0.2,-5.1,1.7,2,3
1250,25.0,-0.06,246.83,7.81,10.03,-0.09,-102.48,709.88,0.0,871.9,1251.0,6.85,10.15,0.9,0.0,-0.43,-0.08,1.01,-0.63,-1.25,0.87,-0.31,-1.46,0.87,-0.31,-1.46,140.6,19.1,0.0,79.5,27.6,32.3,-91.9,-2.5,62.0,-156.0,13.8,27.5,-48.0,-20.4,38.2,-93.4,-14.8,19.5,-1.2,-0.3,7.0,-19.7,-1.5,-0.7,21.9,13.4,-0.4,-1.2,2,3
1252,25.04,-0.06,247.22,7.81,10.04,-0.09,-102.6,711.03,0.0,873.37,1253.0,6.85,10.14,0.88,0.12,-0.45,-0.3,1.81,-0.85,-0.47,1.84,-0.36,-0.84,1.84,-0.36,-0.84,50.4,0.0,0.0,58.4,22.6,57.9,-106.7,-9.4,68.3,-156.0,11.1,29.9,-48.0,-26.2,46.1,-81.7,-11.7,3.0,4.6,1.7,-1.6,-19.7,-6.7,-5.9,19.4,15.8,-9.9,-4.4,2,3
1254,25.08,-0.06,247.62,7.82,10.06,-0.09,-102.79,712.18,0.0,874.74,1255.0,6.85,10.12,0.87,-0.03,-0.51,-0.46,0.28,1.79,-0.64,-0.18,1.88,-0.37,-0.18,1.88,-0.37,0.0,9.5,65.3,75.1,22.8,65.0,-112.9,-10.1,70.8,-156.0,10.7,30.6,-48.0,-25.8,51.5,-79.3,4.8,-11.8,1.9,6.2,-9.9,-19.7,-17.3,-15.4,1.5,7.0,-7.8,-4.0,2,3
1256,25.12,-0.06,248.02,7.82,10.07,-0.1,-102.94,713.33,0.0,876.14,1257.0,6.85,10.11,0.87,-0.09,-0.36,0.14,-2.64,1.07,-0.59,-2.85,0.57,0.04,-2.85,0.57,0.04,0.0,13.3,72.4,92.2,31.5,43.1,-100.3,-4.7,67.4,-156.0,20.0,25.5,-48.0,-14.6,49.1,-78.0,0.2,-1.9,4.2,7.4,-7.8,-19.7,-18.1,-20.0,12.5,5.3,-14.1,-14.1,2,3
1258,25.16,-0.06,248.42,7.82,10.08,-0.1,-103.08,714.48,0.0,877.56,1259.0,6.85,10.09,0.87,-0.04,-0.33,0.14,1.78,0.45,-0.96,1.36,0.74,-1.38,1.36,0.74,-1.38,0.0,48.0,48.4,54.9,32.3,26.6,-86.8,-6.1,63.7,-156.0,22.2,17.9,-48.0,-9.4,48.9,-84.7,-3.5,-0.8,1.2,11.1,-14.1,-16.4,-18.4,-19.4,19.6,1.8,-8.9,-9.9,2,3
1260,25.2,-0.06,248.81,7.82,10.1,-0.1,-103.16,715.62,0.0,879.03,1261.0,6.86,10.08,0.87,-0.01,-0.32,0.14,1.52,0.38,-1.21,1.04,0.65,-1.56,1.04,0.65,-1.56,56.4,0.0,56.6,27.8,29.3,23.4,-79.1,-11.1,61.3,-156.0,18.0,17.2,-48.0,-13.0,50.0,-95.4,-5.3,5.0,1.4,13.7,-18.4,1.5,-9.4,-4.2,22.2,-2.0,-6.2,-4.2,2,3
1262,25.24,-0.06,249.21,7.82,10.11,-0.1,-103.25,716.75,0.0,880.49,1263.0,6.86,10.07,0.88,0.07,-0.32,0.05,-1.41,0.17,-1.4,-1.78,0.16,-0.88,-1.78,0.16,-0.88,113.7,0.0,0.0,68.5,31.9,26.5,-80.1,-11.7,58.7,-156.0,18.7,22.3,-48.0,-15.5,45.2,-94.5,-13.9,8.5,-3.6,10.2,-1.0,-19.9,-0.1,1.1,22.6,4.8,-5.1,-0.1,2,3
1264,25.28,-0.06,249.61,7.83,10.13,-0.1,-103.31,717.89,0.0,881.99,1265.0,6.87,10.05,0.87,0.2,-0.27,-0.19,0.86,0.22,-1.17,0.45,0.29,-1.37,0.45,0.29,-1.37,74.2,0.0,0.0,102.9,34.5,33.3,-87.9,-9.0,60.9,-156.0,17.1,29.2,-48.0,-16.3,43.0,-88.7,-17.2,9.9,-3.7,-1.0,-4.6,-19.7,-3.9,-6.0,21.0,13.6,-6.2,1.0,2,3
1266,25.32,-0.06,250.0,7.84,10.14,-0.1,-103.43,719.02,0.0,883.43,1267.0,6.87,10.04,0.87,0.13,-0.31,0.0,1.35,0.18,-0.94,0.99,0.23,-1.3,0.99,0.23,-1.3,54.6,0.0,83.6,96.7,33.2,37.6,-94.1,-12.1,60.4,-156.0,10.6,27.4,-48.0,-18.0,43.1,-86.0,-7.7,2.6,-0.0,4.6,-2.2,-19.7,-10.0,-15.9,8.5,12.2,-10.1,-5.7,2,3
1268,25.36,-0.06,250.4,7.85,10.16,-0.1,-103.49,720.15,0.0,884.92,1269.0,6.88,10.03,0.87,0.11,-0.32,0.1,0.41,0.41,-0.83,0.16,0.48,-0.88,0.16,0.48,-0.88,0.0,0.0,96.6,74.7,32.8,36.9,-96.6,-10.6,61.2,-156.0,10.8,25.9,-48.0,-16.8,43.5,-86.4,-0.4,2.3,3.4,5.3,-1.1,-19.7,-14.7,-19.8,7.3,10.0,-7.8,-8.3,2,3
1270,25.4,-0.06,250.79,7.86,10.17,-0.1,-103.54,721.28,0.0,886.41,1271.0,6.88,10.02,0.87,0.12,-0.32,0.07,0.89,0.19,-0.74,0.61,0.22,-0.98,0.61,0.22,-0.98,32.3,79.1,93.4,49.4,32.6,33.6,-93.9,-8.2,62.4,-156.0,12.5,23.5,-48.0,-13.2,46.9,-92.0,-3.1,-0.5,-0.6,10.1,-1.1,-19.7,-16.1,-20.4,14.7,6.7,-5.2,-8.7,2,3
1272,25.44,-0.06,251.18,7.87,10.19,-0.1,-103.61,722.4,0.0,887.88,1273.0,6.88,10.0,0.87,0.15,-0.31,0.12,1.82,-0.37,-1.11,1.24,-0.35,-1.74,1.24,-0.35,-1.74,37.4,107.5,38.7,8.1,30.2,31.2,-91.5,-9.6,62.8,-155.9,11.8,23.0,-48.0,-11.1,52.4,-102.5,-4.1,2.5,2.4,12.0,-20.2,16.2,-12.5,1.4,22.3,-3.0,-1.1,-1.5,2,3
1274,25.48,-0.06,251.58,7.89,10.2,-0.1,-103.76,723.52,0.0,889.27,1275.0,6.89,9.99,0.88,0.18,-0.27,0.28,-3.86,-2.41,-1.97,-4.7,-1.3,-0.89,-4.7,-1.3,-0.89,58.9,0.0,0.0,0.0,29.7,34.6,-93.6,-22.2,48.6,-138.7,9.5,37.7,-48.0,-12.5,52.8,-98.1,-15.0,2.7,4.3,13.4,-16.5,-9.1,3.1,-6.1,22.8,0.8,-6.8,1.8,1,3
1276,25.52,-0.06,251.97,7.9,10.22,-0.1,-104.05,724.67,0.0,890.56,1277.0,6.9,9.98,0.88,0.17,-0.31,0.13,-5.34,-1.71,-1.74,-5.85,-0.29,-0.24,-5.85,-0.29,-0.24,42.4,0.0,0.0,33.7,37.4,33.7,-96.6,-20.0,26.4,-156.0,16.9,42.4,-48.0,-11.7,41.8,-90.7,-15.2,-0.3,-0.6,9.1,8.3,-9.3,-2.5,-5.8,22.8,8.3,-1.7,2.0,2,3
1278,25.56,-0.06,252.37,7.93,10.23,-0.1,-104.27,725.8,0.0,891.91,1279.0,6.9,9.96,0.89,0.36,-0.31,0.04,0.95,-1.29,-1.21,0.27,-1.7,-1.04,0.27,-1.7,-1.04,0.0,0.0,69.6,111.4,39.4,31.9,-103.3,-10.8,36.2,-156.0,19.0,37.0,-48.0,-11.1,37.9,-88.5,-16.8,10.5,4.0,0.6,5.1,-19.7,-4.7,-17.0,19.9,15.9,-3.9,-0.4,2,3
1280,25.6,-0.06,252.77,7.96,10.25,-0.1,-104.36,726.95,0.0,893.42,1281.0,6.91,9.95,0.88,0.34,-0.2,-0.15,1.33,0.4,-1.04,1.17,-0.18,-1.26,1.17,-0.18,-1.26,8.0,0.0,57.2,65.7,32.0,37.8,-101.0,-3.2,58.1,-156.0,14.9,40.9,-48.0,-15.9,42.3,-87.3,1.3,-1.4,-0.8,1.2,-0.5,-19.7,-9.4,-19.4,6.8,12.1,-3.6,-3.7,2,3
1282,25.64,-0.06,253.17,7.98,10.27,-0.1,-104.49,728.1,0.0,894.87,1283.0,6.92,9.94,0.87,0.29,-0.15,-0.44,1.92,2.97,-0.82,2.66,2.01,-1.44,2.66,2.01,-1.44,0.0,0.0,77.9,80.7,35.8,34.0,-98.7,-1.1,62.4,-156.0,13.6,35.5,-48.0,-17.6,42.1,-92.2,-4.3,0.5,5.8,7.6,-5.6,-19.7,-17.1,-19.8,0.7,11.7,-5.3,-3.6,2,3
1284,25.68,-0.06,253.56,8.0,10.28,-0.1,-104.66,729.25,0.0,896.27,1285.0,6.93,9.92,0.87,0.21,-0.18,0.36,1.71,-0.09,-1.29,1.09,-0.63,-1.74,1.09,-0.63,-1.74,0.0,36.6,17.6,36.0,34.2,28.4,-89.9,-0.4,67.5,-156.0,12.1,29.1,-48.0,-16.7,45.1,-96.4,-5.8,2.3,-1.9,7.6,-8.0,-19.7,-11.5,-20.3,16.7,10.7,2.7,-2.8,2,3
1286,25.72,-0.06,253.96,8.02,10.29,-0.1,-104.74,730.39,0.0,897.76,1287.0,6.93,9.91,0.88,0.23,-0.13,0.32,1.28,0.05,-1.8,0.65,-0.23,-2.1,0.65,-0.23,-2.1,29.9,110.8,35.0,3.7,29.8,26.6,-88.6,-4.5,62.9,-155.4,10.1,28.7,-48.0,-13.0,50.5,-102.3,-6.1,4.3,3.0,11.4,-19.7,13.7,-10.1,-1.3,22.4,-2.0,-1.8,0.6,2,3
1288,25.76,-0.06,254.36,8.04,10.31,-0.1,-104.92,731.54,0.0,899.17,1289.0,6.94,9.9,0.89,0.25,-0.1,0.37,-2.33,-1.24,-2.4,-3.1,0.61,-1.66,-3.1,0.61,-1.66,70.6,0.0,0.0,22.8,28.7,28.4,-88.0,-15.4,48.9,-140.0,8.9,37.7,-48.0,-14.8,46.3,-93.2,-16.1,5.6,0.2,12.5,-16.1,-15.5,2.4,-2.4,22.8,1.2,-4.7,0.9,1,3
1290,25.8,-0.06,254.75,8.06,10.33,-0.1,-105.18,732.68,0.0,900.48,1291.0,6.95,9.89,0.9,0.29,-0.1,0.23,-4.37,-1.02,-1.84,-4.39,1.95,-0.62,-4.39,1.95,-0.62,37.5,0.0,0.0,42.2,33.0,25.8,-88.6,-15.3,32.2,-156.0,14.5,41.3,-48.0,-13.7,36.0,-84.3,-12.2,3.3,4.9,8.5,11.2,-19.7,-2.8,-11.5,22.3,11.8,-1.1,1.2,2,3
1292,25.84,-0.06,255.15,8.09,10.35,-0.1,-105.36,733.8,0.0,901.87,1293.0,6.96,9.88,0.9,0.37,-0.04,0.07,0.63,0.27,-1.12,0.28,-0.28,-1.25,0.28,-0.28,-1.25,0.0,0.0,55.1,33.7,38.9,21.0,-76.0,-9.0,45.3,-156.0,19.6,35.5,-48.0,-7.2,39.0,-91.4,-14.4,11.2,2.8,3.1,0.4,-19.7,-8.0,-17.3,19.6,15.9,-7.4,-6.7,2,3
1294,25.88,-0.06,255.55,8.12,10.37,-0.1,-105.52,734.93,0.0,903.29,1295.0,6.97,9.87,0.9,0.33,0.07,-0.18,1.42,1.94,-0.72,2.06,0.41,-1.38,2.06,0.41,-1.38,0.0,0.0,57.4,31.6,38.7,13.2,-75.9,-5.2,54.8,-156.0,21.6,30.6,-48.0,-5.4,42.4,-102.4,2.2,5.0,-3.8,0.7,-1.3,-19.7,-10.2,-20.0,11.4,9.4,-3.5,-1.5,2,3
1296,25.92,-0.06,255.94,8.15,10.39,-0.1,-105.66,736.06,0.0,904.73,1297.0,6.98,9.86,0.88,0.45,0.11,-0.16,6.06,0.93,-0.97,4.24,-3.48,-2.9,4.24,-3.48,-2.9,0.0,34.8,121.3,138.8,39.7,14.3,-89.2,-0.9,58.0,-156.0,21.2,20.3,-48.0,-4.2,40.8,-115.6,-1.2,2.3,-2.8,6.4,-6.2,-19.7,-13.7,-20.5,12.8,10.1,-4.3,3.7,2,3
1298,25.96,-0.06,256.34,8.17,10.4,-0.1,-105.75,737.21,0.0,906.22,1299.0,6.99,9.86,0.88,0.33,0.12,0.19,1.89,-0.41,-1.78,0.47,-1.22,-2.28,0.47,-1.22,-2.28,0.0,20.9,93.2,25.0,31.3,24.1,-102.1,-2.0,62.3,-156.0,16.6,19.0,-48.0,-5.3,46.8,-120.8,-5.6,7.4,-2.8,13.7,-11.3,-18.7,-18.0,-18.7,20.8,2.6,9.3,9.0,2,3
1300,26.0,-0.06,256.74,8.2,10.42,-0.1,-105.92,738.34,0.0,907.63,1301.0,7.01,9.85,0.89,0.32,0.18,0.24,2.39,-0.83,-2.27,0.38,-1.67,-2.94,0.38,-1.67,-2.94,95.8,93.7,1.6,0.0,23.0,32.9,-105.7,-10.0,60.1,-155.3,9.6,23.8,-48.0,-8.5,57.3,-105.3,-9.6,4.7,2.0,14.7,-19.6,13.5,-2.3,7.8,22.8,-4.8,-0.9,8.4,2,3
1302,26.04,-0.06,257.14,8.23,10.44,-0.1,-106.07,739.49,0.0,909.06,1303.0,7.02,9.84,0.89,0.3,0.16,0.27,-2.94,-1.86,-2.24,-3.13,2.2,-1.56,-3.13,2.2,-1.56,40.8,0.0,0.0,0.0,23.0,36.3,-101.4,-14.5,53.5,-156.0,6.7,39.7,-48.0,-14.8,50.3,-72.4,-13.1,-0.5,5.2,16.0,-5.9,-17.1,-0.4,-7.1,22.8,1.3,-4.1,2.2,2,3
1304,26.08,-0.06,257.54,8.25,10.46,-0.1,-106.34,740.65,0.0,910.4,1305.0,7.03,9.83,0.9,0.31,0.12,0.11,-0.14,-1.46,-1.66,-1.57,-0.24,-1.54,-1.57,-0.24,-1.54,39.5,0.0,112.1,24.6,28.2,32.7,-87.9,-0.0,57.1,-156.0,7.5,38.6,-48.0,-8.1,46.2,-68.9,-8.5,7.7,9.3,-9.7,0.1,-19.7,-1.0,-8.6,21.4,15.9,-15.6,-6.3,2,3
1306,26.12,-0.06,257.93,8.27,10.48,-0.1,-106.44,741.81,0.0,911.9,1307.0,7.04,9.82,0.9,0.23,0.16,-0.18,-0.85,1.19,-1.21,0.68,1.36,-1.13,0.68,1.36,-1.13,14.9,0.0,50.4,47.7,32.2,24.8,-75.9,-5.0,58.0,-156.0,14.0,37.8,-48.0,-1.8,54.5,-84.3,-5.6,2.3,-4.1,8.2,-2.8,-19.7,-5.4,-19.1,17.7,6.5,-13.6,-7.8,2,3
1308,26.16,-0.06,258.33,8.29,10.5,-0.1,-106.56,742.96,0.0,913.36,1309.0,7.05,9.82,0.88,0.23,0.22,-0.42,1.61,3.37,-0.95,3.56,-0.19,-1.48,3.56,-0.19,-1.48,0.0,0.0,58.3,48.4,37.4,16.1,-84.9,-1.0,58.6,-156.0,16.5,27.5,-48.0,2.1,52.2,-95.0,-3.3,10.1,2.8,6.1,-3.1,-19.7,-13.4,-19.2,8.6,4.4,-6.9,-5.9,2,3
1310,26.2,-0.06,258.73,8.3,10.51,-0.1,-106.68,744.1,0.0,914.81,1311.0,7.06,9.81,0.88,0.18,0.2,0.22,2.49,-0.99,-1.58,-0.4,-1.99,-2.35,-0.4,-1.99,-2.35,0.0,17.1,89.1,15.2,32.7,20.8,-87.6,-3.6,64.5,-156.0,11.5,22.5,-48.0,0.1,53.9,-99.5,-0.4,2.6,-1.3,7.5,-8.2,-19.7,-15.1,-19.6,10.2,2.8,-2.4,-4.4,2,3
1312,26.24,-0.06,259.13,8.32,10.53,-0.1,-106.73,745.23,0.0,916.31,1313.0,7.07,9.8,0.88,0.15,0.23,0.15,2.11,-0.52,-1.76,-0.01,-1.49,-2.36,-0.01,-1.49,-2.36,58.7,45.3,69.7,0.0,25.6,25.9,-91.2,-8.1,63.1,-156.0,7.0,23.8,-48.0,-2.8,57.7,-104.2,-5.4,4.6,-1.2,13.2,-17.9,5.2,-11.8,-8.9,22.1,-2.3,3.0,0.7,2,3
1314,26.28,-0.06,259.52,8.33,10.54,-0.1,-106.88,746.36,0.0,917.72,1315.0,7.08,9.8,0.89,0.13,0.26,0.18,-2.16,-1.38,-2.25,-1.32,2.64,-1.72,-1.32,2.64,-1.72,104.2,0.0,0.0,0.0,22.6,30.4,-94.5,-18.2,55.6,-148.7,4.0,30.9,-48.0,-9.6,58.5,-93.6,-12.3,4.2,1.2,15.2,-18.2,0.4,2.0,3.5,22.8,-1.7,-10.2,3.0,1,3
1316,26.32,-0.06,259.92,8.34,10.56,-0.1,-107.21,747.51,0.0,918.97,1317.0,7.09,9.79,0.89,0.15,0.19,0.15,-4.61,-1.6,-1.9,-1.64,4.91,-0.76,-1.64,4.91,-0.76,38.7,0.0,0.0,94.8,28.9,30.3,-94.1,-15.4,46.4,-156.0,8.1,39.6,-48.0,-9.7,43.4,-77.0,-12.4,5.6,5.3,10.3,2.3,-17.9,1.0,-7.4,22.7,7.5,-0.7,-1.1,2,3
1318,26.36,-0.06,260.32,8.35,10.58,-0.1,-107.33,748.66,0.0,920.41,1319.0,7.09,9.79,0.89,0.13,0.18,-0.03,-1.02,-0.2,-1.43,-0.35,1.28,-1.17,-0.35,1.28,-1.17,40.5,0.0,52.0,33.7,36.7,27.5,-86.1,-7.3,52.5,-156.0,14.6,36.4,-48.0,-1.2,48.2,-82.1,-9.0,3.7,8.7,1.1,0.1,-19.7,-5.7,-14.8,21.1,11.5,-12.3,-10.2,2,3
1320,26.4,-0.06,260.72,8.35,10.6,-0.1,-107.45,749.79,0.0,921.85,1321.0,7.1,9.78,0.89,0.04,0.26,-0.27,0.81,2.22,-0.87,1.98,-0.77,-1.35,1.98,-0.77,-1.35,0.0,0.0,50.6,31.0,41.4,16.9,-75.3,-5.8,55.2,-156.0,17.8,30.8,-48.0,3.0,50.5,-95.8,-1.1,1.8,-5.4,3.1,-2.2,-19.7,-5.7,-19.4,18.7,7.9,-6.9,-7.5,2,3
1322,26.44,-0.06,261.12,8.36,10.62,-0.1,-107.58,750.94,0.0,923.29,1323.0,7.11,9.78,0.88,0.03,0.24,0.08,4.6,-0.38,-1.01,-1.08,-4.04,-2.2,-1.08,-4.04,-2.2,0.0,65.1,110.6,118.5,37.4,14.0,-85.5,-2.7,57.6,-156.0,14.1,24.4,-48.0,2.1,52.5,-104.1,1.0,3.9,-2.2,6.1,-6.0,-19.7,-8.3,-20.5,13.2,9.1,-11.7,-1.5,2,3
1324,26.48,-0.06,261.51,8.36,10.63,-0.1,-107.66,752.09,0.0,924.77,1325.0,7.12,9.78,0.88,-0.02,0.23,0.06,1.2,0.1,-1.45,-0.05,-0.77,-1.72,-0.05,-0.77,-1.72,0.0,51.3,93.5,0.0,32.7,19.8,-98.6,-4.5,59.7,-156.0,12.9,21.7,-48.0,3.2,54.6,-106.8,-3.7,5.4,-1.0,12.3,-7.0,-19.7,-18.2,-20.4,18.6,1.5,2.8,-1.1,2,3
1326,26.52,-0.06,261.91,8.36,10.65,-0.1,-107.75,753.23,0.0,926.24,1327.0,7.13,9.78,0.89,-0.06,0.24,0.06,1.86,-0.15,-1.84,-0.37,-1.22,-2.29,-0.37,-1.22,-2.29,0.0,46.3,62.5,0.0,26.2,24.9,-107.7,-9.3,59.0,-156.0,7.2,22.4,-48.0,0.5,54.5,-105.4,-7.1,3.9,1.0,18.1,-14.8,-13.2,-9.9,-10.7,22.8,-5.2,0.9,1.1,2,3
1328,26.56,-0.06,262.31,8.36,10.67,-0.1,-107.9,754.38,0.0,927.65,1329.0,7.14,9.78,0.89,-0.07,0.21,0.09,-1.64,-1.43,-1.9,-0.52,2.43,-1.49,-0.52,2.43,-1.49,144.5,79.7,0.0,0.0,26.4,28.5,-101.5,-3.9,60.7,-156.0,7.4,26.9,-48.0,-13.9,46.1,-91.5,-14.4,7.3,4.4,14.5,-2.1,-19.8,-1.3,-1.6,22.8,1.6,-2.4,6.4,2,3
1330,26.6,-0.06,262.71,8.36,10.68,-0.1,-108.1,755.54,0.0,929.04,1331.0,7.14,9.77,0.89,0.07,0.2,-0.12,1.38,-3.11,-1.86,-3.26,0.35,-2.08,-3.26,0.35,-2.08,59.5,11.2,14.0,240.6,30.4,33.2,-87.7,11.4,75.3,-156.0,9.9,35.5,-48.0,-18.0,39.6,-79.9,-11.3,13.9,9.7,-7.4,-2.4,-19.7,-0.9,-7.8,21.6,14.3,-1.2,-7.2,2,3
1332,26.64,-0.06,263.11,8.36,10.7,-0.1,-108.22,756.73,0.0,930.52,1333.0,7.15,9.77,0.88,-0.04,0.16,-0.36,-1.9,-0.99,-1.63,0.1,2.25,-1.47,0.1,2.25,-1.47,0.0,0.0,60.6,58.0,35.1,35.3,-73.0,-1.9,77.5,-156.0,12.3,43.8,-48.0,-16.4,52.5,-93.6,-1.6,-1.3,-4.3,5.0,-7.2,-19.7,-12.2,-17.0,19.0,13.2,-11.7,-4.8,2,3
1334,26.68,-0.06,263.5,8.36,10.72,-0.1,-108.4,757.89,0.0,931.91,1335.0,7.16,9.77,0.87,-0.22,0.24,-0.43,-0.28,2.98,-0.74,2.66,-1.22,-0.97,2.66,-1.22,-0.97,0.0,0.0,57.2,57.7,44.4,27.9,-78.9,-1.3,65.0,-156.0,20.1,38.8,-48.0,-7.1,51.1,-107.8,-7.5,5.1,-3.1,7.7,-1.2,-19.7,-13.8,-20.7,15.7,11.2,-2.4,2.8,2,3
1336,26.72,-0.06,263.89,8.36,10.73,-0.1,-108.58,759.06,0.0,933.3,1337.0,7.17,9.78,0.87,-0.28,0.19,0.27,3.52,0.93,-1.13,-1.02,-3.21,-1.78,-1.02,-3.21,-1.78,0.0,87.8,88.5,102.5,36.8,24.7,-95.5,3.9,64.2,-156.0,12.8,31.0,-48.0,-10.3,50.0,-109.1,0.7,-0.1,-0.9,9.9,-6.2,-19.7,-13.4,-21.4,15.9,11.7,-6.5,-0.2,2,3
1338,26.76,-0.06,264.29,8.36,10.74,-0.1,-108.67,760.21,0.0,934.77,1339.0,7.18,9.78,0.88,-0.25,0.16,0.13,0.51,0.64,-1.56,0.5,-0.54,-1.6,0.5,-0.54,-1.6,0.0,16.2,85.4,10.8,35.5,22.0,-101.9,1.7,62.2,-156.0,12.1,26.8,-48.0,-6.6,47.6,-107.9,-4.3,2.6,1.9,14.1,-11.6,-19.0,-18.3,-20.6,20.6,0.7,-2.0,-1.6,2,3
1340,26.8,-0.06,264.68,8.36,10.76,-0.1,-108.73,761.35,0.0,936.26,1341.0,7.19,9.79,0.88,-0.24,0.13,0.06,0.76,0.14,-1.87,0.07,-0.36,-1.99,0.07,-0.36,-1.99,0.0,45.5,47.0,0.0,32.4,23.9,-98.9,-2.9,59.0,-156.0,7.5,26.6,-48.0,-9.7,45.8,-106.5,-6.4,2.3,2.6,15.1,-11.2,-7.8,-4.3,-6.1,22.8,-6.2,-3.3,2.5,2,3
1342,26.84,-0.06,265.08,8.36,10.78,-0.1,-108.84,762.49,0.0,937.71,1343.0,7.2,9.79,0.89,-0.2,0.08,-0.05,-0.05,-0.76,-1.69,-0.11,0.83,-1.66,-0.11,0.83,-1.66,95.2,30.7,0.0,0.0,34.2,26.9,-94.2,1.0,60.0,-156.0,9.2,29.9,-48.0,-17.3,34.3,-92.7,-11.6,10.8,1.2,2.6,3.0,-19.8,1.0,-3.6,22.8,8.8,1.8,2.4,2,3
1344,26.88,-0.06,265.47,8.36,10.79,-0.1,-108.96,763.64,0.0,939.14,1345.0,7.21,9.79,0.88,-0.09,0.07,-0.28,0.61,-1.13,-1.55,-0.86,0.64,-1.71,-0.86,0.64,-1.71,98.7,0.0,59.9,96.1,33.6,38.3,-98.5,-0.8,64.9,-156.0,11.7,31.6,-48.0,-20.1,36.2,-88.4,-11.1,9.6,3.3,-3.3,0.9,-19.7,-3.2,-8.6,21.5,14.8,-3.5,0.1,2,3
1346,26.92,-0.06,265.87,8.36,10.81,-0.1,-109.04,764.8,0.0,940.64,1347.0,7.21,9.79,0.87,-0.16,0.02,-0.46,0.4,0.54,-1.35,0.27,-0.56,-1.38,0.27,-0.56,-1.38,9.7,0.0,96.9,73.9,34.4,47.9,-105.7,-6.0,64.3,-156.0,11.1,34.4,-48.0,-20.7,41.8,-87.5,-2.0,-2.3,3.4,3.6,-1.8,-19.7,-11.2,-15.7,12.0,10.3,-5.0,-0.8,2,3
1348,26.96,-0.06,266.26,8.36,10.82,-0.1,-109.12,765.95,0.0,942.12,1349.0,7.22,9.8,0.86,-0.27,-0.02,0.2,0.33,-0.95,-1.39,-0.47,0.71,-1.48,-0.47,0.71,-1.48,20.0,57.2,85.5,93.9,35.6,43.7,-100.7,-3.5,66.3,-156.0,11.1,32.2,-48.0,-20.0,43.1,-89.5,-2.3,-3.3,3.3,7.6,-5.7,-19.7,-14.9,-19.8,13.5,11.6,-6.3,-4.1,2,3
1350,27.0,-0.06,266.66,8.36,10.83,-0.1,-109.19,767.1,0.0,943.6,1351.0,7.23,9.81,0.87,-0.3,-0.05,0.02,0.02,0.34,-0.96,0.37,-0.24,-0.92,0.37,-0.24,-0.92,0.0,65.2,91.5,52.5,34.7,30.3,-89.3,-1.2,64.4,-156.0,13.1,29.0,-48.0,-16.9,43.2,-92.0,-2.6,2.8,0.4,8.8,-3.8,-19.7,-18.3,-21.2,14.3,7.9,-4.4,-8.2,2,3
1352,27.04,-0.06,267.05,8.36,10.85,-0.1,-109.26,768.25,0.0,945.09,1353.0,7.24,9.81,0.87,-0.24,-0.06,-0.07,1.02,0.06,-1.28,-0.51,-0.47,-1.48,-0.51,-0.47,-1.48,0.0,46.3,84.6,37.5,34.1,23.8,-84.3,-2.5,63.7,-156.0,14.1,25.2,-48.0,-14.0,45.3,-98.8,-3.7,1.1,1.8,12.3,-15.3,-6.5,-16.6,-18.3,21.8,2.4,-5.6,-3.7,2,3
1354,27.08,-0.06,267.45,8.36,10.86,-0.1,-109.33,769.39,0.0,946.57,1355.0,7.25,9.82,0.87,-0.26,-0.08,0.01,-0.17,-0.03,-1.71,0.6,0.14,-1.61,0.6,0.14,-1.61,86.8,0.0,27.5,56.8,34.4,23.3,-78.8,-7.6,59.9,-156.0,13.1,25.7,-48.0,-15.6,42.3,-97.3,-8.7,8.3,1.6,7.6,-16.6,-2.4,-0.8,-1.4,22.8,3.2,-6.2,-2.4,2,3
1356,27.12,-0.06,267.84,8.36,10.88,-0.1,-109.4,770.54,0.0,948.06,1357.0,7.25,9.83,0.87,-0.15,-0.1,-0.2,-0.85,-1.21,-1.6,0.74,1.5,-1.39,0.74,1.5,-1.39,153.0,0.0,0.0,67.3,37.3,29.9,-85.5,-10.4,56.4,-156.0,16.1,29.6,-48.0,-16.8,38.9,-91.6,-16.1,16.1,-4.8,2.5,4.6,-19.7,-0.9,-1.6,22.2,11.2,-0.3,-2.3,2,3
1358,27.16,-0.06,268.24,8.36,10.89,-0.1,-109.51,771.69,0.0,949.51,1359.0,7.26,9.83,0.86,-0.05,-0.15,-0.39,0.87,-2.06,-1.19,-1.2,1.7,-1.44,-1.2,1.7,-1.44,123.2,0.0,85.0,93.6,31.6,51.7,-106.4,-9.3,66.3,-156.0,14.6,32.9,-48.0,-21.5,47.6,-84.3,-10.5,8.9,6.5,0.5,0.4,-19.7,-6.2,-8.7,19.0,14.7,-8.4,-4.3,2,3
1360,27.2,-0.06,268.64,8.36,10.9,-0.1,-109.63,772.86,0.0,950.97,1361.0,7.26,9.84,0.86,-0.25,-0.17,0.15,-0.2,-0.38,-1.39,0.31,0.35,-1.38,0.31,0.35,-1.38,0.0,0.0,87.3,77.5,30.2,55.2,-109.0,-6.6,68.5,-156.0,13.6,34.1,-48.0,-22.2,50.5,-85.0,1.1,-5.0,-0.1,5.3,-3.5,-19.7,-16.0,-17.3,11.1,10.3,-4.9,-3.2,2,3
1362,27.24,-0.06,269.04,8.36,10.91,-0.1,-109.74,774.02,0.0,952.43,1363.0,7.27,9.85,0.86,-0.31,-0.19,0.03,-1.3,1.18,-1.36,1.73,-0.94,-1.03,1.73,-0.94,-1.03,0.0,52.5,94.4,114.8,35.7,39.9,-99.3,-4.2,67.5,-156.0,16.9,27.5,-48.0,-17.4,48.0,-84.9,-2.0,-3.4,4.9,9.2,-9.8,-19.7,-18.5,-20.5,15.0,8.6,-13.6,-7.9,2,3
1364,27.28,-0.06,269.43,8.36,10.93,-0.1,-109.83,775.17,0.0,953.91,1365.0,7.28,9.86,0.87,-0.28,-0.17,0.08,0.18,0.74,-1.58,0.28,-0.75,-1.56,0.28,-0.75,-1.56,0.0,49.7,92.7,63.3,35.5,22.0,-82.6,-2.4,64.0,-156.0,19.2,23.7,-48.0,-12.9,43.8,-83.6,-3.2,-4.6,8.8,11.8,-13.3,-18.6,-19.2,-20.7,19.6,2.8,-10.5,-9.0,2,3
1366,27.32,-0.06,269.83,8.36,10.94,-0.1,-109.94,776.32,0.0,955.36,1367.0,7.29,9.87,0.87,-0.26,-0.16,0.06,1.16,0.63,-1.79,-0.61,-0.76,-2.0,-0.61,-0.76,-2.0,0.0,0.0,70.9,37.9,35.2,16.4,-70.9,-5.7,60.5,-156.0,17.3,21.5,-48.0,-13.6,42.3,-91.1,-4.2,5.6,2.7,12.5,-17.3,-5.0,-13.2,-13.9,22.2,-0.6,-7.5,-8.7,2,3
1368,27.36,-0.06,270.23,8.36,10.96,-0.1,-110.04,777.47,0.0,956.81,1369.0,7.3,9.88,0.88,-0.2,-0.17,-0.03,-0.61,0.05,-1.81,1.09,-0.12,-1.56,1.09,-0.12,-1.56,152.9,0.0,0.0,60.1,36.1,20.3,-72.0,-7.3,57.9,-156.0,16.5,23.9,-48.0,-16.4,37.5,-99.8,-14.4,11.3,-7.0,8.0,-2.1,-19.8,2.8,2.3,22.7,4.1,-2.1,2.8,2,3
1370,27.4,-0.06,270.62,8.36,10.97,-0.1,-110.12,778.62,0.0,958.3,1371.0,7.31,9.88,0.87,-0.03,-0.12,-0.28,1.3,-1.19,-1.63,-0.76,1.19,-1.94,-0.76,1.19,-1.94,100.8,0.0,0.0,99.6,36.6,30.0,-83.9,-6.6,61.1,-156.0,19.2,31.8,-48.0,-19.2,38.4,-97.0,-17.3,18.8,-3.7,-1.5,3.1,-19.7,-6.4,-4.6,21.5,14.9,-1.0,5.7,2,3
1372,27.44,-0.06,271.02,8.36,10.99,-0.1,-110.23,779.77,0.0,959.74,1373.0,7.31,9.88,0.87,-0.04,-0.06,-0.12,-0.31,-1.0,-1.61,0.77,0.77,-1.59,0.77,0.77,-1.59,80.1,0.0,198.9,117.7,32.8,38.7,-93.2,-8.3,64.2,-156.0,9.1,31.3,-48.0,-25.2,39.9,-95.8,-8.6,10.0,-7.1,1.3,-0.1,-19.7,-5.1,-9.8,14.1,14.3,-6.1,3.8,2,3
1374,27.48,-0.06,271.42,8.36,11.0,-0.1,-110.34,780.92,0.0,961.2,1375.0,7.32,9.89,0.87,-0.15,-0.09,0.04,-0.52,0.31,-1.33,0.7,-0.54,-1.17,0.7,-0.54,-1.17,0.0,0.0,47.7,109.3,35.5,43.2,-100.7,-6.4,64.0,-156.0,9.4,30.9,-48.0,-23.9,38.3,-93.3,-2.4,-1.9,5.2,6.3,-4.9,-19.7,-13.6,-19.9,11.5,13.6,-5.3,-3.0,2,3
1376,27.52,-0.06,271.81,8.36,11.01,-0.1,-110.42,782.08,0.0,962.69,1377.0,7.32,9.89,0.87,-0.18,-0.09,0.05,0.16,0.15,-1.22,0.08,-0.2,-1.22,0.08,-0.2,-1.22,28.0,56.6,51.3,64.9,37.6,36.7,-94.1,-1.8,63.6,-156.0,12.7,27.9,-48.0,-19.0,37.7,-93.7,-5.5,-2.7,3.3,9.7,-3.6,-19.7,-16.9,-21.1,15.7,10.4,-6.2,-7.8,2,3
1378,27.56,-0.06,272.21,8.36,11.03,-0.1,-110.5,783.23,0.0,964.17,1379.0,7.33,9.89,0.87,-0.16,-0.06,-0.0,1.23,-0.38,-1.09,-0.79,0.6,-1.37,-0.79,0.6,-1.37,11.0,12.2,83.2,40.2,36.9,27.7,-83.4,-1.4,63.0,-156.0,14.6,25.2,-48.0,-15.9,40.7,-100.8,-2.6,-1.0,6.9,10.3,-17.8,-8.1,-18.4,-16.6,20.9,2.7,-6.3,-6.2,2,3
1380,27.6,-0.06,272.61,8.36,11.04,-0.1,-110.64,784.38,0.0,965.59,1381.0,7.34,9.89,0.88,-0.17,-0.03,0.08,-1.38,-0.33,-1.64,1.71,-0.35,-1.28,1.71,-0.35,-1.28,68.9,0.0,25.4,45.8,36.3,21.1,-69.1,-8.1,57.6,-153.3,14.4,25.4,-48.0,-16.6,38.9,-102.3,-7.1,8.1,1.7,6.4,-18.8,2.3,0.5,-1.4,22.8,4.2,-4.0,-2.5,2,3
1382,27.64,-0.06,273.0,8.36,11.06,-0.1,-110.77,785.54,0.0,967.03,1383.0,7.34,9.89,0.88,-0.04,0.0,-0.15,-1.57,-1.37,-1.55,2.27,0.57,-1.13,2.27,0.57,-1.13,80.6,0.0,0.0,54.1,41.0,28.7,-77.1,-10.4,51.1,-156.0,20.1,29.1,-48.0,-15.6,35.9,-99.9,-16.4,12.9,-9.2,5.3,7.7,-19.7,-3.2,-1.6,22.1,8.3,0.6,-1.2,2,3
1384,27.68,-0.06,273.4,8.37,11.07,-0.1,-110.88,786.71,0.0,968.5,1385.0,7.34,9.89,0.87,0.06,0.09,-0.4,2.6,-1.07,-0.91,-1.69,2.07,-1.26,-1.69,2.07,-1.26,73.1,0.0,59.5,136.7,34.8,44.7,-97.2,-7.9,62.8,-156.0,16.4,31.8,-48.0,-23.1,42.8,-94.5,-16.0,17.9,3.8,-0.1,0.1,-19.7,-6.2,-7.6,17.7,16.5,-3.6,4.5,2,3
1386,27.72,-0.06,273.8,8.37,11.09,-0.1,-111.05,787.88,0.0,969.91,1387.0,7.34,9.88,0.86,-0.15,0.04,0.13,-0.99,-0.12,-0.97,1.02,-0.44,-0.83,1.02,-0.44,-0.83,24.8,0.0,108.4,72.9,29.4,55.9,-109.4,-5.2,68.7,-156.0,13.6,34.1,-48.0,-25.8,47.2,-88.2,-2.0,-1.8,-3.6,2.1,-1.7,-19.7,-13.9,-17.0,11.6,10.6,-1.6,-0.8,2,3
1388,27.76,-0.06,274.2,8.37,11.1,-0.1,-111.15,789.05,0.0,971.39,1389.0,7.35,9.88,0.86,-0.23,0.04,0.01,-2.5,1.54,-0.61,1.46,-2.61,-0.27,1.46,-2.61,-0.27,0.0,81.7,96.7,105.7,35.6,43.1,-105.9,-2.3,67.1,-156.0,19.3,26.6,-48.0,-18.2,46.6,-88.6,-3.7,-1.5,5.8,10.6,-6.0,-19.7,-18.6,-19.4,13.4,11.4,-9.5,-4.5,2,3
1390,27.8,-0.06,274.59,8.37,11.11,-0.11,-111.32,790.2,0.0,972.78,1391.0,7.35,9.87,0.87,-0.22,0.04,0.15,-0.29,0.83,-0.92,0.02,-0.88,-0.93,0.02,-0.88,-0.93,0.0,77.2,95.3,53.7,36.7,27.9,-94.4,0.4,63.2,-156.0,23.1,21.4,-48.0,-11.9,42.5,-86.1,-6.9,0.6,0.3,13.1,-6.0,-19.7,-18.4,-21.3,15.1,6.3,-5.7,-12.5,2,3
1392,27.84,-0.06,274.99,8.37,11.13,-0.11,-111.36,791.34,0.0,974.29,1393.0,7.36,9.87,0.88,-0.2,0.07,0.09,1.88,0.35,-1.19,-1.4,0.68,-1.62,-1.4,0.68,-1.62,0.0,75.4,92.9,26.3,34.3,24.2,-90.0,-2.0,61.2,-156.0,20.6,18.7,-48.0,-11.6,43.8,-94.2,-4.9,2.7,0.2,15.7,-13.5,-18.3,-17.8,-18.6,20.5,-0.3,-4.9,-6.1,2,3
1394,27.88,-0.06,275.39,8.37,11.14,-0.11,-111.48,792.49,0.0,975.75,1395.0,7.36,9.86,0.88,-0.15,0.06,-0.01,-0.68,-0.55,-1.65,1.21,-0.17,-1.41,1.21,-0.17,-1.41,94.4,130.0,25.4,0.0,32.3,26.2,-90.5,-1.5,62.2,-156.0,18.6,19.9,-48.0,-17.5,39.3,-102.1,-9.8,10.2,-1.0,16.6,7.4,-19.7,-2.3,0.3,21.4,-1.2,0.3,3.6,2,3
1396,27.92,-0.06,275.78,8.37,11.16,-0.11,-111.66,793.65,0.0,977.13,1397.0,7.36,9.86,0.88,0.07,0.06,-0.3,2.35,-2.48,-2.42,0.4,3.24,-2.62,0.4,3.24,-2.62,150.6,0.0,0.0,103.5,35.0,45.7,-88.7,11.6,95.0,-156.0,19.1,32.7,-48.0,-24.5,39.2,-96.9,-17.4,18.2,6.7,-4.9,-2.4,-19.7,-0.6,0.6,21.0,15.4,-0.6,-0.2,2,3
1398,27.96,-0.06,276.18,8.37,11.17,-0.11,-111.9,794.83,0.0,978.48,1399.0,7.36,9.86,0.86,-0.0,0.05,-0.58,-0.16,-1.97,-1.57,1.65,1.13,-1.55,1.65,1.13,-1.55,5.1,0.0,73.3,69.5,32.3,67.6,-74.5,-7.8,101.6,-156.0,12.3,50.0,-48.0,-33.0,55.8,-86.4,-6.8,-16.3,-2.7,4.3,-11.7,-19.7,-10.3,-17.2,15.9,17.1,-13.2,-13.1,2,3
1400,28.0,-0.06,276.56,8.37,11.18,-0.11,-112.2,796.0,0.0,979.75,1401.0,7.36,9.85,0.85,-0.33,0.09,0.06,-5.78,3.08,-0.6,1.38,-6.42,-0.35,1.38,-6.42,-0.35,0.0,0.0,81.0,51.2,43.7,53.0,-85.6,-1.4,75.2,-156.0,20.1,46.2,-48.0,-23.6,57.3,-86.3,-8.9,5.7,-7.8,7.4,0.9,-19.7,-15.5,-21.4,14.6,18.8,-5.7,-7.9,2,3
1402,28.04,-0.06,276.95,8.37,11.19,-0.11,-112.48,797.13,0.0,981.0,1403.0,7.37,9.84,0.85,-0.22,0.11,0.02,1.37,3.81,-1.01,-3.37,-1.38,-2.04,-3.37,-1.38,-2.04,0.0,0.0,95.6,104.4,35.9,33.0,-105.4,9.1,71.1,-156.0,24.3,33.8,-48.0,-13.6,51.3,-84.0,2.1,6.4,2.7,5.6,-3.5,-19.7,-16.5,-21.2,11.6,9.3,-8.9,-15.7,2,3
1404,28.08,-0.06,277.34,8.37,11.2,-0.11,-112.58,798.25,0.0,982.42,1405.0,7.37,9.83,0.86,-0.18,0.11,0.16,0.78,2.15,-1.62,-1.62,-1.0,-2.06,-1.62,-1.0,-2.06,0.0,76.4,90.8,16.1,32.3,34.8,-104.6,4.1,69.5,-156.0,17.7,26.6,-48.0,-11.4,52.3,-97.7,-3.9,2.5,-0.5,14.3,-6.3,-17.5,-18.9,-20.6,17.2,2.2,0.7,-5.8,2,3
1406,28.12,-0.06,277.73,8.37,11.22,-0.11,-112.77,799.36,0.0,983.74,1407.0,7.36,9.82,0.86,-0.11,0.16,0.08,1.35,0.63,-2.12,-0.47,0.11,-2.55,-0.47,0.11,-2.55,112.2,4.3,34.1,0.0,30.3,37.4,-106.6,-5.5,63.7,-156.0,10.8,26.0,-48.0,-13.1,58.7,-105.2,-11.2,3.7,-1.2,18.1,-16.0,3.5,-3.4,0.3,22.8,-9.6,-4.7,9.5,2,3
1408,28.16,-0.06,278.12,8.37,11.23,-0.11,-112.95,800.47,0.0,985.07,1409.0,7.36,9.82,0.87,-0.02,0.09,0.24,-2.79,-1.93,-2.14,3.35,-2.13,-0.54,3.35,-2.13,-0.54,138.1,83.3,0.0,0.0,34.2,37.2,-99.1,3.9,64.5,-156.0,9.7,39.0,-48.0,-30.0,50.9,-66.7,-18.3,-4.5,10.6,18.9,-1.0,-19.9,-3.3,-1.4,22.8,4.8,-3.2,7.9,2,3
1410,28.2,-0.06,278.51,8.37,11.25,-0.11,-113.32,801.58,0.0,986.21,1411.0,7.35,9.82,0.88,0.0,0.08,0.32,1.4,-1.79,-2.0,1.85,1.62,-1.76,1.85,1.62,-1.76,43.9,0.0,0.0,0.0,41.4,25.3,-61.9,26.3,68.2,-156.0,4.7,48.7,-48.0,-25.7,43.3,-54.5,-16.5,7.8,15.7,-15.7,-0.3,-19.7,2.9,-14.3,21.3,19.0,-4.2,-19.8,2,3
1412,28.24,-0.06,278.9,8.37,11.26,-0.11,-113.67,802.7,0.0,987.4,1413.0,7.35,9.82,0.88,-0.11,0.1,-0.13,-1.36,1.02,-0.52,-0.45,-1.67,-0.39,-0.45,-1.67,-0.39,0.0,0.0,51.9,83.1,39.1,12.4,-48.0,1.0,66.0,-156.0,8.3,46.4,-48.0,-4.7,50.8,-94.5,10.0,-10.3,3.8,1.0,-0.4,-19.7,-3.9,-20.0,16.3,17.5,-16.1,-7.5,3,3
1414,28.28,-0.06,279.29,8.37,11.28,-0.11,-114.04,803.81,0.0,988.53,1415.0,7.34,9.81,0.88,-0.1,0.14,0.31,1.84,0.49,-0.28,-0.76,1.45,-1.0,-0.76,1.45,-1.0,0.0,0.0,58.6,55.0,53.8,-7.3,-68.1,-6.6,59.9,-156.0,22.9,34.4,-48.0,18.3,52.7,-120.4,-0.8,12.0,-7.7,5.9,-4.1,-19.7,-1.8,-21.5,17.6,4.7,-5.9,0.5,2,3
1416,28.32,-0.06,279.68,8.37,11.29,-0.11,-114.18,804.91,0.0,989.91,1417.0,7.34,9.81,0.88,-0.0,0.15,0.05,2.97,1.1,-1.22,-1.27,2.01,-2.42,-1.27,2.01,-2.42,0.0,0.0,126.6,32.5,48.9,0.4,-109.3,5.6,51.9,-156.0,20.2,28.4,-48.0,20.6,51.5,-123.8,-2.2,9.8,1.2,5.0,-2.5,-19.7,-13.8,-21.4,16.5,3.3,-6.6,0.9,2,3
1418,28.36,-0.06,280.08,8.38,11.31,-0.11,-114.34,806.03,0.0,991.29,1419.0,7.33,9.81,0.88,0.1,0.14,-0.1,4.9,-0.34,-1.96,0.01,3.81,-3.67,0.01,3.81,-3.67,0.0,0.0,85.9,0.0,38.9,28.0,-129.7,4.6,57.8,-156.0,11.9,28.4,-48.0,12.5,58.5,-118.0,-4.5,2.8,-0.1,15.4,-16.4,-11.5,-16.7,-18.5,22.2,-5.5,8.0,2.2,2,3
1420,28.4,-0.06,280.47,8.38,11.33,-0.11,-114.55,807.17,0.0,992.63,1421.0,7.33,9.81,0.88,0.04,0.1,-0.1,1.97,-1.78,-1.76,1.69,1.3,-2.36,1.69,1.3,-2.36,137.9,62.6,0.0,0.0,25.1,46.8,-129.4,3.5,63.7,-156.0,6.1,34.8,-48.0,-8.1,76.5,-93.1,-16.2,-4.9,4.4,16.6,-16.0,1.7,1.5,5.3,22.8,-4.0,-15.9,9.0,2,3
1422,28.44,-0.06,280.86,8.39,11.34,-0.11,-114.75,808.32,0.0,993.99,1423.0,7.33,9.81,0.88,0.05,0.01,0.14,-2.32,-2.48,-2.03,2.45,-2.83,-1.3,2.45,-2.83,-1.3,105.9,50.1,0.0,0.0,30.6,41.2,-113.7,16.6,68.0,-156.0,5.0,47.5,-48.0,-29.1,57.2,-51.8,-13.9,2.0,15.9,9.6,-1.7,-19.7,2.0,-7.6,22.8,12.0,-4.0,-1.8,3,3
1424,28.48,-0.06,281.25,8.39,11.36,-0.11,-115.12,809.47,0.0,995.19,1425.0,7.33,9.81,0.89,0.02,-0.04,0.09,0.8,-1.34,-1.25,1.47,0.45,-1.28,1.47,0.45,-1.28,35.3,0.0,37.2,0.0,37.0,28.7,-80.5,20.4,65.4,-156.0,6.8,47.7,-48.0,-7.4,43.9,-65.3,-6.8,3.5,11.9,-3.9,4.0,-19.7,-0.8,-18.9,22.4,13.3,-0.8,-17.3,2,3
1426,28.52,-0.06,281.64,8.39,11.38,-0.11,-115.43,810.64,0.0,996.44,1427.0,7.33,9.81,0.88,-0.1,-0.03,-0.25,-0.52,2.15,-0.03,-2.2,-0.27,-0.04,-2.2,-0.27,-0.04,0.0,0.0,54.5,45.5,42.6,10.8,-61.6,6.9,65.6,-156.0,18.3,40.9,-48.0,5.3,54.3,-93.2,2.3,2.9,-11.2,4.2,-1.9,-19.7,-9.5,-18.8,14.4,5.9,-11.4,-4.7,2,3
1428,28.56,-0.06,282.03,8.39,11.39,-0.11,-115.67,811.78,0.0,997.75,1429.0,7.33,9.81,0.87,0.08,-0.06,-0.14,8.88,0.75,-1.17,0.22,8.23,-3.61,0.22,8.23,-3.61,0.0,24.7,46.5,69.3,45.8,2.5,-75.9,8.2,64.2,-156.0,19.6,26.3,-48.0,10.6,49.2,-110.1,2.2,7.2,-0.9,0.4,-8.7,-19.7,-11.4,-17.4,7.0,2.0,-5.2,-0.6,2,3
1430,28.6,-0.06,282.41,8.4,11.4,-0.11,-115.83,812.89,0.0,999.1,1431.0,7.33,9.81,0.87,0.06,-0.11,0.02,3.33,-0.17,-2.01,0.1,2.58,-2.92,0.1,2.58,-2.92,0.0,39.3,97.9,73.7,38.0,18.4,-83.3,-0.1,60.9,-156.0,9.1,23.9,-48.0,2.2,50.4,-114.8,0.9,-2.8,2.7,5.1,-14.8,-11.5,-16.6,-11.3,9.9,1.5,-1.9,5.4,2,3
1432,28.64,-0.06,282.79,8.4,11.42,-0.11,-116.01,813.99,0.0,1000.42,1433.0,7.34,9.81,0.87,-0.0,-0.12,0.26,-1.93,-1.43,-2.63,-0.25,-2.82,-2.15,-0.25,-2.82,-2.15,71.7,120.7,0.0,0.0,35.4,24.5,-73.8,-16.0,51.0,-148.9,3.4,28.5,-48.0,-4.3,48.4,-110.2,-6.9,-5.5,-1.8,9.3,-20.4,22.8,0.4,7.6,22.8,-1.7,3.8,3.0,1,3
1434,28.68,-0.06,283.18,8.4,11.43,-0.11,-116.28,815.12,0.0,1001.68,1435.0,7.35,9.81,0.88,0.02,-0.21,0.22,-4.5,-2.41,-2.76,-0.28,-5.51,-1.81,-0.28,-5.51,-1.81,122.8,0.0,0.0,0.0,40.0,28.1,-79.6,-24.2,23.8,-110.0,5.9,42.0,-48.0,-5.2,49.9,-103.5,-17.3,2.5,-3.2,12.7,-0.3,-18.6,7.7,-14.6,22.8,4.3,-5.0,-0.9,1,3
1436,28.72,-0.06,283.57,8.41,11.45,-0.11,-116.57,816.28,0.0,1002.97,1437.0,7.36,9.81,0.88,0.21,-0.28,-0.05,-4.02,-2.17,-1.92,-0.19,-4.83,-1.08,-0.19,-4.83,-1.08,52.0,0.0,126.1,166.2,47.6,33.5,-86.6,-14.5,14.9,-155.9,20.0,31.7,-48.0,-0.5,45.1,-101.8,-13.0,7.3,-4.8,2.0,7.7,-4.8,-0.0,-1.7,22.8,11.1,-9.3,4.4,2,3
1438,28.76,-0.06,283.96,8.43,11.46,-0.11,-116.78,817.43,0.0,1004.33,1439.0,7.37,9.81,0.88,0.21,-0.23,-0.09,-0.85,-0.48,-1.28,0.04,-1.2,-1.08,0.04,-1.2,-1.08,72.1,0.0,97.8,127.8,47.8,40.5,-105.3,-1.6,46.8,-156.0,28.6,34.4,-48.0,0.4,46.9,-95.1,-17.4,9.0,8.3,6.5,4.6,-19.7,-6.5,-18.8,21.3,14.0,-6.0,5.1,2,3
1440,28.8,-0.06,284.36,8.44,11.48,-0.11,-117.01,818.59,0.0,1005.67,1441.0,7.38,9.81,0.87,0.04,-0.22,-0.25,4.5,2.13,-0.75,0.9,4.7,-1.56,0.9,4.7,-1.56,0.0,0.3,56.1,28.0,39.7,40.2,-110.4,11.7,73.0,-156.0,25.4,30.8,-48.0,-3.8,49.0,-90.6,5.0,-4.5,6.3,-0.1,-5.5,-19.7,-17.3,-17.4,0.9,6.1,-2.9,-4.8,2,3
1442,28.84,-0.06,284.75,8.44,11.49,-0.11,-117.13,819.74,0.0,1007.12,1443.0,7.39,9.8,0.87,0.04,-0.28,0.1,2.2,0.18,-1.79,0.9,1.61,-2.15,0.9,1.61,-2.15,0.0,53.7,107.1,119.2,35.6,26.8,-82.1,4.7,67.9,-156.0,17.4,25.3,-48.0,-10.1,49.3,-95.7,-2.7,-8.8,3.4,10.3,-17.3,-19.7,-14.6,-17.8,9.0,9.1,-11.6,-0.5,2,3
1444,28.88,-0.06,285.14,8.44,11.51,-0.11,-117.27,820.89,0.0,1008.53,1445.0,7.4,9.79,0.87,0.02,-0.26,0.22,1.67,0.4,-2.09,0.33,1.27,-2.36,0.33,1.27,-2.36,4.4,37.5,80.6,30.0,34.7,18.7,-68.6,-5.4,60.9,-156.0,15.2,22.4,-48.0,-10.5,46.1,-95.0,-5.0,-1.5,-0.9,10.8,-19.3,-1.3,-14.4,-9.7,21.6,1.1,-4.7,-4.5,2,3
1446,28.92,-0.06,285.54,8.44,11.52,-0.11,-117.41,822.02,0.0,1009.94,1447.0,7.41,9.79,0.88,0.01,-0.22,0.37,-1.4,-0.84,-2.55,-1.18,-1.7,-2.21,-1.18,-1.7,-2.21,88.7,75.1,0.0,22.0,33.0,19.3,-67.7,-18.6,48.8,-142.5,10.7,25.8,-48.0,-12.9,43.8,-101.1,-9.5,10.2,1.3,12.9,-17.9,14.4,-0.8,2.0,22.8,1.1,-1.3,0.3,1,3
1448,28.96,-0.06,285.93,8.45,11.54,-0.11,-117.66,823.18,0.0,1011.27,1449.0,7.42,9.78,0.89,0.15,-0.29,0.07,-3.93,-1.43,-2.79,-2.79,-3.71,-1.93,-2.79,-3.71,-1.93,59.1,0.0,0.0,29.8,39.8,28.7,-78.2,-20.5,27.6,-146.3,14.3,34.8,-48.0,-10.3,38.5,-101.2,-16.1,4.4,-8.6,7.2,5.1,-10.2,0.7,-5.3,22.8,8.0,-1.5,1.5,1,3
1450,29.0,-0.06,286.33,8.47,11.56,-0.11,-117.91,824.33,0.0,1012.6,1451.0,7.43,9.78,0.89,0.29,-0.19,-0.22,-1.89,-1.82,-1.27,-0.72,-2.73,-0.72,-0.72,-2.73,-0.72,65.2,0.0,123.1,145.2,42.4,38.6,-95.9,-11.8,36.1,-156.0,21.3,31.0,-48.0,-11.4,35.4,-92.9,-16.2,9.3,0.6,0.6,5.3,-19.7,-3.5,-6.6,21.0,16.6,-1.8,2.7,2,3
1452,29.04,-0.07,286.72,8.49,11.58,-0.11,-118.0,825.49,0.0,1014.1,1453.0,7.45,9.77,0.88,0.26,-0.16,-0.23,1.6,-0.07,-0.8,1.44,0.55,-0.9,1.44,0.55,-0.9,21.0,0.0,82.2,33.3,32.7,50.2,-117.3,-1.5,60.0,-156.0,22.0,32.8,-48.0,-14.5,42.9,-85.7,-2.7,2.0,7.3,1.9,-4.6,-19.7,-10.9,-16.7,11.3,10.4,1.2,1.7,2,3
1454,29.08,-0.07,287.12,8.5,11.59,-0.11,-118.2,826.65,0.0,1015.48,1455.0,7.45,9.77,0.87,0.11,-0.18,-0.49,0.78,2.75,-0.34,-0.59,2.73,-0.72,-0.59,2.73,-0.72,0.0,0.0,72.2,141.0,36.6,40.3,-115.2,-2.7,64.3,-156.0,22.2,27.5,-48.0,-14.0,48.1,-86.0,-6.7,2.9,6.9,10.9,-7.9,-19.7,-18.2,-18.3,11.2,11.1,-15.2,-3.8,2,3
1456,29.12,-0.07,287.52,8.51,11.6,-0.11,-118.4,827.8,0.0,1016.85,1457.0,7.46,9.76,0.87,0.03,-0.19,0.35,1.61,0.51,-1.54,0.97,0.87,-1.88,0.97,0.87,-1.88,0.0,19.0,15.5,30.8,34.6,26.7,-92.4,-3.5,63.3,-156.0,20.0,22.6,-48.0,-13.4,44.9,-84.8,-6.0,0.6,1.2,11.2,-8.4,-19.7,-17.8,-20.0,13.7,7.3,-1.7,-9.1,2,3
1458,29.16,-0.07,287.92,8.51,11.62,-0.11,-118.48,828.96,0.0,1018.35,1459.0,7.46,9.76,0.88,0.01,-0.14,0.3,1.34,0.38,-1.41,0.79,0.69,-1.68,0.79,0.69,-1.68,51.7,0.0,78.8,29.9,29.9,22.1,-77.7,-7.9,60.5,-156.0,14.9,22.3,-48.0,-15.3,45.4,-91.3,-4.0,7.4,0.9,13.8,-18.5,-0.8,-14.8,-9.4,21.7,-0.3,-4.1,-7.0,2,3
1460,29.2,-0.07,288.31,8.51,11.64,-0.11,-118.57,830.12,0.0,1019.83,1461.0,7.47,9.75,0.89,0.05,-0.13,0.17,-0.55,0.38,-1.87,-1.05,0.08,-1.68,-1.05,0.08,-1.68,109.4,0.0,0.0,36.6,30.1,23.3,-76.0,-10.4,55.9,-156.0,13.5,24.7,-48.0,-17.3,41.9,-96.7,-13.9,6.1,-3.8,11.8,-8.2,-14.7,0.2,1.1,22.5,2.1,-3.9,0.7,2,3
1462,29.24,-0.07,288.71,8.52,11.65,-0.11,-118.65,831.27,0.0,1021.32,1463.0,7.48,9.75,0.89,0.15,-0.17,-0.08,-0.56,-0.2,-1.63,-0.87,-0.48,-1.43,-0.87,-0.48,-1.43,131.0,0.0,0.0,92.4,32.2,28.8,-85.9,-9.9,54.2,-156.0,13.9,28.6,-48.0,-17.5,37.9,-90.3,-15.6,14.7,2.5,2.2,4.5,-19.7,-2.4,-2.0,20.2,12.7,-2.1,-0.4,2,3
1464,29.28,-0.07,289.1,8.54,11.67,-0.11,-118.74,832.42,0.0,1022.82,1465.0,7.48,9.74,0.88,0.26,-0.15,-0.36,1.46,-0.8,-1.29,1.26,-0.65,-1.56,1.26,-0.65,-1.56,103.3,0.0,45.9,118.5,28.2,42.5,-99.1,-8.9,60.9,-156.0,9.7,32.2,-48.0,-20.1,45.2,-86.2,-11.9,8.0,9.6,2.1,0.1,-19.7,-4.8,-14.1,16.1,16.1,-12.0,-7.6,2,3
1466,29.32,-0.07,289.5,8.55,11.68,-0.11,-118.9,833.58,0.0,1024.24,1467.0,7.49,9.74,0.86,0.11,-0.16,-0.4,-2.07,1.7,-1.04,-2.42,1.43,-0.57,-2.42,1.43,-0.57,0.0,1.4,103.3,114.4,32.4,43.0,-99.2,-6.8,66.3,-156.0,12.6,31.3,-48.0,-17.0,51.7,-91.6,1.0,-5.4,0.6,5.7,-8.9,-19.7,-13.6,-19.6,14.0,11.1,-9.0,-4.3,2,3
1468,29.36,-0.07,289.89,8.55,11.7,-0.11,-119.0,834.72,0.0,1025.68,1469.0,7.49,9.73,0.86,0.01,-0.13,0.36,1.06,-0.19,-1.53,0.62,-0.32,-1.73,0.62,-0.32,-1.73,32.9,5.3,32.5,64.2,34.7,35.0,-99.0,-2.5,64.6,-156.0,17.8,27.4,-48.0,-9.5,50.9,-90.2,-2.8,-1.9,1.4,6.8,-4.5,-19.7,-16.6,-20.6,13.3,8.0,-8.9,-9.9,2,3
1470,29.4,-0.07,290.29,8.56,11.71,-0.11,-119.06,835.86,0.0,1027.18,1471.0,7.49,9.73,0.87,0.06,-0.07,0.09,1.53,0.37,-1.3,1.1,0.27,-1.7,1.1,0.27,-1.7,0.0,79.4,43.5,31.2,30.8,30.5,-99.9,-2.2,64.1,-156.0,16.8,24.8,-48.0,-8.2,53.0,-95.5,-5.8,2.5,0.4,13.9,-9.5,-19.3,-18.2,-20.1,19.7,2.0,-3.5,-6.2,2,3
1472,29.44,-0.07,290.69,8.56,11.72,-0.11,-119.17,837.0,0.0,1028.63,1473.0,7.5,9.73,0.88,0.1,0.01,0.08,1.61,0.14,-1.95,0.97,0.06,-2.34,0.97,0.06,-2.34,0.0,23.6,49.0,0.0,26.0,31.2,-101.5,-7.5,62.9,-156.0,12.8,24.5,-48.0,-10.6,54.8,-102.2,-6.4,4.2,2.5,15.8,-16.2,-3.3,-8.0,-2.6,22.8,-4.7,-4.3,4.7,2,3
1474,29.48,-0.07,291.08,8.58,11.74,-0.11,-119.28,838.15,0.0,1030.09,1475.0,7.5,9.73,0.88,0.14,0.02,0.09,-0.54,-0.71,-1.97,-1.17,-0.54,-1.74,-1.17,-0.54,-1.74,107.8,69.5,0.0,17.1,27.5,33.7,-96.7,-2.8,65.2,-156.0,10.7,30.8,-48.0,-18.9,43.0,-82.8,-14.6,3.5,3.1,10.5,-6.5,-19.8,-0.2,-0.0,22.8,3.9,-3.0,5.2,2,3
1476,29.52,-0.07,291.47,8.59,11.76,-0.11,-119.48,839.31,0.0,1031.47,1477.0,7.51,9.73,0.88,0.18,0.03,-0.02,1.75,-1.2,-1.77,0.97,-1.52,-2.1,0.97,-1.52,-2.1,100.9,0.0,48.3,131.8,29.4,35.1,-86.9,4.0,68.5,-156.0,8.5,36.7,-48.0,-20.3,40.9,-73.5,-14.0,5.1,8.6,-7.0,-3.7,-19.7,-2.1,-11.2,20.5,16.4,-9.4,-5.4,2,3
1478,29.56,-0.07,291.87,8.6,11.77,-0.11,-119.62,840.47,0.0,1032.9,1479.0,7.51,9.73,0.87,0.09,0.02,-0.27,-0.01,1.26,-1.19,0.11,1.29,-1.15,0.11,1.29,-1.15,13.0,0.0,62.4,132.7,31.4,29.1,-76.9,-7.6,62.3,-156.0,10.2,35.8,-48.0,-19.4,47.1,-89.2,-4.7,3.2,-7.2,5.2,-2.4,-19.7,-11.6,-18.2,11.4,13.8,-15.1,-5.2,2,3
1480,29.6,-0.07,292.27,8.61,11.78,-0.11,-119.77,841.62,0.0,1034.33,1481.0,7.52,9.73,0.87,0.08,0.07,0.18,0.39,0.08,-1.35,0.0,0.07,-1.41,0.0,0.07,-1.41,0.0,66.9,4.7,71.7,34.4,22.9,-85.9,-5.8,62.0,-156.0,12.8,28.4,-48.0,-15.1,46.9,-95.0,-0.7,8.2,1.2,4.1,-0.3,-19.7,-13.8,-20.2,6.9,10.3,-7.1,-6.9,2,3
1482,29.64,-0.07,292.66,8.61,11.8,-0.11,-119.83,842.77,0.0,1035.83,1483.0,7.52,9.73,0.87,0.1,0.08,0.08,0.76,0.29,-1.27,0.44,0.12,-1.44,0.44,0.12,-1.44,0.0,81.8,44.8,41.5,32.6,28.2,-91.2,-3.9,63.3,-156.0,13.9,26.6,-48.0,-12.3,49.4,-99.7,-3.1,0.8,-2.1,7.9,-0.8,-19.7,-15.9,-20.6,12.0,7.2,-3.5,-7.1,2,3
1484,29.68,-0.07,293.06,8.62,11.81,-0.11,-119.87,843.91,0.0,1037.35,1485.0,7.53,9.73,0.87,0.13,0.09,0.02,0.5,0.35,-1.45,0.18,0.33,-1.53,0.18,0.33,-1.53,0.0,65.6,40.8,0.0,30.8,29.1,-99.5,-5.6,63.5,-156.0,13.2,24.9,-48.0,-8.8,53.6,-105.3,-7.2,3.2,-1.6,15.4,-14.0,-7.8,-16.0,-17.2,21.9,-0.3,1.2,1.2,2,3
1486,29.72,-0.07,293.46,8.63,11.83,-0.11,-120.01,845.05,0.0,1038.77,1487.0,7.53,9.73,0.87,0.12,0.11,0.09,0.87,-0.09,-1.95,0.17,-0.1,-2.13,0.17,-0.1,-2.13,123.5,0.0,24.6,0.0,27.0,32.2,-102.4,-11.4,60.9,-156.0,9.5,27.3,-48.0,-11.3,54.2,-96.2,-12.0,2.5,1.8,16.6,-16.2,-3.9,-2.8,2.8,22.8,-3.8,-8.4,5.6,2,3
1488,29.76,-0.07,293.85,8.64,11.84,-0.11,-120.16,846.19,0.0,1040.19,1489.0,7.54,9.73,0.88,0.17,0.09,0.13,-0.73,-1.65,-1.65,-1.9,-0.67,-1.39,-1.9,-0.67,-1.39,51.1,86.9,0.0,0.0,30.0,31.6,-91.7,1.9,66.6,-156.0,7.5,35.8,-48.0,-16.8,40.7,-68.1,-13.6,7.4,7.6,5.0,-1.7,-19.7,0.4,-5.6,22.4,7.7,-2.6,0.6,2,3
1490,29.8,-0.07,294.24,8.66,11.86,-0.11,-120.39,847.35,0.0,1041.55,1491.0,7.55,9.73,0.88,0.17,0.09,-0.11,1.04,-1.14,-1.38,-0.13,-1.32,-1.59,-0.13,-1.32,-1.59,50.7,0.0,76.9,131.5,31.8,26.5,-68.7,5.9,67.6,-156.0,8.2,40.3,-48.0,-14.7,46.8,-75.4,-8.0,3.5,2.6,-7.0,-1.8,-19.7,-3.6,-15.5,20.2,16.7,-13.7,-9.1,2,3
1492,29.84,-0.07,294.64,8.67,11.87,-0.11,-120.6,848.51,0.0,1042.91,1493.0,7.56,9.73,0.87,0.09,0.15,-0.31,0.47,2.76,-0.74,2.0,1.92,-0.83,2.0,1.92,-0.83,0.0,0.0,104.7,100.5,39.1,14.3,-64.8,-6.3,60.9,-156.0,15.6,32.7,-48.0,-6.9,51.8,-97.9,-2.7,8.7,-3.9,6.9,-1.8,-19.7,-14.4,-17.2,11.6,9.3,-10.3,-2.9,2,3
1494,29.88,-0.07,295.03,8.68,11.88,-0.11,-120.75,849.65,0.0,1044.31,1495.0,7.56,9.73,0.87,0.12,0.14,0.19,0.91,0.03,-1.5,0.43,-0.17,-1.69,0.43,-0.17,-1.69,0.0,44.6,40.0,102.9,33.6,18.2,-81.0,-5.0,62.5,-156.0,11.8,28.3,-48.0,-8.0,53.8,-101.2,1.1,4.9,-0.3,7.7,-2.3,-19.7,-14.6,-20.1,8.6,8.3,-10.3,-4.4,2,3
1496,29.92,-0.07,295.43,8.69,11.9,-0.11,-120.82,850.78,0.0,1045.79,1497.0,7.57,9.73,0.87,0.14,0.12,0.05,1.01,0.1,-1.66,0.49,-0.12,-1.87,0.49,-0.12,-1.87,49.1,52.2,58.3,13.8,32.6,27.5,-89.4,-6.7,62.1,-156.0,11.1,26.3,-48.0,-6.6,54.6,-105.3,-3.1,3.5,-2.3,10.3,-4.8,-15.1,-17.4,-18.9,14.8,4.0,0.2,-2.6,2,3
1498,29.96,-0.07,295.82,8.7,11.91,-0.11,-120.92,851.9,0.0,1047.23,1499.0,7.58,9.73,0.87,0.14,0.14,0.09,1.0,-0.28,-1.89,0.19,-0.24,-2.13,0.19,-0.24,-2.13,67.4,156.9,14.9,0.0,29.3,30.9,-92.7,-13.2,60.5,-154.3,6.7,27.9,-48.0,-7.2,57.4,-106.2,-8.6,2.8,0.8,11.8,-20.3,20.2,-3.6,3.0,22.8,-2.3,1.2,5.1,2,3
1500,30.0,-0.07,296.21,8.71,11.93,-0.11,-121.16,853.03,0.0,1048.55,1501.0,7.59,9.73,0.88,0.12,0.13,0.22,-3.71,-2.0,-2.33,-3.91,2.51,-1.27,-3.91,2.51,-1.27,110.3,0.0,0.0,32.4,29.5,34.6,-97.3,-23.8,44.7,-133.9,8.1,38.5,-48.0,-8.0,52.6,-90.0,-14.6,1.7,4.8,14.4,-5.7,-19.4,0.8,-11.7,22.8,2.2,-6.4,-0.3,1,3
1502,30.04,-0.07,296.61,8.72,11.94,-0.11,-121.32,854.18,0.0,1049.95,1503.0,7.59,9.72,0.88,0.18,0.06,0.17,-3.1,-1.53,-1.73,-3.14,2.12,-0.79,-3.14,2.12,-0.79,48.1,0.0,96.4,125.6,37.8,34.0,-92.8,-14.4,38.9,-156.0,15.1,34.7,-48.0,-4.5,47.7,-81.9,-12.0,5.9,4.7,0.9,8.2,-19.7,-3.8,-7.2,21.8,10.4,-9.5,-9.9,2,3
1504,30.08,-0.07,297.01,8.73,11.96,-0.11,-121.42,855.32,0.0,1051.42,1505.0,7.6,9.72,0.88,0.11,0.12,-0.05,1.14,0.95,-0.97,1.09,-0.46,-1.32,1.09,-0.46,-1.32,27.3,0.0,87.7,102.2,40.1,25.7,-80.1,-7.9,54.0,-156.0,19.3,33.8,-48.0,-0.5,52.4,-93.5,-6.7,5.6,0.7,4.9,-1.5,-19.7,-7.9,-17.3,20.3,9.4,-12.2,-6.6,2,3
1506,30.12,-0.07,297.41,8.74,11.98,-0.11,-121.6,856.46,0.0,1052.8,1507.0,7.61,9.72,0.88,0.16,0.17,-0.05,5.71,1.36,-0.92,3.23,-4.27,-2.57,3.23,-4.27,-2.57,0.0,0.0,90.5,81.8,40.3,14.8,-80.0,-2.0,57.9,-156.0,17.7,24.2,-48.0,-0.2,50.6,-105.0,1.5,5.4,-0.9,4.3,-3.1,-19.7,-8.4,-19.0,13.6,8.5,-8.0,-2.4,2,3
1508,30.16,-0.07,297.8,8.75,11.99,-0.11,-121.68,857.6,0.0,1054.29,1509.0,7.62,9.71,0.88,0.09,0.16,0.15,1.0,0.66,-1.74,0.8,-0.15,-1.95,0.8,-0.15,-1.95,0.0,56.7,92.9,57.3,35.1,20.7,-85.6,-5.1,59.0,-156.0,13.9,21.7,-48.0,-1.8,50.6,-105.0,-4.4,-4.5,-1.5,9.7,-7.8,-19.7,-15.9,-19.9,12.7,4.9,-5.3,0.1,2,3
1510,30.2,-0.07,298.2,8.76,12.01,-0.11,-121.76,858.74,0.0,1055.77,1511.0,7.62,9.71,0.88,0.11,0.16,0.06,1.86,0.66,-1.64,1.05,-0.93,-2.15,1.05,-0.93,-2.15,73.6,61.8,53.6,0.0,32.0,22.9,-91.9,-9.6,56.9,-156.0,10.2,20.7,-48.0,-0.5,51.9,-106.1,-7.5,3.1,-6.3,16.2,-9.0,-18.6,-16.8,-19.1,21.7,-1.2,-2.5,0.8,2,3
1512,30.24,-0.07,298.6,8.77,12.03,-0.11,-121.85,859.86,0.0,1057.23,1513.0,7.63,9.71,0.89,0.1,0.18,0.07,1.85,-0.49,-1.86,-0.05,-1.09,-2.43,-0.05,-1.09,-2.43,88.4,10.9,28.3,20.5,27.5,26.7,-95.7,-14.2,56.6,-156.0,4.9,22.5,-48.0,-4.4,50.7,-101.6,-9.1,2.7,0.3,17.3,-16.0,-3.6,-4.4,1.4,22.8,-6.0,-2.3,4.2,2,3
1514,30.28,-0.07,299.0,8.78,12.04,-0.11,-121.97,860.99,0.0,1058.65,1515.0,7.64,9.7,0.89,0.13,0.17,0.03,-1.32,-1.32,-1.65,-1.38,1.66,-1.24,-1.38,1.66,-1.24,107.0,0.0,0.0,0.0,28.2,28.4,-92.3,-7.5,59.6,-156.0,5.3,30.8,-48.0,-14.1,40.7,-80.3,-14.4,5.8,0.7,8.7,-11.2,-19.5,1.1,-4.5,22.8,6.8,-3.0,1.6,2,3
1516,30.32,-0.07,299.4,8.79,12.06,-0.11,-122.12,862.14,0.0,1060.07,1517.0,7.64,9.7,0.89,0.11,0.12,-0.1,-0.58,-0.67,-1.43,-0.69,0.93,-1.22,-0.69,0.93,-1.22,66.1,0.0,103.4,118.1,31.9,28.1,-87.2,-2.2,60.8,-156.0,8.3,30.2,-48.0,-10.8,42.6,-79.6,-8.5,3.2,8.5,-4.8,0.7,-19.7,-2.0,-9.2,21.2,14.2,-12.6,-7.4,2,3
1518,30.36,-0.07,299.79,8.79,12.08,-0.11,-122.22,863.28,0.0,1061.55,1519.0,7.65,9.7,0.88,0.09,0.16,-0.33,0.71,1.2,-0.93,1.21,-0.4,-1.09,1.21,-0.4,-1.09,0.0,0.0,96.8,98.9,36.7,19.3,-76.8,-5.4,59.3,-156.0,13.3,26.8,-48.0,-5.3,48.0,-95.0,-1.9,3.4,-2.9,4.3,-2.8,-19.7,-8.5,-18.1,15.0,8.2,-12.8,-6.8,2,3
1520,30.4,-0.07,300.19,8.8,12.09,-0.12,-122.31,864.43,0.0,1063.01,1521.0,7.66,9.7,0.88,0.04,0.16,0.09,0.1,-0.32,-1.37,-0.25,0.33,-1.35,-0.25,0.33,-1.35,0.0,49.1,94.6,90.5,35.0,19.6,-81.6,-5.0,60.3,-156.0,14.2,23.9,-48.0,-3.1,51.9,-100.2,-1.6,4.3,-1.0,5.8,-2.6,-19.7,-15.1,-19.6,13.1,5.3,-11.0,-4.4,2,3
1522,30.44,-0.07,300.59,8.8,12.11,-0.12,-122.37,865.56,0.0,1064.5,1523.0,7.66,9.69,0.88,0.05,0.15,0.0,1.47,0.0,-1.52,-0.0,-0.93,-1.9,-0.0,-0.93,-1.9,38.9,80.6,95.2,7.9,32.9,24.6,-88.9,-7.3,60.1,-156.0,12.8,22.5,-48.0,-3.5,52.4,-102.7,-2.7,2.1,-3.2,10.9,-3.7,-19.7,-17.7,-19.9,15.0,3.6,-1.2,-4.4,2,3
1524,30.48,-0.07,300.98,8.8,12.12,-0.12,-122.43,866.69,0.0,1065.99,1525.0,7.67,9.69,0.88,0.03,0.16,0.03,1.45,-0.39,-1.69,-0.33,-0.8,-2.09,-0.33,-0.8,-2.09,70.5,86.5,58.4,4.3,28.7,26.2,-91.6,-12.1,59.7,-156.0,9.0,23.1,-48.0,-6.5,53.8,-104.8,-6.6,4.1,-0.1,13.0,-18.4,6.8,-10.0,-5.8,22.8,-1.1,-0.4,1.0,2,3
1526,30.52,-0.07,301.38,8.8,12.14,-0.12,-122.59,867.83,0.0,1067.38,1527.0,7.67,9.69,0.88,-0.0,0.15,0.12,-1.85,-0.68,-2.07,0.12,2.44,-1.49,0.12,2.44,-1.49,136.6,0.0,0.0,59.6,28.6,29.3,-91.1,-16.6,54.2,-153.8,7.7,28.4,-48.0,-11.5,49.4,-97.1,-14.6,3.8,2.5,15.2,-8.9,-18.2,-0.7,-5.3,22.8,2.2,-6.4,4.5,2,3
1528,30.56,-0.07,301.78,8.8,12.16,-0.12,-122.73,868.97,0.0,1068.8,1529.0,7.68,9.69,0.89,0.01,0.12,0.08,-1.7,-0.44,-1.8,0.26,2.17,-1.25,0.26,2.17,-1.25,48.5,0.0,44.7,76.8,34.9,32.7,-88.7,-9.7,53.4,-156.0,9.6,30.3,-48.0,-10.7,43.7,-87.5,-13.2,5.5,4.7,3.0,2.3,-19.7,-0.1,-7.2,21.7,9.3,-4.8,-2.1,2,3
1530,30.6,-0.07,302.18,8.81,12.18,-0.12,-122.81,870.12,0.0,1070.29,1531.0,7.68,9.68,0.88,0.02,0.14,-0.21,1.05,0.47,-1.19,0.13,-0.79,-1.45,0.13,-0.79,-1.45,27.9,0.0,82.7,105.4,37.8,29.1,-80.9,-6.1,58.2,-156.0,11.7,29.9,-48.0,-7.8,46.3,-94.1,-6.9,5.4,0.6,2.8,-1.1,-19.7,-7.1,-12.3,19.7,11.1,-10.7,-5.6,2,3
1532,30.64,-0.07,302.58,8.81,12.19,-0.12,-122.92,871.27,0.0,1071.73,1533.0,7.69,9.68,0.88,-0.01,0.15,0.03,1.42,-0.33,-1.31,-0.69,-0.71,-1.69,-0.69,-0.71,-1.69,61.8,89.8,112.0,103.6,36.6,23.9,-82.0,-4.8,59.9,-156.0,12.7,24.7,-48.0,-5.5,49.0,-102.0,0.6,4.5,-2.3,5.7,-1.3,-19.7,-10.6,-19.7,10.8,8.0,-9.8,-2.4,2,3
1534,30.68,-0.07,302.97,8.81,12.21,-0.12,-122.98,872.41,0.0,1073.23,1535.0,7.69,9.68,0.88,-0.04,0.15,0.05,0.98,0.04,-1.58,-0.15,-0.44,-1.8,-0.15,-0.44,-1.8,31.3,73.1,87.5,54.4,34.8,25.4,-84.3,-5.7,59.7,-156.0,11.7,23.8,-48.0,-5.5,50.0,-103.0,-3.9,-0.9,-1.7,8.6,-4.2,-19.7,-14.0,-20.1,12.9,6.1,-5.8,-3.5,2,3
1536,30.72,-0.07,303.37,8.81,12.22,-0.12,-123.04,873.55,0.0,1074.72,1537.0,7.7,9.68,0.88,-0.01,0.14,-0.06,1.11,0.21,-1.4,-0.09,-0.66,-1.67,-0.09,-0.66,-1.67,71.3,86.6,91.3,7.6,32.8,26.4,-91.9,-7.0,59.9,-156.0,10.9,22.3,-48.0,-3.0,51.9,-106.3,-6.7,3.2,-5.2,15.5,-7.9,-18.9,-17.4,-20.1,21.3,1.3,-0.6,-0.1,2,3
1538,30.76,-0.07,303.77,8.81,12.24,-0.12,-123.16,874.68,0.0,1076.15,1539.0,7.71,9.68,0.88,-0.04,0.16,0.03,1.73,-0.71,-1.94,-1.03,-0.5,-2.44,-1.03,-0.5,-2.44,89.2,65.7,30.4,0.0,29.1,29.6,-95.6,-12.7,58.5,-156.0,7.2,23.7,-48.0,-6.4,52.5,-103.5,-9.5,3.1,-0.7,15.4,-18.5,4.7,-4.8,2.6,22.8,-4.5,-2.7,5.0,2,3
1540,30.8,-0.07,304.17,8.81,12.26,-0.12,-123.32,875.82,0.0,1077.54,1541.0,7.71,9.67,0.88,-0.04,0.12,0.02,-1.54,-1.12,-1.94,0.6,2.19,-1.49,0.6,2.19,-1.49,31.1,0.0,0.0,61.0,30.2,32.3,-93.2,-12.2,57.1,-156.0,5.5,31.4,-48.0,-12.6,44.2,-84.7,-13.2,5.0,2.6,11.1,-0.8,-19.8,1.4,-4.0,22.8,4.5,-4.7,1.2,2,3
1542,30.84,-0.07,304.57,8.81,12.27,-0.12,-123.4,876.98,0.0,1079.04,1543.0,7.71,9.67,0.88,-0.02,0.07,-0.15,0.09,-0.66,-1.58,-0.24,0.68,-1.56,-0.24,0.68,-1.56,95.4,0.0,38.1,83.4,33.7,35.1,-90.6,-5.3,60.4,-156.0,7.0,32.7,-48.0,-11.5,44.5,-81.7,-9.7,8.8,8.3,-3.0,4.9,-19.7,-2.5,-9.2,20.8,14.4,-6.8,-7.2,2,3
1544,30.88,-0.07,304.97,8.81,12.29,-0.12,-123.5,878.13,0.0,1080.51,1545.0,7.72,9.67,0.87,-0.03,0.08,-0.42,0.84,0.46,-1.3,-0.07,-0.7,-1.46,-0.07,-0.7,-1.46,18.3,0.0,90.8,100.3,36.4,33.3,-84.0,-7.3,64.0,-156.0,8.2,33.0,-48.0,-9.3,51.1,-93.2,-3.1,2.1,-2.5,4.1,-4.0,-19.7,-6.4,-16.5,15.5,9.1,-11.6,-4.7,2,3
1546,30.92,-0.07,305.37,8.81,12.3,-0.12,-123.57,879.29,0.0,1082.01,1547.0,7.72,9.67,0.87,-0.16,0.08,0.22,0.16,-0.53,-1.54,-0.12,0.53,-1.54,-0.12,0.53,-1.54,37.3,55.5,82.3,88.1,35.1,31.7,-88.0,-4.9,62.7,-156.0,8.7,30.4,-48.0,-7.8,52.2,-94.8,-1.5,0.6,0.2,6.3,-3.3,-19.7,-13.8,-19.9,11.5,6.9,-10.0,-5.2,2,3
1548,30.96,-0.07,305.76,8.81,12.32,-0.12,-123.61,880.44,0.0,1083.53,1549.0,7.73,9.67,0.88,-0.16,0.06,-0.02,0.1,0.73,-1.23,0.62,-0.49,-1.2,0.62,-0.49,-1.2,30.8,89.8,89.5,36.4,34.7,27.6,-89.0,-5.6,61.0,-156.0,10.0,26.6,-48.0,-5.6,50.1,-95.1,-4.4,-0.8,-1.5,11.9,-4.0,-19.7,-17.7,-21.1,15.4,4.9,-5.0,-5.5,2,3
1550,31.0,-0.07,306.16,8.81,12.33,-0.12,-123.66,881.59,0.0,1085.04,1551.0,7.74,9.68,0.88,-0.16,0.06,0.02,0.8,-0.07,-1.41,-0.33,-0.18,-1.58,-0.33,-0.18,-1.58,0.0,69.4,85.7,12.3,32.2,24.3,-92.8,-6.2,60.6,-156.0,9.6,24.5,-48.0,-4.8,50.1,-97.2,-7.6,3.5,0.1,15.7,-11.7,-17.2,-15.6,-19.8,21.7,0.0,-2.2,-5.1,2,3
1552,31.04,-0.07,306.56,8.81,12.35,-0.12,-123.73,882.73,0.0,1086.53,1553.0,7.74,9.68,0.88,-0.16,0.05,0.04,0.23,-0.3,-1.89,0.19,0.3,-1.89,0.19,0.3,-1.89,82.7,15.7,41.3,55.5,30.3,25.0,-93.4,-9.2,58.5,-156.0,7.7,25.0,-48.0,-8.9,47.4,-98.0,-8.5,6.0,3.0,15.3,-10.0,-12.6,-2.4,-1.6,22.8,-2.7,-7.6,2.5,2,3
1554,31.08,-0.07,306.96,8.81,12.36,-0.12,-123.82,883.88,0.0,1088.0,1555.0,7.75,9.68,0.88,-0.11,0.02,-0.05,-0.38,-0.86,-1.86,0.5,1.05,-1.73,0.5,1.05,-1.73,92.4,2.1,0.0,93.0,32.6,29.8,-91.5,-5.1,60.7,-156.0,9.5,29.2,-48.0,-13.8,42.0,-89.9,-12.5,12.8,2.3,6.7,9.0,-19.7,-0.2,-3.7,22.3,8.4,-3.4,2.5,2,3
1556,31.12,-0.07,307.36,8.81,12.38,-0.12,-123.94,885.03,0.0,1089.45,1557.0,7.75,9.68,0.88,-0.01,-0.01,-0.34,0.33,-1.33,-1.88,-0.3,1.23,-1.94,-0.3,1.23,-1.94,35.9,0.0,60.3,86.9,34.7,42.3,-88.9,-5.3,75.8,-156.0,9.7,34.2,-48.0,-15.6,46.9,-86.4,-9.5,6.6,1.9,-1.6,-7.3,-19.7,-5.5,-7.2,20.6,13.8,-8.3,-5.8,2,3
1558,31.16,-0.07,307.75,8.81,12.39,-0.12,-124.07,886.19,0.0,1090.88,1559.0,7.76,9.68,0.86,-0.14,0.01,-0.28,0.6,0.67,-1.4,-0.11,-0.74,-1.49,-0.11,-0.74,-1.49,0.0,0.0,82.2,131.1,39.1,42.3,-86.3,-8.8,69.0,-156.0,11.3,34.9,-48.0,-13.4,51.8,-93.1,-0.3,-3.4,-2.9,7.6,-4.4,-19.7,-10.5,-19.3,14.9,10.5,-9.7,-2.1,2,3
1560,31.2,-0.07,308.15,8.81,12.41,-0.12,-124.2,887.35,0.0,1092.32,1561.0,7.77,9.68,0.87,-0.24,-0.02,0.27,-0.13,-0.19,-1.35,0.4,0.24,-1.29,0.4,0.24,-1.29,42.4,0.0,86.1,94.7,35.8,34.4,-90.0,-2.5,65.1,-156.0,12.3,31.8,-48.0,-10.7,51.4,-92.2,-2.8,-0.7,-1.7,6.5,-5.7,-19.7,-15.6,-20.8,15.3,9.2,-11.4,-7.3,2,3
1562,31.24,-0.07,308.55,8.81,12.42,-0.12,-124.26,888.5,0.0,1093.82,1563.0,7.77,9.69,0.87,-0.21,-0.03,-0.02,0.65,0.72,-1.26,-0.19,-0.79,-1.37,-0.19,-0.79,-1.37,50.7,95.9,90.6,39.5,34.4,28.5,-91.6,-3.3,62.7,-156.0,14.0,26.2,-48.0,-7.3,50.4,-94.7,-5.3,0.5,-0.1,13.3,-5.3,-19.7,-18.2,-21.3,18.0,3.9,-4.0,-7.5,2,3
1564,31.28,-0.07,308.94,8.81,12.44,-0.12,-124.31,889.64,0.0,1095.33,1565.0,7.78,9.69,0.88,-0.2,-0.04,0.03,1.0,0.1,-1.67,-0.48,-0.25,-1.87,-0.48,-0.25,-1.87,39.8,72.6,83.5,28.6,32.5,26.5,-91.7,-6.3,61.3,-156.0,12.1,24.1,-48.0,-7.4,50.5,-98.7,-5.2,0.8,-0.2,16.1,-13.3,-13.0,-13.1,-18.0,22.6,-1.7,-6.4,-4.1,2,3
1566,31.32,-0.07,309.34,8.81,12.45,-0.12,-124.36,890.78,0.0,1096.83,1567.0,7.79,9.69,0.88,-0.18,-0.07,0.02,-0.33,-0.45,-1.89,0.85,0.32,-1.75,0.85,0.32,-1.75,103.5,69.0,26.3,52.7,32.9,26.5,-89.6,-5.7,60.3,-156.0,12.4,25.2,-48.0,-11.9,44.6,-95.0,-11.1,8.0,0.4,11.2,-3.9,-19.0,-0.6,-1.0,22.8,1.1,-6.3,1.9,2,3
1568,31.36,-0.07,309.74,8.81,12.47,-0.12,-124.45,891.93,0.0,1098.3,1569.0,7.79,9.69,0.88,-0.04,-0.09,-0.19,1.13,-1.33,-2.11,-0.44,1.27,-2.38,-0.44,1.27,-2.38,144.0,20.9,0.0,79.0,34.1,36.2,-91.8,-2.9,67.6,-156.0,14.4,28.8,-48.0,-16.1,42.6,-87.0,-15.3,15.2,1.7,-1.0,0.7,-19.7,-1.7,-2.8,21.9,13.3,-2.9,-3.5,2,3
1570,31.4,-0.07,310.13,8.81,12.48,-0.12,-124.56,893.08,0.0,1099.75,1571.0,7.8,9.7,0.86,-0.02,-0.14,-0.45,0.79,-0.77,-1.58,-0.33,0.69,-1.77,-0.33,0.69,-1.77,5.7,0.0,94.3,104.0,32.0,50.5,-97.0,-9.6,71.8,-156.0,12.4,34.6,-48.0,-19.5,50.0,-83.2,-1.8,-2.6,2.7,3.5,-3.7,-19.7,-11.9,-12.5,18.3,12.5,-11.1,-6.3,2,3
1572,31.44,-0.07,310.53,8.81,12.49,-0.12,-124.69,894.22,0.0,1101.17,1573.0,7.8,9.7,0.86,-0.19,-0.14,0.12,-1.22,0.35,-1.57,1.4,-0.8,-1.21,1.4,-0.8,-1.21,25.7,56.9,88.6,94.0,34.0,47.7,-97.0,-5.5,68.9,-156.0,14.2,31.9,-48.0,-16.4,52.1,-85.2,-2.0,-1.5,1.2,7.1,-5.4,-19.7,-16.1,-19.9,13.2,10.4,-9.9,-9.3,2,3
1574,31.48,-0.07,310.92,8.81,12.5,-0.12,-124.76,895.37,0.0,1102.65,1575.0,7.81,9.71,0.87,-0.24,-0.15,0.13,0.13,1.14,-1.12,-0.18,-1.19,-1.06,-0.18,-1.19,-1.06,0.0,33.1,96.0,71.9,34.2,35.8,-92.0,-3.2,65.5,-156.0,17.6,26.2,-48.0,-10.7,50.2,-85.1,-3.0,-0.2,0.5,8.9,-6.9,-19.7,-17.3,-20.8,16.1,6.5,-11.5,-11.8,2,3
1576,31.52,-0.07,311.32,8.81,12.52,-0.12,-124.84,896.51,0.0,1104.12,1577.0,7.82,9.71,0.87,-0.14,-0.16,0.06,1.89,0.25,-1.72,-1.34,0.07,-2.18,-1.34,0.07,-2.18,17.1,82.6,93.2,50.2,32.9,27.5,-89.5,-5.4,62.9,-156.0,18.6,20.5,-48.0,-7.2,50.5,-90.4,-4.3,-2.2,-0.9,15.4,-11.9,-18.8,-18.2,-20.5,20.9,2.7,-7.4,-9.2,2,3
1578,31.56,-0.07,311.71,8.81,12.53,-0.12,-124.9,897.64,0.0,1105.61,1579.0,7.83,9.71,0.87,-0.13,-0.17,0.08,0.94,0.3,-1.94,-0.46,-0.37,-2.1,-0.46,-0.37,-2.1,52.5,0.0,57.2,41.0,30.5,25.0,-87.5,-10.6,60.0,-156.0,16.1,19.2,-48.0,-9.6,50.2,-97.5,-4.5,4.0,1.7,15.0,-14.8,-9.1,-9.4,-7.1,22.7,-2.5,-8.6,-2.8,2,3
1580,31.6,-0.07,312.11,8.81,12.55,-0.12,-124.94,898.77,0.0,1107.1,1581.0,7.83,9.72,0.88,-0.05,-0.2,0.02,0.13,-0.08,-2.18,0.47,-0.42,-2.1,0.47,-0.42,-2.1,124.6,93.1,0.0,89.4,32.6,27.4,-87.1,-7.0,60.7,-156.0,16.8,21.5,-48.0,-11.5,45.7,-93.3,-13.4,12.6,-1.9,8.3,4.2,-19.7,-0.3,0.7,22.6,4.5,-6.9,1.0,2,3
1582,31.64,-0.07,312.5,8.81,12.56,-0.12,-125.04,899.9,0.0,1108.54,1583.0,7.84,9.73,0.87,0.11,-0.23,-0.22,1.57,-1.04,-2.11,-0.19,1.14,-2.58,-0.19,1.14,-2.58,120.0,0.0,72.7,57.5,32.5,41.6,-94.9,-6.7,64.2,-156.0,15.1,26.0,-48.0,-16.5,45.2,-84.7,-14.2,6.5,2.9,-0.3,1.7,-19.7,-5.5,-7.4,19.8,14.2,-4.1,-7.1,2,3
1584,31.68,-0.07,312.89,8.82,12.58,-0.12,-125.15,901.02,0.0,1109.97,1585.0,7.84,9.73,0.86,0.01,-0.28,-0.07,-1.52,-0.07,-1.84,1.45,-1.41,-1.26,1.45,-1.41,-1.26,38.5,75.2,102.7,101.5,29.5,48.3,-100.4,-9.9,67.4,-156.0,12.4,28.3,-48.0,-18.9,49.5,-83.6,-3.1,0.1,-2.1,4.0,-2.7,-19.7,-15.6,-15.3,7.3,8.8,-10.2,-2.7,2,3
1586,31.72,-0.07,313.28,8.82,12.59,-0.12,-125.22,902.15,0.0,1111.43,1587.0,7.85,9.74,0.86,-0.02,-0.28,0.06,0.72,0.46,-1.62,-0.56,-0.37,-1.7,-0.56,-0.37,-1.7,5.5,84.8,97.1,65.1,32.1,43.1,-98.2,-8.0,65.2,-156.0,14.9,24.9,-48.0,-14.5,48.9,-83.9,-0.5,-1.9,3.6,8.0,-3.4,-19.7,-17.6,-19.7,10.0,6.4,-9.5,-10.2,2,3
1588,31.76,-0.07,313.68,8.82,12.6,-0.12,-125.26,903.27,0.0,1112.91,1589.0,7.86,9.75,0.86,0.04,-0.27,0.08,1.5,0.04,-1.74,-0.74,0.37,-2.14,-0.74,0.37,-2.14,29.0,82.8,91.5,60.7,31.0,33.2,-88.9,-8.7,64.3,-156.0,15.2,22.5,-48.0,-12.4,50.6,-88.7,-2.4,2.1,2.0,10.7,-6.6,-17.2,-17.4,-18.9,14.0,4.7,-6.9,-10.0,2,3
1590,31.8,-0.07,314.07,8.83,12.61,-0.12,-125.34,904.38,0.0,1114.35,1591.0,7.87,9.76,0.87,0.08,-0.25,0.16,1.39,-0.43,-2.05,-0.28,0.44,-2.46,-0.28,0.44,-2.46,52.5,165.8,33.5,8.4,28.7,30.2,-83.8,-13.2,62.0,-154.7,13.1,22.9,-48.0,-12.7,54.9,-99.8,-5.6,5.0,0.9,11.3,-20.3,21.1,-8.2,3.1,22.5,-0.6,-1.2,-0.9,2,3
1592,31.84,-0.07,314.46,8.83,12.63,-0.12,-125.55,905.51,0.0,1115.69,1593.0,7.87,9.77,0.87,0.1,-0.24,0.28,-4.91,-2.08,-2.92,4.64,-3.71,-1.3,4.64,-3.71,-1.3,64.5,0.0,0.0,54.8,31.0,34.9,-90.9,-24.6,43.5,-129.6,13.3,36.6,-48.0,-13.9,51.7,-98.2,-15.7,-1.0,1.5,15.0,-12.4,-17.8,2.4,-7.3,22.8,2.7,-6.0,2.8,1,3
1594,31.88,-0.07,314.85,8.85,12.64,-0.12,-125.88,906.64,0.0,1116.91,1595.0,7.87,9.78,0.88,0.18,-0.29,0.13,-4.96,-1.63,-2.1,4.13,-3.8,-0.41,4.13,-3.8,-0.41,43.5,0.0,0.0,52.9,41.7,32.0,-93.2,-15.9,24.9,-156.0,19.1,38.9,-48.0,-8.4,40.3,-86.6,-14.6,2.9,2.1,7.6,13.4,-18.0,-2.0,-10.0,22.1,11.2,-2.8,-2.5,2,3
1596,31.92,-0.07,315.25,8.87,12.66,-0.12,-126.05,907.76,0.0,1118.3,1597.0,7.88,9.8,0.88,0.28,-0.23,0.02,2.73,-0.2,-1.27,-0.5,2.43,-1.72,-0.5,2.43,-1.72,0.0,0.0,72.5,120.6,42.9,29.7,-89.3,-8.6,46.3,-156.0,21.0,36.7,-48.0,-6.0,42.7,-89.8,-17.2,13.5,-0.1,2.7,1.0,-19.7,-6.8,-16.9,17.3,15.4,-6.4,-2.0,2,3
1598,31.96,-0.07,315.65,8.89,12.68,-0.12,-126.17,908.9,0.0,1119.75,1599.0,7.88,9.81,0.88,0.19,-0.18,-0.2,2.31,1.53,-1.06,-1.97,1.38,-1.73,-1.97,1.38,-1.73,0.0,0.0,59.7,86.1,36.4,31.2,-92.0,-3.3,58.7,-156.0,16.2,37.7,-48.0,-11.6,45.1,-91.5,3.0,-0.0,-1.9,0.4,0.1,-19.7,-12.0,-18.9,3.9,9.5,-3.9,-1.4,2,3
1600,32.0,-0.07,316.04,8.9,12.69,-0.12,-126.28,910.04,0.0,1121.2,1601.0,7.89,9.82,0.87,0.2,-0.18,-0.05,4.81,1.72,-1.15,-2.86,3.47,-2.68,-2.86,3.47,-2.68,0.0,117.8,113.1,69.9,37.7,28.9,-91.8,-1.8,63.1,-156.0,12.4,28.9,-48.0,-14.1,42.8,-97.4,-2.0,-2.7,-0.1,8.1,-9.5,-19.7,-12.1,-19.0,7.3,10.0,-4.7,-1.9,2,3
1602,32.04,-0.07,316.44,8.91,12.71,-0.12,-126.37,911.18,0.0,1122.68,1603.0,7.89,9.83,0.88,0.18,-0.18,0.2,1.16,-0.0,-1.29,-0.19,0.64,-1.6,-0.19,0.64,-1.6,61.3,47.6,55.3,18.8,33.7,26.6,-88.5,-3.2,62.3,-156.0,10.6,27.6,-48.0,-13.0,45.7,-100.1,-6.8,2.6,-3.2,9.3,-10.0,-14.1,-13.0,-17.0,20.4,5.4,1.7,-1.6,2,3
1604,32.08,-0.07,316.83,8.93,12.72,-0.12,-126.46,912.32,0.0,1124.15,1605.0,7.9,9.84,0.88,0.2,-0.13,0.23,1.0,-0.33,-1.75,0.15,0.38,-2.01,0.15,0.38,-2.01,90.8,133.3,14.6,5.7,29.9,26.3,-89.0,-10.2,58.4,-152.4,8.0,28.6,-48.0,-11.8,49.3,-102.5,-10.5,6.2,2.3,12.3,-19.7,17.0,-2.5,2.9,22.8,-0.9,0.2,4.8,2,3
1606,32.12,-0.07,317.23,8.95,12.74,-0.12,-126.64,913.46,0.0,1125.54,1607.0,7.9,9.85,0.89,0.22,-0.16,0.22,-2.6,-0.97,-2.14,1.29,-3.0,-1.27,1.29,-3.0,-1.27,51.1,0.0,0.0,0.0,30.1,28.5,-90.8,-18.4,46.0,-152.9,8.9,36.4,-48.0,-12.8,45.3,-89.4,-14.7,-0.2,-0.2,15.1,-8.3,-18.8,0.3,-3.8,22.8,3.0,-3.4,6.0,2,3
1608,32.16,-0.07,317.63,8.97,12.76,-0.12,-126.83,914.59,0.0,1126.92,1609.0,7.91,9.86,0.89,0.28,-0.17,0.12,-2.98,-0.73,-1.56,1.05,-3.22,-0.63,1.05,-3.22,-0.63,49.5,0.0,147.1,115.4,36.1,27.6,-90.1,-10.3,41.7,-156.0,14.4,33.7,-48.0,-7.6,41.9,-82.7,-12.4,2.3,5.4,-1.1,2.1,-19.7,-1.1,-8.7,21.5,13.9,-9.4,-5.6,2,3
1610,32.2,-0.07,318.02,8.99,12.78,-0.12,-126.94,915.72,0.0,1128.38,1611.0,7.91,9.87,0.89,0.26,-0.14,-0.08,1.96,0.73,-0.93,-0.54,1.65,-1.5,-0.54,1.65,-1.5,0.0,0.0,55.1,42.5,38.2,24.3,-82.3,-6.6,50.4,-156.0,18.0,33.9,-48.0,-4.5,45.9,-88.8,-11.3,5.6,-0.6,5.6,-1.2,-19.7,-7.2,-19.2,14.8,10.8,-10.7,-8.7,2,3
1612,32.24,-0.07,318.42,9.01,12.79,-0.12,-127.06,916.86,0.0,1129.82,1613.0,7.92,9.88,0.88,0.27,-0.11,-0.32,2.61,2.46,-0.63,-2.3,2.35,-1.56,-2.3,2.35,-1.56,0.0,0.0,68.9,77.1,37.6,21.5,-87.8,-2.1,58.1,-156.0,16.1,27.5,-48.0,-6.0,46.4,-98.4,-2.0,7.2,2.6,3.6,-0.4,-19.7,-15.1,-19.5,2.1,7.1,-6.5,-1.1,2,3
1614,32.28,-0.07,318.81,9.03,12.81,-0.12,-127.18,917.99,0.0,1131.27,1615.0,7.93,9.89,0.88,0.19,-0.1,0.27,1.93,-0.6,-1.3,0.65,1.28,-1.93,0.65,1.28,-1.93,38.3,32.7,57.1,25.8,32.7,25.2,-86.9,-4.3,62.9,-156.0,10.6,24.0,-48.0,-9.2,48.8,-102.5,-3.5,2.5,-2.1,9.2,-5.6,-19.7,-11.7,-19.0,10.5,7.2,-0.9,-1.4,2,3
1616,32.32,-0.07,319.21,9.05,12.82,-0.12,-127.23,919.12,0.0,1132.78,1617.0,7.93,9.9,0.88,0.23,-0.07,0.15,2.06,-0.21,-1.41,0.28,1.41,-2.05,0.28,1.41,-2.05,76.6,101.9,45.5,0.0,29.0,27.5,-90.9,-7.8,60.8,-155.9,8.5,24.6,-48.0,-7.5,53.1,-105.5,-7.6,4.9,-2.8,13.3,-18.6,10.4,-11.1,-2.2,22.4,-3.7,4.6,2.0,2,3
1618,32.36,-0.07,319.6,9.06,12.84,-0.12,-127.39,920.25,0.0,1134.18,1619.0,7.94,9.91,0.89,0.22,-0.04,0.2,-2.19,-1.97,-2.4,1.02,-3.21,-1.77,1.02,-3.21,-1.77,135.5,0.0,0.0,0.0,24.8,32.8,-97.8,-24.0,47.8,-139.5,6.1,38.0,-48.0,-10.8,58.8,-91.3,-14.8,3.0,4.4,14.9,-13.8,-9.1,2.1,-5.4,22.8,0.2,-10.6,2.1,1,3
1620,32.4,-0.07,320.0,9.08,12.86,-0.12,-127.68,921.4,0.0,1135.46,1621.0,7.94,9.92,0.89,0.2,-0.1,0.13,-5.7,-1.86,-2.01,-0.07,-6.31,-0.42,-0.07,-6.31,-0.42,39.0,0.0,0.0,0.0,29.5,30.4,-100.2,-25.1,26.1,-156.0,13.2,45.7,-48.0,-5.8,45.5,-78.2,-11.6,2.3,3.4,13.9,7.9,-4.7,-0.3,-8.4,22.8,6.6,-2.9,-2.0,2,3
1622,32.44,-0.07,320.4,9.1,12.88,-0.12,-127.9,922.53,0.0,1136.81,1623.0,7.95,9.93,0.89,0.3,-0.12,0.04,-1.76,-0.87,-1.52,0.36,-2.27,-0.94,0.36,-2.27,-0.94,9.2,0.0,83.5,39.7,40.7,27.4,-87.2,-9.8,33.0,-156.0,21.0,34.3,-48.0,2.2,48.1,-83.3,-13.7,3.1,8.6,-1.1,7.7,-19.7,-4.0,-16.1,21.6,14.5,-10.9,-9.1,2,3
1624,32.48,-0.07,320.8,9.12,12.9,-0.12,-128.05,923.66,0.0,1138.23,1625.0,7.96,9.93,0.89,0.15,-0.05,-0.18,2.71,1.53,-0.73,-0.15,2.82,-1.49,-0.15,2.82,-1.49,0.0,0.0,52.0,36.4,40.7,19.7,-76.0,-1.8,55.9,-156.0,22.0,31.6,-48.0,3.4,52.7,-94.3,-1.0,1.8,-4.1,1.6,-2.2,-19.7,-6.5,-20.2,11.2,8.2,-10.3,-8.5,2,3
1626,32.52,-0.07,321.19,9.13,12.91,-0.12,-128.19,924.81,0.0,1139.66,1627.0,7.96,9.94,0.88,0.19,-0.06,-0.02,5.75,0.44,-0.92,2.11,4.86,-2.44,2.11,4.86,-2.44,0.0,21.7,111.5,60.5,38.4,16.7,-84.0,-1.0,61.6,-156.0,16.4,22.3,-48.0,0.2,50.8,-103.6,1.2,5.0,-0.3,7.1,-9.4,-19.7,-13.6,-18.8,2.8,5.9,-8.3,-2.2,2,3
1628,32.56,-0.07,321.59,9.14,12.93,-0.12,-128.28,925.95,0.0,1141.14,1629.0,7.97,9.94,0.88,0.11,-0.05,0.18,1.49,-0.19,-1.43,0.64,0.85,-1.78,0.64,0.85,-1.78,45.6,20.9,60.8,14.1,31.5,25.8,-87.4,-5.3,61.6,-156.0,11.5,21.0,-48.0,-2.9,52.6,-104.5,-5.0,1.8,-2.1,9.3,-11.1,-18.8,-14.2,-16.4,17.7,5.2,0.7,1.3,2,3
1630,32.6,-0.07,321.99,9.15,12.95,-0.12,-128.33,927.09,0.0,1142.65,1631.0,7.97,9.94,0.89,0.12,-0.04,0.1,2.21,0.01,-1.48,0.83,1.53,-2.01,0.83,1.53,-2.01,102.3,0.0,55.2,0.0,27.1,27.5,-91.8,-12.4,57.8,-156.0,7.4,21.5,-48.0,-3.2,55.0,-101.4,-10.3,2.7,-2.7,16.5,-14.1,-1.3,-8.9,-1.7,22.8,-5.9,-2.1,1.4,2,3
1632,32.64,-0.07,322.39,9.16,12.96,-0.12,-128.42,928.22,0.0,1144.12,1633.0,7.98,9.95,0.89,0.14,-0.05,0.03,-0.52,-0.6,-1.55,-0.26,-0.97,-1.43,-0.26,-0.97,-1.43,116.6,0.0,0.0,0.0,25.8,29.3,-91.2,-11.5,59.4,-156.0,5.9,28.4,-48.0,-12.3,47.9,-88.3,-14.9,5.8,-0.9,12.6,-16.9,-14.7,1.2,-2.4,22.8,2.8,-3.9,2.4,2,3
1634,32.68,-0.07,322.79,9.17,12.98,-0.12,-128.56,929.37,0.0,1145.55,1635.0,7.98,9.95,0.89,0.15,-0.05,-0.06,-0.79,-0.49,-1.23,-0.42,-1.06,-1.03,-0.42,-1.06,-1.03,109.0,0.0,0.0,94.2,28.9,31.3,-91.7,-5.8,61.4,-156.0,7.7,29.5,-48.0,-10.7,46.1,-84.3,-11.4,12.4,6.0,-1.9,1.1,-19.7,0.9,-5.9,20.9,14.4,-8.9,-3.9,2,3
1636,32.72,-0.07,323.18,9.19,13.0,-0.12,-128.64,930.51,0.0,1147.05,1637.0,7.99,9.95,0.88,0.17,-0.05,-0.29,0.63,0.03,-0.98,0.2,0.34,-1.09,0.2,0.34,-1.09,27.6,0.0,91.5,108.1,31.9,31.9,-89.6,-5.3,62.9,-156.0,11.3,28.5,-48.0,-6.1,52.7,-90.9,-5.1,4.4,0.1,5.8,-3.2,-19.7,-6.9,-14.8,16.6,7.8,-14.0,-4.6,2,3
1638,32.76,-0.07,323.58,9.2,13.01,-0.12,-128.71,931.66,0.0,1148.54,1639.0,7.99,9.95,0.87,0.08,-0.02,0.14,0.1,-0.62,-1.19,0.23,-0.55,-1.21,0.23,-0.55,-1.21,31.2,28.4,98.3,81.3,33.6,29.3,-91.7,-4.7,63.9,-156.0,14.7,24.7,-48.0,-1.7,55.0,-94.1,-2.3,1.1,-0.1,7.4,-5.4,-19.7,-14.5,-19.3,11.3,4.1,-10.6,-5.5,2,3
1640,32.8,-0.07,323.98,9.2,13.03,-0.12,-128.75,932.81,0.0,1150.06,1641.0,7.99,9.95,0.87,0.05,-0.01,0.04,0.44,0.65,-1.09,-0.36,0.64,-1.13,-0.36,0.64,-1.13,0.0,76.7,100.0,44.2,32.6,26.1,-91.1,-5.7,61.8,-156.0,15.4,22.5,-48.0,-0.6,54.1,-94.0,-4.1,-0.6,-1.0,10.8,-6.1,-19.7,-16.4,-20.6,15.1,3.9,-7.4,-6.3,2,3
1642,32.84,-0.07,324.37,9.2,13.04,-0.12,-128.81,933.95,0.0,1151.55,1643.0,7.99,9.96,0.88,0.04,0.0,0.07,2.0,-0.01,-1.39,1.11,1.05,-1.89,1.11,1.05,-1.89,0.0,63.6,88.7,27.7,29.9,24.1,-94.3,-8.8,61.0,-156.0,13.6,20.8,-48.0,-1.3,54.2,-96.7,-4.9,0.7,0.9,15.5,-14.9,-17.5,-17.5,-18.1,20.5,-1.8,-4.3,-4.6,2,3
1644,32.88,-0.07,324.77,9.21,13.06,-0.12,-128.88,935.07,0.0,1153.03,1645.0,8.0,9.96,0.88,0.03,0.01,0.09,0.6,-0.11,-1.8,-0.05,0.17,-1.89,-0.05,0.17,-1.89,72.8,0.0,30.7,53.2,26.0,25.7,-92.9,-14.5,58.8,-156.0,9.6,22.8,-48.0,-8.5,52.4,-99.3,-7.4,2.9,1.3,15.1,-15.9,-3.2,-3.4,1.1,22.8,-2.8,-8.5,1.1,2,3
1646,32.92,-0.07,325.17,9.21,13.07,-0.12,-128.95,936.2,0.0,1154.51,1647.0,8.0,9.96,0.88,0.06,-0.01,0.07,-1.12,0.11,-1.87,-1.57,-0.53,-1.42,-1.57,-0.53,-1.42,90.7,0.0,0.0,84.4,30.2,30.2,-91.0,-10.8,58.6,-156.0,8.3,27.4,-48.0,-11.6,46.4,-90.9,-12.9,9.0,0.4,7.4,1.4,-19.8,1.3,-3.5,22.6,6.5,-5.1,1.8,2,3
1648,32.96,-0.07,325.56,9.22,13.09,-0.12,-129.01,937.34,0.0,1156.0,1649.0,8.0,9.96,0.88,0.1,-0.03,-0.14,0.56,-0.13,-1.39,0.1,0.03,-1.49,0.1,0.03,-1.49,101.6,0.0,71.1,104.0,32.6,36.4,-93.2,-6.6,62.1,-156.0,8.1,28.7,-48.0,-12.1,45.2,-86.0,-13.1,6.5,2.0,-1.1,-0.2,-19.7,-3.3,-9.6,19.9,13.7,-8.8,-4.4,2,3
1650,33.0,-0.07,325.96,9.22,13.1,-0.12,-129.06,938.47,0.0,1157.5,1651.0,8.0,9.96,0.87,0.07,-0.03,-0.02,-0.51,-0.23,-1.23,-0.77,-0.45,-1.01,-0.77,-0.45,-1.01,40.5,77.5,102.2,84.8,33.1,35.7,-95.6,-8.9,62.2,-156.0,9.4,26.6,-48.0,-10.6,47.6,-89.2,-3.0,0.4,0.7,5.7,-3.9,-19.7,-11.9,-17.2,8.1,6.5,-11.4,-4.8,2,3
1652,33.04,-0.07,326.36,9.23,13.12,-0.12,-129.11,939.6,0.0,1158.99,1653.0,8.01,9.96,0.87,0.05,-0.03,0.0,0.8,0.07,-1.21,0.28,0.29,-1.39,0.28,0.29,-1.39,18.6,74.3,96.7,52.1,33.5,33.0,-93.3,-8.4,61.2,-156.0,10.7,24.5,-48.0,-8.4,48.7,-91.2,-1.7,1.2,3.8,7.1,-2.0,-19.7,-16.1,-19.7,8.5,4.6,-8.3,-8.7,2,3
1654,33.08,-0.07,326.75,9.23,13.13,-0.12,-129.14,940.73,0.0,1160.5,1655.0,8.01,9.96,0.87,0.05,-0.03,0.01,1.1,-0.34,-1.24,0.65,0.0,-1.56,0.65,0.0,-1.56,20.6,47.9,92.9,37.4,31.2,29.6,-89.1,-9.4,61.9,-156.0,9.9,23.6,-48.0,-8.1,51.3,-95.6,-2.7,-1.1,0.1,11.4,-7.1,-18.2,-17.1,-19.4,16.6,3.1,-4.8,-6.5,2,3
1656,33.12,-0.07,327.15,9.23,13.15,-0.12,-129.2,941.85,0.0,1161.98,1657.0,8.01,9.96,0.88,0.03,-0.01,0.1,0.87,-0.68,-1.73,0.32,-0.34,-2.0,0.32,-0.34,-2.0,45.3,134.5,31.5,9.5,28.5,28.2,-86.5,-14.2,59.9,-155.3,7.9,24.4,-48.0,-9.1,54.1,-102.2,-6.5,3.8,1.7,12.2,-20.0,17.5,-6.5,1.2,22.8,-1.4,-2.3,0.8,2,3
1658,33.16,-0.07,327.54,9.24,13.17,-0.13,-129.41,942.98,0.0,1163.32,1659.0,8.01,9.96,0.88,0.02,-0.03,0.19,-4.65,-1.43,-2.38,-4.93,-2.0,-1.04,-4.93,-2.0,-1.04,128.9,0.0,0.0,34.0,32.0,31.8,-89.3,-20.4,46.2,-140.4,9.6,33.6,-48.0,-11.5,48.9,-97.7,-15.7,4.1,2.4,12.0,-8.5,-19.0,2.9,-6.6,22.8,5.5,-5.2,-0.2,1,3
1660,33.2,-0.07,327.94,9.24,13.18,-0.13,-129.55,944.13,0.0,1164.75,1661.0,8.02,9.96,0.89,0.11,-0.01,0.03,-2.4,-1.33,-1.65,-2.59,-1.67,-0.87,-2.59,-1.67,-0.87,102.1,0.0,158.0,33.3,38.3,35.4,-95.7,-14.1,40.9,-156.0,15.2,31.8,-48.0,-9.9,42.3,-90.6,-14.2,8.9,-0.1,0.8,7.7,-19.7,-3.0,-4.5,21.3,11.5,-2.8,-1.4,2,3
1662,33.24,-0.07,328.34,9.25,13.2,-0.13,-129.65,945.27,0.0,1166.21,1663.0,8.02,9.95,0.88,0.09,-0.01,-0.13,1.56,-0.04,-1.0,1.34,-0.18,-1.26,1.34,-0.18,-1.26,43.4,0.0,26.1,53.3,33.0,39.1,-105.2,-8.7,57.2,-156.0,17.3,33.9,-48.0,-10.4,47.7,-89.5,-7.8,7.2,8.9,3.0,-2.1,-19.7,-9.0,-16.3,17.1,12.3,-11.2,-3.2,2,3
1664,33.28,-0.07,328.74,9.25,13.22,-0.13,-129.76,946.41,0.0,1167.66,1665.0,8.02,9.95,0.87,0.03,0.02,-0.34,1.17,2.18,-0.95,0.95,2.04,-1.38,0.95,2.04,-1.38,0.0,0.0,111.2,105.5,34.7,31.7,-101.4,-2.8,60.9,-156.0,17.4,28.6,-48.0,-9.8,48.6,-97.4,-0.6,2.3,0.4,4.8,-5.2,-19.7,-15.3,-18.8,11.6,9.0,-7.0,1.6,2,3
1666,33.32,-0.07,329.14,9.25,13.23,-0.13,-129.84,947.56,0.0,1169.13,1667.0,8.02,9.95,0.87,-0.03,-0.0,0.27,1.64,-0.36,-1.54,1.11,-0.54,-1.91,1.11,-0.54,-1.91,9.6,64.0,19.8,83.3,34.2,28.9,-94.1,-5.3,61.6,-156.0,13.9,25.2,-48.0,-11.4,46.6,-95.6,-3.6,-5.7,0.4,12.0,-8.3,-19.7,-16.5,-20.3,13.4,9.4,-7.2,-2.6,2,3
1668,33.36,-0.07,329.53,9.25,13.25,-0.13,-129.94,948.7,0.0,1170.6,1669.0,8.02,9.95,0.88,-0.01,0.01,0.09,1.59,0.34,-1.12,1.23,0.13,-1.53,1.23,0.13,-1.53,0.0,62.5,44.3,24.5,31.4,24.4,-92.2,-5.4,60.4,-156.0,12.7,23.5,-48.0,-8.9,48.3,-99.1,-7.3,3.2,-1.5,14.9,-9.9,-17.9,-15.7,-19.6,21.1,2.0,-1.9,-2.3,2,3
1670,33.4,-0.07,329.93,9.26,13.26,-0.13,-130.02,949.85,0.0,1172.08,1671.0,8.02,9.95,0.88,0.02,0.03,0.02,0.95,0.12,-1.62,0.45,0.07,-1.83,0.45,0.07,-1.83,44.6,11.1,52.7,11.9,27.9,25.1,-93.8,-9.8,59.2,-156.0,9.2,23.5,-48.0,-10.8,48.5,-101.1,-7.3,3.2,1.2,16.7,-12.5,-10.1,-6.5,-3.2,22.7,-3.6,-3.9,3.2,2,3
1672,33.44,-0.07,330.33,9.26,13.28,-0.13,-130.14,951.0,0.0,1173.53,1673.0,8.02,9.96,0.88,0.08,0.02,-0.02,-0.35,-1.16,-1.57,-1.05,-0.9,-1.42,-1.05,-0.9,-1.42,104.9,81.4,0.0,101.1,29.8,27.8,-90.9,-4.0,62.4,-156.0,10.8,27.9,-48.0,-16.4,41.6,-87.8,-13.9,10.9,0.2,8.0,1.6,-19.7,-0.5,-2.0,22.1,6.6,-3.0,1.1,2,3
1674,33.48,-0.07,330.73,9.27,13.29,-0.13,-130.23,952.16,0.0,1175.02,1675.0,8.03,9.96,0.88,0.12,0.03,-0.17,1.08,-1.62,-1.71,0.1,-1.77,-1.9,0.1,-1.77,-1.9,101.5,0.0,73.8,104.3,31.6,35.9,-84.7,0.5,69.1,-156.0,9.2,34.5,-48.0,-19.2,44.9,-86.4,-13.1,4.2,8.4,-4.8,-1.4,-19.7,-2.5,-10.1,19.2,17.0,-8.8,-7.7,2,3
1676,33.52,-0.07,331.12,9.27,13.31,-0.13,-130.38,953.32,0.0,1176.44,1677.0,8.03,9.96,0.87,0.01,0.01,-0.39,-1.3,1.15,-1.12,-0.93,1.64,-0.84,-0.93,1.64,-0.84,0.0,0.0,57.5,56.4,35.6,34.0,-77.0,-6.4,66.4,-156.0,11.1,36.4,-48.0,-17.5,50.6,-97.7,-2.0,-1.0,-6.6,5.7,-2.7,-19.7,-9.4,-19.3,13.1,12.7,-7.9,-3.6,2,3
1678,33.56,-0.07,331.52,9.27,13.32,-0.13,-130.53,954.48,0.0,1177.87,1679.0,8.03,9.96,0.86,-0.02,0.07,0.24,-0.04,0.05,-1.26,-0.31,0.17,-1.21,-0.31,0.17,-1.21,63.4,63.4,10.7,101.6,35.9,31.2,-85.6,-3.1,65.5,-156.0,12.9,31.6,-48.0,-13.7,51.1,-100.4,-3.8,3.2,-1.2,7.0,-3.5,-19.7,-14.2,-20.7,11.3,10.7,-9.0,-5.0,2,3
1680,33.6,-0.07,331.92,9.27,13.34,-0.13,-130.59,955.63,0.0,1179.37,1681.0,8.03,9.96,0.87,-0.0,0.08,0.03,0.36,0.6,-0.99,0.35,0.48,-1.06,0.35,0.48,-1.06,50.0,87.9,33.1,33.0,34.1,30.9,-91.6,-2.1,64.2,-156.0,13.0,29.1,-48.0,-11.6,50.8,-101.0,-5.3,2.2,-4.2,11.6,-2.4,-19.7,-17.6,-21.1,16.0,7.3,-1.5,-5.3,2,3
1682,33.64,-0.07,332.32,9.28,13.35,-0.13,-130.64,956.78,0.0,1180.88,1683.0,8.03,9.96,0.87,0.02,0.08,0.06,1.06,-0.14,-1.34,0.48,-0.44,-1.59,0.48,-0.44,-1.59,0.0,59.6,33.7,0.0,31.8,30.9,-99.2,-4.7,63.8,-156.0,12.3,26.9,-48.0,-8.8,53.9,-105.6,-7.6,6.3,-0.8,15.6,-16.6,-4.3,-13.9,-12.1,22.4,-2.9,1.4,0.3,2,3
1684,33.68,-0.07,332.72,9.28,13.36,-0.13,-130.82,957.93,0.0,1182.27,1685.0,8.04,9.97,0.87,0.04,0.09,0.07,0.25,-0.68,-1.52,-0.5,-0.4,-1.56,-0.5,-0.4,-1.56,112.1,0.0,0.0,0.0,29.1,33.7,-98.0,-7.9,63.1,-156.0,9.0,30.5,-48.0,-16.8,51.1,-90.5,-14.0,1.9,0.0,16.9,-10.3,-15.6,-1.6,0.1,22.8,0.5,-7.0,7.7,2,3
1686,33.72,-0.07,333.11,9.28,13.38,-0.13,-130.99,959.08,0.0,1183.66,1687.0,8.04,9.97,0.87,0.1,0.06,-0.05,0.64,-1.96,-1.36,-0.95,-1.71,-1.5,-0.95,-1.71,-1.5,115.7,53.9,40.8,211.4,31.4,33.9,-88.8,4.4,69.1,-156.0,9.6,35.6,-48.0,-17.2,39.4,-69.9,-12.3,10.0,8.1,-1.2,1.7,-19.7,1.1,-8.2,21.4,11.3,-0.5,-8.7,2,3
1688,33.76,-0.07,333.51,9.29,13.39,-0.13,-131.09,960.25,0.0,1185.14,1689.0,8.04,9.97,0.87,0.04,0.04,-0.32,0.51,-0.35,-1.09,0.03,-0.45,-1.17,0.03,-0.45,-1.17,29.6,0.0,52.6,134.1,32.9,31.8,-76.2,-2.6,68.6,-156.0,11.1,39.3,-48.0,-16.9,49.9,-83.8,-6.4,3.4,-4.3,1.4,-4.3,-19.7,-8.6,-16.0,16.9,13.8,-14.5,-7.5,2,3
1690,33.8,-0.07,333.9,9.29,13.4,-0.13,-131.27,961.41,0.0,1186.53,1691.0,8.04,9.97,0.86,-0.03,0.11,0.1,0.83,0.5,-1.0,0.83,-0.01,-1.12,0.83,-0.01,-1.12,0.0,0.0,94.5,91.9,33.7,29.3,-85.0,-5.7,65.4,-156.0,12.2,35.1,-48.0,-14.8,52.4,-92.3,-1.0,3.8,0.7,7.0,-5.8,-19.7,-13.4,-19.0,10.1,10.1,-6.7,-3.7,2,3
1692,33.84,-0.07,334.3,9.29,13.42,-0.13,-131.32,962.56,0.0,1188.04,1693.0,8.05,9.97,0.87,-0.04,0.1,0.05,-0.03,1.05,-1.05,0.59,0.96,-0.97,0.59,0.96,-0.97,0.0,49.3,52.9,75.0,33.8,26.7,-90.8,-3.0,65.0,-156.0,13.0,30.4,-48.0,-12.4,49.6,-91.1,-3.2,0.4,1.4,5.5,-6.0,-19.7,-16.1,-20.6,11.3,7.4,-8.6,-8.1,2,3
1694,33.88,-0.07,334.7,9.29,13.43,-0.13,-131.38,963.7,0.0,1189.54,1695.0,8.05,9.98,0.87,-0.01,0.08,0.02,0.41,0.34,-1.19,0.35,0.22,-1.23,0.35,0.22,-1.23,0.0,74.0,50.4,36.3,32.9,24.9,-92.0,-5.1,63.4,-156.0,11.9,28.3,-48.0,-11.2,50.1,-95.2,-5.4,1.5,-0.7,13.5,-6.9,-17.9,-17.4,-20.6,18.6,5.1,-1.9,-4.8,2,3
1696,33.92,-0.07,335.09,9.29,13.45,-0.13,-131.43,964.84,0.0,1191.04,1697.0,8.05,9.98,0.87,-0.01,0.08,0.03,0.71,0.15,-1.46,0.36,-0.04,-1.59,0.36,-0.04,-1.59,0.0,0.0,60.3,22.8,31.2,25.2,-93.8,-8.0,62.0,-156.0,9.9,27.9,-48.0,-10.4,52.3,-101.5,-7.8,4.6,2.4,14.1,-17.0,0.8,-7.5,-6.7,22.7,-3.0,-5.6,1.2,2,3
1698,33.96,-0.07,335.49,9.29,13.46,-0.13,-131.48,965.98,0.0,1192.54,1699.0,8.05,9.98,0.87,-0.03,0.08,0.06,-1.34,0.25,-1.91,-0.78,1.71,-1.4,-0.78,1.71,-1.4,104.7,0.0,0.0,72.6,32.8,29.9,-92.4,-11.7,57.9,-156.0,9.3,32.5,-48.0,-14.4,45.1,-93.4,-15.0,4.6,2.9,10.3,-11.0,-17.3,1.3,-2.5,22.8,5.4,-5.1,2.7,2,3
1700,34.0,-0.07,335.89,9.29,13.47,-0.13,-131.56,967.13,0.0,1194.01,1701.0,8.06,9.98,0.88,-0.01,0.05,0.07,-0.61,-0.39,-1.1,-0.83,0.57,-0.85,-0.83,0.57,-0.85,77.3,0.0,0.0,86.8,36.7,33.4,-92.3,-9.3,55.9,-156.0,11.3,31.1,-48.0,-14.6,39.8,-86.0,-12.2,0.3,7.2,3.4,2.5,-19.7,-1.6,-7.4,21.4,12.5,-5.1,-3.4,2,3
1702,34.04,-0.07,336.28,9.29,13.49,-0.13,-131.64,968.27,0.0,1195.49,1703.0,8.06,9.98,0.88,0.01,0.05,-0.15,1.26,0.11,-0.46,0.62,-0.88,-0.8,0.62,-0.88,-0.8,25.3,0.0,85.3,137.2,36.2,27.0,-83.6,-6.2,59.3,-156.0,13.3,28.8,-48.0,-12.2,45.0,-96.2,-3.3,5.1,0.4,1.6,-2.0,-19.7,-8.7,-16.1,16.1,12.5,-12.9,-4.3,2,3
1704,34.08,-0.07,336.68,9.29,13.5,-0.13,-131.73,969.42,0.0,1196.96,1705.0,8.06,9.98,0.87,-0.02,0.07,0.11,0.46,-0.03,-0.94,0.07,-0.13,-1.04,0.07,-0.13,-1.04,5.8,28.1,85.8,85.4,34.5,24.9,-85.5,-5.8,60.9,-156.0,13.5,24.8,-48.0,-10.9,47.3,-100.5,0.0,3.6,-0.6,5.9,-4.0,-19.7,-16.1,-18.7,9.6,8.6,-7.5,-0.5,2,3
1706,34.12,-0.07,337.08,9.29,13.52,-0.13,-131.79,970.56,0.0,1198.45,1707.0,8.06,9.99,0.88,-0.02,0.06,0.05,0.84,0.09,-0.9,0.34,-0.39,-1.12,0.34,-0.39,-1.12,56.3,83.0,89.0,30.9,33.9,25.9,-87.2,-7.9,59.7,-156.0,12.0,23.4,-48.0,-11.4,45.9,-100.1,-4.4,2.5,-2.1,9.7,-1.0,-19.7,-15.1,-20.3,13.0,7.4,-1.3,-4.8,2,3
1708,34.16,-0.07,337.47,9.29,13.54,-0.13,-131.82,971.69,0.0,1199.97,1709.0,8.06,9.99,0.88,0.01,0.05,-0.0,0.77,-0.21,-0.8,0.05,-0.47,-1.03,0.05,-0.47,-1.03,61.3,74.4,81.6,15.8,32.2,25.9,-89.2,-8.6,60.2,-156.0,11.7,22.2,-48.0,-9.8,48.6,-103.8,-5.8,2.3,-3.1,13.9,-12.6,-8.0,-16.1,-15.9,22.0,2.0,-1.4,-1.3,2,3
1710,34.2,-0.07,337.87,9.29,13.55,-0.13,-131.85,972.82,0.0,1201.47,1711.0,8.06,9.99,0.88,-0.01,0.05,0.06,0.5,-0.25,-1.26,-0.1,-0.09,-1.37,-0.1,-0.09,-1.37,99.1,0.0,27.4,75.8,30.6,27.3,-89.0,-11.7,58.7,-156.0,10.3,24.2,-48.0,-12.3,48.0,-102.5,-11.6,4.2,0.6,13.8,-17.7,-1.7,-3.0,-0.1,22.8,0.5,-5.3,5.5,2,3
1712,34.24,-0.07,338.27,9.29,13.57,-0.13,-131.9,973.95,0.0,1202.98,1713.0,8.07,9.99,0.88,-0.02,0.05,0.07,-1.94,-0.02,-1.48,-0.67,2.22,-0.75,-0.67,2.22,-0.75,102.6,0.0,0.0,79.2,34.2,31.1,-90.1,-13.4,53.8,-156.0,10.4,28.1,-48.0,-14.6,41.0,-93.0,-14.9,4.3,1.0,8.1,-6.2,-19.7,0.9,-2.6,22.8,7.8,-3.6,2.1,2,3
1714,34.28,-0.07,338.66,9.29,13.58,-0.13,-131.96,975.09,0.0,1204.47,1715.0,8.07,9.99,0.88,0.04,0.02,-0.04,-0.45,-0.51,-0.78,-0.69,0.52,-0.58,-0.69,0.52,-0.58,84.7,0.0,64.6,94.5,37.2,34.4,-92.8,-11.3,52.5,-156.0,12.4,27.8,-48.0,-13.4,39.3,-89.4,-11.6,2.7,2.0,1.2,3.6,-19.7,-5.8,-10.3,20.6,13.8,-7.0,-4.6,2,3
1716,34.32,-0.07,339.06,9.3,13.6,-0.13,-132.0,976.23,0.0,1205.98,1717.0,8.07,9.99,0.88,0.04,0.01,-0.19,0.61,0.59,-0.36,0.67,-0.31,-0.54,0.67,-0.31,-0.54,8.5,0.0,104.6,109.2,36.8,30.4,-90.8,-6.8,58.0,-156.0,14.4,25.1,-48.0,-11.2,43.8,-96.9,-1.8,1.0,2.3,3.3,-2.8,-19.7,-9.5,-18.7,12.6,10.0,-12.4,-4.8,2,3
1718,34.36,-0.07,339.46,9.3,13.62,-0.13,-132.07,977.38,0.0,1207.48,1719.0,8.07,9.99,0.88,0.01,0.02,0.06,0.64,-0.26,-0.81,-0.17,-0.38,-0.98,-0.17,-0.38,-0.98,10.6,64.1,94.3,91.7,35.1,27.6,-88.7,-5.9,60.1,-156.0,14.8,22.4,-48.0,-9.6,46.9,-101.1,-0.6,1.5,-0.1,6.5,-2.1,-19.7,-16.8,-19.5,11.1,8.3,-8.3,-2.6,2,3
1720,34.4,-0.07,339.86,9.3,13.63,-0.13,-132.11,978.52,0.0,1208.99,1721.0,8.07,9.99,0.88,0.01,0.01,0.01,0.62,0.12,-0.72,0.2,-0.31,-0.88,0.2,-0.31,-0.88,74.2,87.2,94.4,11.3,34.3,26.8,-89.3,-7.5,59.6,-156.0,14.6,20.8,-48.0,-8.9,47.4,-102.4,-6.6,0.9,-3.5,12.5,-4.1,-19.7,-17.4,-20.4,18.0,5.4,0.3,-2.0,2,3
1722,34.44,-0.07,340.25,9.3,13.65,-0.13,-132.15,979.65,0.0,1210.5,1723.0,8.07,9.99,0.88,0.02,0.02,0.01,1.73,-0.25,-0.94,0.03,-1.31,-1.49,0.03,-1.31,-1.49,79.0,61.6,69.6,39.5,30.7,27.4,-91.6,-10.9,59.5,-156.0,12.2,20.5,-48.0,-8.5,50.5,-105.4,-7.4,4.0,-1.4,14.9,-16.7,-1.6,-12.7,-6.1,22.7,-1.7,-3.3,1.6,2,3
1724,34.48,-0.08,340.65,9.3,13.66,-0.13,-132.21,980.77,0.0,1211.97,1725.0,8.07,9.98,0.88,0.01,0.02,0.06,-0.74,-0.24,-1.43,-0.21,1.16,-1.11,-0.21,1.16,-1.11,115.9,0.0,0.0,80.3,30.1,30.7,-90.1,-13.9,57.3,-156.0,9.4,26.3,-48.0,-14.4,46.0,-96.7,-14.7,4.5,-0.5,11.9,-16.8,-12.6,1.8,0.2,22.8,3.0,-5.2,4.5,2,3
1726,34.52,-0.08,341.05,9.3,13.68,-0.13,-132.29,981.91,0.0,1213.45,1727.0,8.07,9.98,0.88,0.03,0.01,0.07,-1.42,-0.53,-1.03,-0.57,1.66,-0.52,-0.57,1.66,-0.52,97.5,0.0,0.0,82.7,33.8,35.4,-92.2,-11.7,55.0,-156.0,9.8,29.6,-48.0,-15.2,40.4,-87.4,-13.1,5.7,4.1,2.7,1.5,-19.7,-0.8,-5.4,21.8,11.3,-4.8,-1.6,2,3
1728,34.56,-0.08,341.44,9.31,13.7,-0.13,-132.36,983.06,0.0,1214.94,1729.0,8.07,9.98,0.88,0.06,-0.0,-0.11,0.52,-0.36,-0.5,-0.36,-0.35,-0.64,-0.36,-0.35,-0.64,55.9,0.0,74.5,113.1,34.2,37.2,-92.1,-8.7,58.5,-156.0,10.6,29.2,-48.0,-14.0,43.9,-89.7,-7.8,3.5,1.1,2.6,-0.9,-19.7,-7.1,-13.2,17.2,11.9,-12.0,-5.0,2,3
1730,34.6,-0.08,341.84,9.31,13.71,-0.13,-132.41,984.2,0.0,1216.45,1731.0,8.07,9.98,0.87,0.06,-0.01,-0.24,0.16,1.32,-0.29,1.33,-0.08,-0.3,1.33,-0.08,-0.3,4.4,104.1,124.8,78.0,34.9,33.3,-93.3,-7.1,61.0,-156.0,12.4,24.2,-48.0,-11.4,46.4,-95.5,-0.6,2.3,2.9,3.5,-1.6,-19.7,-14.7,-19.0,6.5,7.3,-8.3,-4.3,2,3
1732,34.64,-0.08,342.24,9.31,13.73,-0.13,-132.47,985.34,0.0,1217.94,1733.0,8.07,9.98,0.88,0.01,-0.0,0.07,0.65,-0.24,-0.58,-0.23,-0.41,-0.77,-0.23,-0.41,-0.77,22.8,70.3,91.4,55.3,33.6,30.9,-90.4,-6.9,61.2,-156.0,12.9,23.2,-48.0,-10.2,48.7,-98.3,-2.8,-0.9,-1.2,8.9,-3.0,-19.7,-15.4,-20.1,12.5,7.1,-6.0,-5.2,2,3
1734,34.68,-0.08,342.63,9.32,13.74,-0.13,-132.51,986.47,0.0,1219.45,1735.0,8.07,9.98,0.88,0.05,-0.01,-0.06,0.56,0.02,-0.49,0.03,-0.36,-0.64,0.03,-0.36,-0.64,69.8,77.8,92.2,4.9,32.3,28.8,-91.9,-7.7,61.4,-156.0,14.1,20.8,-48.0,-7.2,51.5,-102.9,-7.0,2.1,-4.0,14.7,-8.9,-17.3,-17.8,-19.2,21.0,1.8,-0.1,-1.9,2,3
1736,34.72,-0.08,343.03,9.32,13.76,-0.13,-132.57,987.6,0.0,1220.93,1737.0,8.07,9.98,0.88,0.04,0.01,0.05,1.23,-0.28,-1.11,-0.23,-0.76,-1.48,-0.23,-0.76,-1.48,73.3,63.2,31.5,59.2,29.2,30.4,-93.2,-12.0,60.5,-156.0,11.5,21.9,-48.0,-9.9,52.5,-103.8,-8.6,3.5,-0.2,14.4,-18.8,3.7,-6.0,3.6,22.8,-2.7,-5.6,3.7,2,3
1738,34.76,-0.08,343.43,9.32,13.77,-0.13,-132.69,988.73,0.0,1222.36,1739.0,8.07,9.97,0.88,0.05,0.01,0.1,-1.7,-0.41,-1.29,-0.04,2.06,-0.69,-0.04,2.06,-0.69,96.5,0.0,0.0,76.4,31.7,34.5,-91.8,-13.8,56.5,-156.0,8.9,31.0,-48.0,-15.2,43.7,-88.8,-15.3,2.8,0.9,10.8,-8.9,-19.7,1.0,-3.2,22.8,5.7,-3.0,2.3,2,3
1740,34.8,-0.08,343.82,9.33,13.79,-0.13,-132.78,989.88,0.0,1223.83,1741.0,8.07,9.97,0.88,0.07,-0.03,0.01,-0.14,-0.61,-0.67,-0.54,0.45,-0.59,-0.54,0.45,-0.59,91.0,0.0,155.1,95.6,34.7,37.4,-90.6,-6.0,59.1,-156.0,7.8,30.8,-48.0,-14.5,41.5,-83.3,-11.9,2.1,7.6,-5.1,0.8,-19.7,-0.5,-7.1,20.7,15.1,-8.2,-7.4,2,3
1742,34.84,-0.08,344.22,9.33,13.81,-0.13,-132.88,991.02,0.0,1225.29,1743.0,8.07,9.97,0.88,0.08,-0.02,-0.21,0.76,0.78,-0.11,0.63,-0.84,-0.33,0.63,-0.84,-0.33,23.5,0.0,89.9,113.5,35.6,31.4,-83.8,-8.4,60.2,-156.0,9.9,28.9,-48.0,-12.5,45.7,-94.5,-3.7,3.5,-1.9,4.8,-2.5,-19.7,-8.8,-17.5,13.9,11.0,-11.3,-4.5,2,3
1744,34.88,-0.08,344.61,9.34,13.82,-0.13,-132.94,992.16,0.0,1226.79,1745.0,8.07,9.97,0.88,0.04,-0.01,0.15,0.56,-0.5,-0.49,-0.54,-0.25,-0.67,-0.54,-0.25,-0.67,20.0,59.6,91.1,78.9,35.4,28.4,-86.1,-6.0,61.1,-156.0,12.1,24.7,-48.0,-9.1,48.2,-98.7,0.3,4.1,-1.3,4.2,-0.1,-19.7,-15.9,-19.5,7.3,6.9,-9.5,-5.3,2,3
1746,34.92,-0.08,345.01,9.34,13.84,-0.13,-132.98,993.29,0.0,1228.29,1747.0,8.07,9.97,0.88,0.08,-0.02,-0.02,0.89,0.15,-0.43,0.02,-0.72,-0.7,0.02,-0.72,-0.7,49.1,81.9,89.6,11.6,33.7,29.3,-87.7,-8.4,60.3,-156.0,11.3,23.5,-48.0,-8.5,50.3,-103.4,-4.1,2.3,-2.9,10.4,-1.5,-19.5,-15.7,-19.8,12.6,5.2,0.1,-4.6,2,3
1748,34.96,-0.08,345.4,9.35,13.85,-0.13,-133.05,994.42,0.0,1229.77,1749.0,8.07,9.96,0.88,0.09,-0.02,0.05,1.7,-0.55,-0.63,-0.79,-1.21,-1.23,-0.79,-1.21,-1.23,56.2,113.9,49.7,17.9,30.5,30.0,-90.0,-11.1,61.1,-155.9,9.7,23.6,-48.0,-6.8,55.0,-107.9,-6.6,3.0,-1.2,12.4,-18.9,12.6,-11.2,-2.4,22.8,-2.8,-1.4,2.2,2,3
1750,35.0,-0.08,345.8,9.36,13.87,-0.13,-133.22,995.55,0.0,1231.14,1751.0,8.06,9.96,0.88,0.09,0.0,0.17,-3.01,-1.79,-1.33,-0.62,3.66,-0.52,-0.62,3.66,-0.52,138.3,0.0,0.0,0.0,28.8,34.0,-93.9,-22.3,49.8,-144.9,8.7,33.1,-48.0,-10.9,51.8,-94.6,-14.2,3.6,5.1,13.8,-14.2,-14.8,1.5,-2.7,22.8,1.7,-8.4,1.0,1,3
1752,35.04,-0.08,346.2,9.36,13.88,-0.13,-133.5,996.7,0.0,1232.43,1753.0,8.06,9.95,0.88,0.09,-0.05,0.13,-4.53,-1.35,-1.16,0.27,4.86,0.09,0.27,4.86,0.09,48.7,0.0,0.0,29.6,36.7,36.6,-95.3,-19.2,37.1,-156.0,13.6,36.2,-48.0,-10.0,44.3,-87.5,-13.8,2.3,2.8,7.3,11.9,-19.7,-2.4,-7.0,22.2,8.6,-5.0,-0.8,2,3
1754,35.08,-0.08,346.6,9.38,13.9,-0.13,-133.61,997.83,0.0,1233.89,1755.0,8.06,9.95,0.88,0.15,-0.03,-0.08,0.97,-0.43,-0.34,-0.77,-0.66,-0.46,-0.77,-0.66,-0.46,88.6,0.0,79.2,41.6,37.5,38.7,-96.7,-10.8,53.6,-156.0,14.5,34.1,-48.0,-9.4,45.6,-87.3,-10.9,5.2,5.8,3.0,-2.1,-19.7,-5.8,-14.8,19.7,12.2,-9.0,-6.4,2,3
1756,35.12,-0.08,347.0,9.38,13.92,-0.13,-133.71,998.98,0.0,1235.35,1757.0,8.06,9.95,0.88,0.02,-0.03,-0.27,1.18,2.19,0.19,1.6,-1.89,-0.3,1.6,-1.89,-0.3,0.0,0.0,41.9,44.2,37.2,31.4,-93.9,-3.5,58.3,-156.0,15.9,30.8,-48.0,-8.9,47.4,-96.6,-0.4,-0.1,0.6,1.8,-0.4,-19.7,-9.2,-19.9,13.7,10.0,-7.9,-2.9,2,3
1758,35.16,-0.08,347.4,9.38,13.93,-0.13,-133.83,1000.12,0.0,1236.79,1759.0,8.05,9.95,0.87,0.02,-0.03,0.24,1.81,-0.74,-0.46,-1.31,-1.21,-0.92,-1.31,-1.21,-0.92,0.0,55.6,25.0,82.8,35.0,26.2,-91.8,-2.9,62.3,-156.0,14.3,24.9,-48.0,-7.9,48.9,-99.3,-0.1,0.0,-0.6,8.0,-6.0,-19.7,-16.8,-20.1,10.5,8.6,-6.9,-2.2,2,3
1760,35.2,-0.08,347.79,9.39,13.95,-0.13,-133.88,1001.27,0.0,1238.31,1761.0,8.05,9.95,0.88,0.04,-0.02,0.05,0.99,0.48,-0.32,0.1,-0.98,-0.58,0.1,-0.98,-0.58,0.0,59.4,45.2,15.1,31.8,25.8,-93.2,-4.8,61.0,-156.0,12.6,23.9,-48.0,-6.8,50.7,-102.6,-5.2,0.7,-2.2,13.6,-8.4,-19.7,-17.5,-20.1,20.2,3.8,-0.0,-0.7,2,3
1762,35.24,-0.08,348.19,9.39,13.96,-0.13,-133.93,1002.42,0.0,1239.82,1763.0,8.05,9.95,0.88,0.04,-0.01,0.06,0.98,0.15,-0.78,-0.11,-0.71,-1.03,-0.11,-0.71,-1.03,66.4,45.0,41.9,22.6,28.4,26.0,-96.2,-10.0,59.5,-156.0,9.1,23.3,-48.0,-7.8,50.8,-103.1,-6.8,4.0,3.8,14.0,-17.1,0.9,-6.5,-1.5,22.8,-3.3,-3.1,1.8,2,3
1764,35.28,-0.08,348.59,9.39,13.98,-0.13,-134.02,1003.56,0.0,1241.3,1765.0,8.05,9.94,0.89,0.06,-0.01,0.1,-0.45,-0.6,-0.87,-0.19,0.87,-0.73,-0.19,0.87,-0.73,117.6,0.0,0.0,29.5,29.5,29.2,-92.4,-8.6,59.2,-156.0,7.2,28.9,-48.0,-14.6,43.1,-88.6,-15.2,5.7,0.2,10.8,-9.0,-19.5,0.8,-0.8,22.8,3.2,-2.0,3.9,2,3
1766,35.32,-0.08,348.99,9.4,14.0,-0.13,-134.13,1004.7,0.0,1242.75,1767.0,8.05,9.94,0.88,0.14,-0.01,-0.13,0.18,-0.72,-0.47,-0.64,0.29,-0.52,-0.64,0.29,-0.52,104.2,0.0,53.1,94.7,30.1,34.7,-93.0,-3.0,62.8,-156.0,6.7,31.9,-48.0,-15.8,42.7,-81.0,-12.0,10.0,5.8,-4.8,-0.5,-19.7,0.1,-8.5,21.1,15.0,-7.8,-6.0,2,3
1768,35.36,-0.08,349.39,9.41,14.01,-0.13,-134.2,1005.85,0.0,1244.26,1769.0,8.05,9.94,0.87,0.13,-0.02,-0.38,0.14,0.76,-0.25,0.64,-0.44,-0.25,0.64,-0.44,-0.25,18.8,0.0,93.8,105.8,31.2,37.4,-95.9,-7.8,62.9,-156.0,8.5,32.6,-48.0,-14.0,48.6,-85.7,-4.2,1.8,1.2,5.7,-3.8,-19.7,-8.9,-16.3,13.9,8.8,-13.0,-5.1,2,3
1770,35.4,-0.08,349.78,9.42,14.03,-0.13,-134.26,1007.0,0.0,1245.76,1771.0,8.04,9.94,0.87,0.04,-0.02,0.23,-0.25,-0.96,-0.43,-0.65,0.79,-0.35,-0.65,0.79,-0.35,23.8,26.1,33.7,69.2,33.1,35.4,-97.7,-5.7,64.3,-156.0,11.4,29.8,-48.0,-10.2,49.8,-86.3,-0.7,0.9,2.1,4.9,-3.5,-19.7,-14.8,-19.7,10.1,7.0,-8.7,-9.2,2,3
1772,35.44,-0.08,350.18,9.42,14.04,-0.13,-134.32,1008.15,0.0,1247.26,1773.0,8.04,9.93,0.87,0.05,-0.02,-0.01,0.53,0.6,-0.18,0.29,-0.7,-0.3,0.29,-0.7,-0.3,20.1,67.2,40.0,44.5,32.1,30.0,-92.1,-5.8,63.7,-156.0,12.4,27.0,-48.0,-8.2,52.0,-91.2,-2.7,0.6,-0.1,10.1,-4.5,-19.7,-17.0,-20.7,13.4,4.6,-6.5,-8.2,2,3
1774,35.48,-0.08,350.58,9.43,14.05,-0.13,-134.37,1009.29,0.0,1248.76,1775.0,8.04,9.93,0.87,0.06,-0.01,0.06,1.52,0.11,-0.52,-0.54,-1.19,-0.95,-0.54,-1.19,-0.95,25.6,43.0,40.0,17.0,29.5,27.5,-90.0,-8.2,63.5,-156.0,11.1,25.6,-48.0,-7.2,55.6,-98.8,-4.7,2.5,0.6,13.4,-16.2,-3.2,-15.1,-14.7,21.8,-0.6,-2.7,-2.5,2,3
1776,35.52,-0.08,350.97,9.43,14.07,-0.13,-134.46,1010.42,0.0,1250.23,1777.0,8.04,9.93,0.87,0.05,0.01,0.15,-1.15,-0.3,-1.08,0.61,1.31,-0.71,0.61,1.31,-0.71,92.9,0.0,0.0,81.8,28.0,29.1,-89.8,-14.5,59.3,-152.9,8.9,28.4,-48.0,-11.1,53.4,-98.1,-11.2,4.7,2.8,12.5,-18.8,0.8,0.7,1.2,22.8,0.2,-8.2,2.4,2,3
1778,35.56,-0.08,351.37,9.44,14.08,-0.13,-134.6,1011.56,0.0,1251.65,1779.0,8.04,9.93,0.88,0.07,-0.0,0.18,-2.84,-0.38,-1.06,1.45,2.68,-0.17,1.45,2.68,-0.17,93.8,0.0,0.0,36.5,34.0,33.4,-90.6,-13.8,52.5,-156.0,10.8,32.3,-48.0,-12.2,44.9,-87.7,-14.5,3.5,3.4,10.0,4.9,-19.8,-0.5,-3.8,22.4,6.0,-3.5,3.2,2,3
1780,35.6,-0.08,351.77,9.44,14.1,-0.13,-134.69,1012.7,0.0,1253.12,1781.0,8.03,9.92,0.88,0.1,-0.02,-0.06,0.95,0.06,-0.53,-0.45,-0.62,-0.78,-0.45,-0.62,-0.78,71.4,0.0,40.6,36.1,36.0,35.1,-86.9,-6.3,57.8,-156.0,10.0,33.0,-48.0,-12.2,43.9,-85.6,-10.1,2.4,5.4,-2.4,-0.9,-19.7,-3.8,-11.4,19.8,14.0,-9.0,-9.0,2,3
1782,35.64,-0.08,352.16,9.45,14.12,-0.13,-134.76,1013.85,0.0,1254.61,1783.0,8.03,9.92,0.87,0.07,-0.03,-0.3,0.01,1.62,0.31,1.21,-1.09,0.27,1.21,-1.09,0.27,0.0,0.0,102.2,103.0,37.4,28.0,-81.8,-8.0,58.2,-156.0,11.1,28.8,-48.0,-10.7,45.6,-95.6,-0.6,-0.1,-0.6,3.8,-3.9,-19.7,-8.8,-19.4,13.2,10.7,-11.3,-6.7,2,3
1784,35.68,-0.08,352.56,9.45,14.13,-0.13,-134.83,1014.99,0.0,1256.09,1785.0,8.03,9.92,0.88,0.04,-0.02,0.11,0.93,-0.2,-0.21,-0.65,-0.52,-0.5,-0.65,-0.52,-0.5,0.0,17.9,41.7,74.5,35.5,27.2,-85.0,-5.3,60.8,-156.0,12.0,25.8,-48.0,-8.3,48.7,-97.7,-1.0,1.3,0.8,5.8,-3.2,-19.7,-16.7,-19.7,9.9,6.6,-7.9,-3.6,2,3
1786,35.72,-0.08,352.96,9.46,14.15,-0.13,-134.89,1016.13,0.0,1257.59,1787.0,8.03,9.92,0.88,0.07,-0.04,0.02,0.24,0.0,-0.14,-0.1,-0.15,-0.21,-0.1,-0.15,-0.21,86.6,76.2,37.8,15.1,34.0,28.0,-88.4,-6.8,61.0,-156.0,11.2,24.1,-48.0,-7.4,50.1,-101.0,-7.1,2.7,-4.9,11.7,-4.2,-19.1,-15.8,-20.4,19.6,4.8,1.0,-3.0,2,3
1788,35.76,-0.08,353.35,9.47,14.16,-0.13,-134.97,1017.26,0.0,1259.05,1789.0,8.02,9.92,0.88,0.08,-0.03,0.03,1.11,-0.25,-0.48,-0.71,-0.55,-0.85,-0.71,-0.55,-0.85,75.9,64.1,40.9,0.0,30.7,30.3,-94.2,-9.3,61.4,-156.0,9.5,24.3,-48.0,-7.2,53.2,-103.6,-7.9,3.1,0.4,13.7,-18.8,6.1,-8.3,-1.7,22.8,-3.4,-1.0,2.0,2,3
1790,35.8,-0.08,353.75,9.47,14.18,-0.13,-135.06,1018.39,0.0,1260.51,1791.0,8.02,9.92,0.88,0.1,-0.03,0.09,-1.06,-0.71,-0.64,0.31,1.35,-0.32,0.31,1.35,-0.32,117.2,0.0,0.0,38.6,30.2,33.0,-92.6,-10.9,59.7,-156.0,7.2,30.4,-48.0,-13.4,46.7,-88.4,-15.4,4.7,0.6,12.4,-11.4,-18.3,1.7,-2.1,22.8,2.8,-5.0,4.2,2,3
1792,35.84,-0.08,354.14,9.48,14.19,-0.13,-135.16,1019.53,0.0,1261.97,1793.0,8.02,9.92,0.88,0.12,-0.05,-0.04,-0.71,-0.24,-0.39,0.37,0.74,-0.17,0.37,0.74,-0.17,103.9,0.0,35.7,116.1,33.0,34.7,-90.8,-6.9,60.2,-156.0,8.0,32.3,-48.0,-12.8,43.6,-79.7,-12.5,8.4,5.7,-0.6,1.8,-19.7,-1.2,-7.1,21.4,12.6,-8.7,-4.5,2,3
1794,35.88,-0.08,354.54,9.49,14.21,-0.13,-135.21,1020.67,0.0,1263.48,1795.0,8.01,9.91,0.87,0.15,-0.07,-0.27,0.68,0.62,0.07,-0.01,-0.92,-0.11,-0.01,-0.92,-0.11,35.5,0.0,93.2,97.5,34.6,33.4,-89.4,-9.0,60.6,-156.0,9.5,31.3,-48.0,-11.3,47.3,-86.2,-5.3,2.1,0.8,4.9,-2.6,-19.7,-7.3,-15.7,16.7,9.4,-11.9,-7.6,2,3
1796,35.92,-0.08,354.93,9.5,14.22,-0.13,-135.26,1021.8,0.0,1264.98,1797.0,8.01,9.91,0.87,0.08,-0.06,0.13,0.18,-0.29,-0.04,-0.31,0.08,-0.11,-0.31,0.08,-0.11,11.3,10.5,51.2,60.2,33.0,30.2,-89.9,-6.0,63.3,-156.0,11.3,28.5,-48.0,-8.4,51.0,-89.2,0.7,3.3,0.8,3.1,-1.9,-19.7,-13.5,-19.6,7.6,6.6,-10.3,-8.2,2,3
1798,35.96,-0.08,355.33,9.51,14.23,-0.13,-135.32,1022.93,0.0,1266.47,1799.0,8.0,9.91,0.87,0.11,-0.07,0.09,0.99,-0.07,-0.25,-0.61,-0.6,-0.56,-0.61,-0.6,-0.56,19.5,65.1,40.6,49.0,31.6,28.6,-87.6,-8.2,62.8,-156.0,10.8,26.5,-48.0,-7.8,52.7,-92.7,-1.8,0.1,-0.6,9.7,-4.9,-19.7,-15.9,-20.1,11.7,5.2,-5.9,-8.6,2,3
1800,36.0,-0.08,355.72,9.52,14.25,-0.13,-135.37,1024.06,0.0,1267.97,1801.0,8.0,9.91,0.87,0.12,-0.08,0.08,0.65,0.07,-0.29,-0.27,-0.45,-0.47,-0.27,-0.45,-0.47,60.6,57.4,45.8,13.1,29.6,27.8,-87.7,-10.0,62.7,-156.0,9.7,25.7,-48.0,-6.6,56.3,-100.0,-5.9,2.0,-1.6,12.9,-15.0,-1.7,-14.5,-15.4,21.8,-0.2,-2.0,-1.8,2,3
1802,36.04,-0.08,356.12,9.53,14.26,-0.14,-135.49,1025.18,0.0,1269.38,1803.0,7.99,9.91,0.87,0.12,-0.05,0.19,-1.78,-0.91,-0.93,0.87,1.98,-0.41,0.87,1.98,-0.41,96.1,47.2,0.0,52.4,27.9,30.3,-90.5,-18.3,56.9,-148.8,7.7,29.7,-48.0,-10.0,54.8,-98.5,-11.6,4.8,3.4,13.6,-19.7,9.2,0.8,4.3,22.8,0.2,-5.8,4.2,1,3
1804,36.08,-0.08,356.51,9.54,14.28,-0.14,-135.69,1026.32,0.0,1270.74,1805.0,7.98,9.91,0.88,0.12,-0.09,0.24,-5.29,-0.93,-1.18,3.34,4.35,0.43,3.34,4.35,0.43,46.7,0.0,0.0,27.6,35.4,35.0,-93.7,-19.2,42.6,-156.0,11.1,37.5,-48.0,-11.1,45.4,-88.4,-15.4,-0.8,2.0,12.4,-0.6,-15.2,0.4,-4.6,22.8,5.7,-3.3,1.7,2,3
1806,36.12,-0.08,356.91,9.55,14.3,-0.14,-135.81,1027.45,0.0,1272.19,1807.0,7.97,9.9,0.88,0.18,-0.1,0.07,-0.59,-0.31,-0.04,0.22,0.61,0.17,0.22,0.61,0.17,99.8,0.0,83.4,37.1,41.0,35.6,-93.6,-11.9,41.7,-156.0,14.2,34.6,-48.0,-8.0,41.5,-84.3,-12.3,5.2,4.7,-0.3,7.8,-19.7,-4.9,-13.6,21.0,14.4,-6.4,-6.5,2,3
1808,36.16,-0.08,357.3,9.56,14.31,-0.14,-135.88,1028.59,0.0,1273.67,1809.0,7.97,9.9,0.88,0.12,-0.1,-0.15,1.58,1.48,0.67,-0.21,-2.25,0.05,-0.21,-2.25,0.05,12.9,0.0,81.7,45.1,39.3,28.8,-90.6,-7.6,54.8,-156.0,15.2,30.2,-48.0,-7.3,44.0,-92.6,-2.3,2.6,0.0,3.1,-1.4,-19.7,-7.8,-18.8,13.7,9.5,-9.3,-4.6,2,3
1810,36.2,-0.08,357.7,9.58,14.33,-0.14,-136.01,1029.72,0.0,1275.11,1811.0,7.96,9.9,0.88,0.2,-0.12,0.1,3.67,-0.43,0.35,-2.9,-2.13,-0.9,-2.9,-2.13,-0.9,0.0,103.8,89.7,118.9,35.8,22.1,-89.2,-4.1,60.6,-156.0,12.9,25.1,-48.0,-8.5,46.5,-99.3,3.1,5.9,-0.2,5.4,-3.8,-19.7,-14.0,-19.9,8.3,10.3,-9.9,-2.9,2,3
1812,36.24,-0.08,358.1,9.6,14.34,-0.14,-136.09,1030.86,0.0,1276.59,1813.0,7.95,9.9,0.88,0.2,-0.13,0.06,0.95,0.14,0.08,-0.58,-0.74,-0.24,-0.58,-0.74,-0.24,53.6,66.9,84.6,5.4,33.5,25.7,-89.6,-5.5,61.3,-156.0,11.9,23.8,-48.0,-7.7,49.7,-103.6,-3.9,2.7,-1.7,10.3,-6.0,-19.7,-17.0,-19.5,16.5,4.9,2.1,-2.4,2,3
1814,36.28,-0.08,358.49,9.61,14.36,-0.14,-136.17,1031.98,0.0,1278.06,1815.0,7.94,9.9,0.87,0.21,-0.12,0.1,1.42,-0.16,-0.24,-0.99,-0.76,-0.74,-0.99,-0.76,-0.74,80.8,113.0,22.4,0.0,30.1,27.2,-90.7,-10.2,60.9,-155.6,8.6,24.7,-48.0,-7.6,53.3,-105.3,-8.9,4.4,-0.8,12.6,-19.5,13.6,-8.1,0.3,22.8,-3.4,0.4,2.8,2,3
1816,36.32,-0.08,358.88,9.63,14.37,-0.14,-136.33,1033.11,0.0,1279.45,1817.0,7.93,9.89,0.88,0.23,-0.12,0.19,-3.1,-1.93,-0.95,1.24,3.56,-0.13,1.24,3.56,-0.13,129.2,0.0,0.0,0.0,29.2,32.4,-93.8,-21.1,49.6,-142.6,7.0,36.2,-48.0,-11.3,49.9,-90.2,-15.4,5.8,1.9,11.8,-18.9,-11.1,4.1,-1.9,22.8,1.6,-6.6,-1.0,1,3
1818,36.36,-0.08,359.28,9.65,14.39,-0.14,-136.61,1034.26,0.0,1280.75,1819.0,7.92,9.89,0.88,0.21,-0.16,0.15,-4.89,-1.49,-0.6,2.78,4.28,0.71,2.78,4.28,0.71,40.1,0.0,0.0,39.0,36.6,34.8,-96.2,-19.9,32.3,-156.0,14.1,40.4,-48.0,-11.5,41.9,-84.5,-13.7,-1.0,3.1,8.0,7.1,-18.0,-1.1,-7.1,22.7,9.7,-4.9,-1.4,2,3
1820,36.4,-0.08,359.68,9.67,14.41,-0.14,-136.76,1035.39,0.0,1282.18,1821.0,7.91,9.89,0.88,0.27,-0.19,-0.0,-0.11,-0.5,0.57,-0.26,0.27,0.67,-0.26,0.27,0.67,18.8,0.0,71.6,48.2,41.2,31.2,-93.0,-12.1,44.1,-156.0,19.7,34.7,-48.0,-6.4,43.0,-88.1,-12.4,8.0,6.5,4.5,1.3,-19.7,-8.6,-16.6,20.7,13.9,-9.9,-5.7,2,3
1822,36.44,-0.08,360.08,9.69,14.42,-0.14,-136.87,1036.53,0.0,1283.64,1823.0,7.89,9.89,0.88,0.18,-0.14,-0.22,1.58,1.38,0.7,-0.29,-2.19,0.16,-0.29,-2.19,0.16,0.0,0.0,61.6,24.9,39.8,29.3,-90.4,-2.7,56.7,-156.0,18.3,34.0,-48.0,-8.4,44.7,-93.3,0.5,-1.1,-0.7,1.3,1.2,-19.7,-8.9,-19.5,9.5,9.3,-4.9,-5.4,2,3
1824,36.48,-0.08,360.48,9.7,14.44,-0.14,-136.98,1037.68,0.0,1285.1,1825.0,7.89,9.89,0.87,0.16,-0.17,0.07,4.15,-0.25,0.81,-3.24,-2.7,-0.37,-3.24,-2.7,-0.37,0.0,97.2,0.0,91.6,36.6,25.9,-89.5,-2.2,62.9,-156.0,13.2,28.0,-48.0,-11.2,46.5,-98.3,0.2,0.7,-0.5,8.3,-6.7,-19.7,-12.6,-20.7,8.7,11.1,-6.3,-2.3,2,3
1826,36.52,-0.08,360.87,9.71,14.45,-0.14,-137.05,1038.82,0.0,1286.59,1827.0,7.88,9.89,0.87,0.14,-0.19,0.06,0.98,0.38,0.63,-0.55,-1.03,0.36,-0.55,-1.03,0.36,0.0,58.2,45.2,0.5,32.5,25.1,-91.5,-3.8,63.2,-156.0,12.0,26.9,-48.0,-9.9,51.2,-103.1,-4.9,3.2,-1.8,11.3,-9.3,-18.4,-17.0,-19.2,20.1,4.1,3.0,-0.8,2,3
1828,36.56,-0.08,361.27,9.72,14.47,-0.14,-137.16,1039.95,0.0,1288.04,1829.0,7.87,9.89,0.87,0.14,-0.18,0.12,0.81,0.08,-0.08,-0.46,-0.61,-0.31,-0.46,-0.61,-0.31,0.0,119.7,25.7,0.0,28.2,27.0,-93.3,-10.9,61.4,-155.5,7.4,27.5,-48.0,-10.8,53.0,-102.4,-10.0,6.1,1.8,12.9,-19.8,14.7,-2.7,3.5,22.8,-2.1,-0.0,3.8,2,3
1830,36.6,-0.08,361.67,9.74,14.48,-0.14,-137.4,1041.09,0.0,1289.36,1831.0,7.86,9.89,0.88,0.15,-0.21,0.13,-2.44,-1.36,-0.45,0.85,2.7,0.1,0.85,2.7,0.1,117.0,0.0,0.0,60.7,29.5,33.1,-94.7,-18.8,50.9,-146.0,7.8,39.3,-48.0,-14.6,46.6,-86.6,-15.7,2.6,1.2,12.4,-17.3,-18.4,2.0,-5.9,22.8,3.8,-4.6,-0.9,1,3
1832,36.64,-0.08,362.06,9.75,14.5,-0.14,-137.57,1042.25,0.0,1290.77,1833.0,7.85,9.9,0.88,0.15,-0.23,0.06,-3.69,-1.11,0.34,1.77,3.22,1.21,1.77,3.22,1.21,48.8,0.0,0.0,33.1,36.6,34.7,-96.5,-17.2,39.5,-156.0,13.9,37.8,-48.0,-12.6,40.0,-81.1,-12.6,5.0,0.8,2.2,10.0,-19.7,-2.2,-8.2,22.1,14.5,-5.6,-4.7,2,3
1834,36.68,-0.08,362.46,9.76,14.51,-0.14,-137.69,1043.39,0.0,1292.23,1835.0,7.83,9.9,0.88,0.18,-0.21,-0.14,0.78,-0.09,1.04,-0.63,-0.73,0.87,-0.63,-0.73,0.87,0.0,0.0,73.0,50.3,37.9,33.5,-97.7,-9.5,55.6,-156.0,18.1,33.8,-48.0,-8.6,44.7,-85.3,-9.8,9.7,1.0,5.9,-4.9,-19.7,-9.1,-16.7,18.2,10.1,-11.0,-4.0,2,3
1836,36.72,-0.08,362.86,9.77,14.53,-0.14,-137.79,1044.54,0.0,1293.7,1837.0,7.82,9.9,0.87,0.15,-0.24,-0.34,1.6,1.41,1.4,-0.1,-2.38,0.91,-0.1,-2.38,0.91,0.0,0.0,93.9,58.5,37.8,32.1,-97.1,-3.1,60.9,-156.0,16.5,30.8,-48.0,-10.0,46.8,-89.6,-0.6,0.6,2.9,5.5,-0.6,-19.7,-13.9,-20.1,4.2,8.2,-7.6,-8.2,2,3
1838,36.76,-0.08,363.26,9.78,14.54,-0.14,-137.9,1045.69,0.0,1295.16,1839.0,7.81,9.91,0.87,0.07,-0.27,0.2,1.26,-0.23,0.98,-1.14,-0.96,0.62,-1.14,-0.96,0.62,0.0,61.6,90.3,34.3,32.5,29.8,-87.8,-5.2,64.6,-156.0,12.8,28.1,-48.0,-12.2,51.0,-93.2,-1.5,-2.5,-0.6,10.6,-6.9,-19.7,-17.1,-19.8,8.6,7.2,-4.5,-5.4,2,3
1840,36.8,-0.08,363.65,9.79,14.55,-0.14,-137.95,1046.83,0.0,1296.65,1841.0,7.8,9.91,0.87,0.07,-0.28,0.06,1.09,0.47,0.95,-0.48,-1.26,0.7,-0.48,-1.26,0.7,0.0,35.6,82.6,33.6,29.2,25.8,-84.5,-8.0,63.5,-156.0,11.7,25.8,-48.0,-11.0,54.0,-98.5,-4.3,1.5,2.0,12.1,-17.0,-4.2,-14.7,-15.2,22.1,1.8,-4.0,-1.3,2,3
1842,36.84,-0.08,364.05,9.79,14.57,-0.14,-138.09,1047.96,0.0,1298.06,1843.0,7.79,9.91,0.87,0.06,-0.26,0.18,-2.71,-1.03,0.2,0.59,2.75,0.73,0.59,2.75,0.73,83.8,90.6,0.0,43.6,28.5,25.5,-82.8,-17.7,56.3,-147.1,11.1,29.8,-48.0,-13.6,51.5,-96.6,-10.0,9.0,2.2,10.9,-19.9,15.9,0.7,4.8,22.8,2.2,-4.7,-0.7,1,3
1844,36.88,-0.08,364.44,9.8,14.58,-0.14,-138.32,1049.12,0.0,1299.41,1845.0,7.78,9.92,0.88,0.06,-0.35,0.02,-4.62,-1.7,-0.22,1.19,4.74,0.67,1.19,4.74,0.67,60.9,0.0,0.0,20.6,34.5,29.2,-90.0,-23.2,33.5,-149.0,17.4,41.2,-48.0,-15.3,41.7,-89.7,-15.8,2.6,-2.1,11.6,0.8,-13.5,-2.2,-6.5,22.8,8.5,-1.6,-0.5,1,3
1846,36.92,-0.08,364.84,9.81,14.6,-0.14,-138.59,1050.27,0.0,1300.71,1847.0,7.76,9.92,0.88,0.21,-0.37,-0.08,-2.18,-2.43,0.23,-0.77,3.07,0.83,-0.77,3.07,0.83,0.0,0.0,164.7,58.8,39.6,31.0,-102.5,-14.2,30.5,-156.0,19.4,36.8,-48.0,-14.0,35.9,-85.4,-15.6,13.5,2.7,-0.1,15.0,-19.7,-3.5,-10.1,21.6,18.4,-1.7,0.4,2,3
1848,36.96,-0.08,365.24,9.82,14.62,-0.14,-138.77,1051.44,0.0,1302.13,1849.0,7.75,9.92,0.87,0.15,-0.36,-0.27,0.37,-1.22,1.18,-1.07,0.18,1.35,-1.07,0.18,1.35,29.4,0.0,62.6,38.8,32.8,49.8,-112.3,-3.6,61.1,-156.0,17.4,45.8,-48.0,-17.0,41.2,-75.8,-3.2,-2.2,7.3,2.8,-5.4,-19.7,-8.5,-19.5,14.4,13.1,-2.5,-10.7,2,3
1850,37.0,-0.08,365.64,9.82,14.63,-0.14,-138.96,1052.61,0.0,1303.52,1851.0,7.73,9.93,0.86,-0.04,-0.39,-0.52,2.31,1.79,1.97,0.6,-3.05,1.65,0.6,-3.05,1.65,0.0,0.0,92.8,50.5,36.7,43.2,-106.8,0.8,65.2,-156.0,17.2,43.6,-48.0,-18.5,46.5,-81.2,-3.4,0.4,6.5,8.1,-5.8,-19.7,-17.5,-20.3,4.3,12.1,-8.3,-5.9,2,3
1852,37.04,-0.08,366.04,9.82,14.64,-0.14,-139.09,1053.79,0.0,1304.97,1853.0,7.72,9.94,0.86,-0.1,-0.5,0.09,1.0,2.0,1.7,1.28,-1.92,1.6,1.28,-1.92,1.6,0.0,0.0,32.2,83.2,32.6,26.7,-86.3,-0.9,68.7,-156.0,12.8,36.9,-48.0,-20.3,45.3,-81.1,-2.2,0.5,2.3,7.6,-11.7,-19.7,-16.4,-20.7,14.1,9.7,-6.0,-10.5,2,3
1854,37.08,-0.08,366.43,9.82,14.65,-0.14,-139.19,1054.94,0.0,1306.44,1855.0,7.7,9.95,0.87,-0.13,-0.47,0.19,0.09,1.39,1.14,1.09,-0.79,1.2,1.09,-0.79,1.2,0.0,65.0,50.9,43.9,32.5,19.4,-72.5,-5.0,65.2,-156.0,11.2,30.9,-48.0,-17.4,45.4,-86.6,-4.2,4.0,7.4,10.7,-19.9,6.6,-12.7,-11.3,22.2,0.5,-7.4,-7.7,2,3
1856,37.12,-0.08,366.83,9.82,14.67,-0.14,-139.34,1056.09,0.0,1307.85,1857.0,7.68,9.96,0.87,-0.13,-0.47,0.2,-3.56,0.1,0.13,1.21,3.2,0.98,1.21,3.2,0.98,147.8,0.0,0.0,25.6,37.1,22.6,-65.4,-15.0,51.2,-144.7,11.5,32.7,-48.0,-16.4,41.5,-96.3,-16.6,11.1,-1.4,9.0,-13.0,-10.5,3.2,0.4,22.8,4.4,-4.4,-0.9,1,3
1858,37.16,-0.08,367.23,9.82,14.68,-0.14,-139.62,1057.24,0.0,1309.14,1859.0,7.67,9.97,0.88,-0.06,-0.46,-0.11,-2.65,-0.76,0.42,0.12,2.56,1.08,0.12,2.56,1.08,66.5,0.0,0.0,37.4,44.0,35.1,-79.1,-19.8,34.0,-156.0,17.2,37.2,-48.0,-15.5,34.6,-98.1,-17.8,1.7,-6.8,8.1,10.8,-19.4,-4.9,-7.1,22.5,10.7,0.4,4.6,2,3
1860,37.2,-0.08,367.63,9.83,14.7,-0.14,-139.76,1058.38,0.0,1310.55,1861.0,7.65,9.98,0.87,0.02,-0.41,-0.3,0.59,-0.86,1.87,-0.83,-0.76,1.82,-0.83,-0.76,1.82,74.9,0.0,69.1,130.0,44.5,47.3,-93.6,-13.4,48.4,-156.0,16.4,33.3,-48.0,-17.6,35.1,-89.4,-18.1,12.9,1.6,1.4,0.6,-19.7,-5.2,-11.3,20.1,16.9,-4.5,0.1,2,3
1862,37.24,-0.08,368.03,9.83,14.71,-0.14,-139.9,1059.54,0.0,1311.98,1863.0,7.63,9.99,0.86,-0.13,-0.41,-0.03,2.78,-0.19,2.08,-0.7,-3.07,1.49,-0.7,-3.07,1.49,0.0,0.0,83.4,119.8,38.6,51.1,-102.9,-8.3,60.1,-156.0,13.6,32.6,-48.0,-20.8,41.1,-88.6,3.7,-9.0,-2.2,4.8,-2.6,-19.7,-9.3,-19.3,11.4,12.0,-4.8,-0.9,2,3
1864,37.28,-0.08,368.43,9.83,14.72,-0.14,-139.99,1060.7,0.0,1313.47,1865.0,7.62,10.0,0.87,-0.2,-0.37,-0.02,-0.15,0.03,1.78,0.01,-0.22,1.78,0.01,-0.22,1.78,0.0,0.0,80.2,106.6,40.1,35.3,-97.4,-3.1,64.4,-156.0,17.1,28.5,-48.0,-16.8,45.4,-92.9,-3.9,0.9,3.2,6.9,-4.3,-19.7,-18.3,-20.5,10.3,10.8,-9.0,-4.2,2,3
1866,37.32,-0.08,368.82,9.83,14.74,-0.14,-140.09,1061.86,0.0,1314.93,1867.0,7.61,10.01,0.87,-0.21,-0.31,-0.04,1.38,-0.36,1.34,-0.47,-1.61,1.0,-0.47,-1.61,1.0,9.1,73.2,61.0,40.9,33.8,29.2,-88.8,-2.5,65.1,-156.0,17.3,25.5,-48.0,-13.8,49.2,-98.3,-4.8,1.2,3.4,8.8,-10.2,-17.8,-16.9,-18.4,18.3,5.0,-3.9,-4.4,2,3
1868,37.36,-0.08,369.22,9.83,14.75,-0.14,-140.16,1063.01,0.0,1316.42,1869.0,7.59,10.02,0.87,-0.25,-0.29,0.06,0.22,-0.66,0.91,-0.75,-0.38,0.78,-0.75,-0.38,0.78,42.4,135.7,23.4,47.4,30.7,27.4,-81.6,-9.5,62.9,-154.5,13.5,26.6,-48.0,-16.7,50.7,-102.8,-5.2,5.9,4.5,8.9,-20.4,17.8,-4.5,1.9,22.8,2.4,-4.0,0.8,2,3
1870,37.4,-0.08,369.62,9.83,14.77,-0.14,-140.37,1064.18,0.0,1317.8,1871.0,7.58,10.03,0.87,-0.28,-0.32,0.02,-3.53,-1.58,0.36,-1.65,3.41,0.85,-1.65,3.41,0.85,127.3,0.0,0.0,51.9,35.0,30.6,-84.2,-17.9,47.4,-145.2,17.0,34.4,-48.0,-17.4,43.1,-95.5,-16.6,7.2,-0.3,8.0,-9.4,-19.5,0.7,-4.1,22.8,7.3,-3.9,-4.0,1,3
1872,37.44,-0.08,370.01,9.83,14.78,-0.14,-140.55,1065.35,0.0,1319.19,1873.0,7.57,10.04,0.87,-0.19,-0.29,-0.21,-1.33,-2.88,1.14,-2.8,1.09,1.52,-2.8,1.09,1.52,79.3,0.0,66.2,128.9,34.8,36.9,-98.9,-17.8,41.0,-156.0,18.2,34.3,-48.0,-18.4,39.5,-88.0,-16.2,16.8,-1.1,2.0,6.0,-19.7,-3.2,-3.5,21.1,14.9,-0.7,0.5,2,3
1874,37.48,-0.08,370.4,9.83,14.79,-0.14,-140.65,1066.53,0.0,1320.67,1875.0,7.56,10.04,0.86,-0.19,-0.21,-0.33,0.31,-1.83,1.58,-1.6,-0.44,1.78,-1.6,-0.44,1.78,45.3,0.0,79.7,90.4,24.4,55.6,-120.1,-10.8,59.6,-156.0,18.5,41.1,-48.0,-21.4,49.8,-79.5,-5.5,7.0,8.9,5.4,-3.3,-19.7,-9.6,-17.1,17.2,13.6,-8.4,-5.7,2,3
1876,37.52,-0.08,370.8,9.83,14.8,-0.14,-140.89,1067.7,0.0,1322.02,1877.0,7.55,10.05,0.85,-0.4,-0.17,0.06,0.77,1.1,1.54,1.32,-0.47,1.48,1.32,-0.47,1.48,0.0,0.0,18.8,114.5,28.9,51.4,-117.2,-6.1,66.2,-156.0,19.5,38.5,-48.0,-19.7,54.8,-79.6,2.4,-3.8,1.5,8.9,-9.2,-19.7,-17.8,-19.1,13.8,11.9,-12.2,-5.8,2,3
1878,37.56,-0.08,371.2,9.83,14.81,-0.14,-141.0,1068.88,0.0,1323.49,1879.0,7.54,10.07,0.86,-0.55,-0.13,0.09,-3.83,2.28,1.78,1.53,4.25,1.61,1.53,4.25,1.61,0.0,0.0,89.8,59.2,39.3,26.5,-102.9,-1.3,64.7,-156.0,24.6,30.2,-48.0,-10.8,46.4,-71.6,-7.5,-4.2,0.8,13.8,-12.2,-19.7,-18.7,-21.2,16.2,5.9,-13.9,-6.3,2,3
1880,37.6,-0.08,371.59,9.83,14.83,-0.14,-141.18,1070.03,0.0,1324.87,1881.0,7.53,10.09,0.87,-0.61,-0.03,0.1,0.83,1.64,1.41,2.04,-0.41,1.03,2.04,-0.41,1.03,0.0,90.1,90.5,73.0,38.0,10.5,-91.5,2.1,63.3,-156.0,23.4,22.2,-48.0,-7.3,39.3,-68.7,-6.4,0.8,1.0,17.9,-18.9,-19.7,-19.6,-21.2,20.5,-1.6,-9.9,-14.2,2,3
1882,37.64,-0.08,371.98,9.83,14.84,-0.14,-141.31,1071.18,0.0,1326.3,1883.0,7.52,10.12,0.88,-0.62,0.07,0.06,0.5,0.22,0.21,0.39,-0.43,0.1,0.39,-0.43,0.1,0.0,74.5,3.2,0.0,34.5,10.9,-86.2,-3.1,60.5,-156.0,18.4,21.0,-48.0,-14.5,37.9,-88.9,-5.7,12.9,-0.5,16.4,-1.6,-19.7,-4.7,-9.5,21.1,-3.9,-1.1,-4.0,2,3
1884,37.68,-0.08,372.37,9.83,14.86,-0.14,-141.5,1072.33,0.0,1327.67,1885.0,7.52,10.14,0.88,-0.41,0.11,-0.17,-0.71,-1.99,-0.47,-2.17,0.06,-0.08,-2.17,0.06,-0.08,139.7,32.0,0.0,0.0,37.1,34.4,-90.7,7.2,79.9,-156.0,20.3,28.8,-48.0,-24.6,32.8,-106.5,-18.4,17.5,0.2,-1.6,6.7,-19.7,1.2,2.1,21.9,11.5,4.3,4.9,2,3
1886,37.72,-0.08,372.77,9.83,14.87,-0.14,-141.73,1073.5,0.0,1329.01,1887.0,7.52,10.15,0.87,-0.35,0.16,-0.27,2.18,-2.26,-0.07,-1.47,-2.78,0.07,-1.47,-2.78,0.07,56.5,0.0,0.0,52.1,33.2,68.4,-91.2,-9.0,100.9,-156.0,16.5,39.7,-48.0,-31.9,41.8,-97.1,-15.6,-2.8,4.9,1.5,-10.7,-19.7,-7.7,-4.3,21.5,17.8,-2.0,-2.6,2,3
1888,37.76,-0.08,373.16,9.83,14.89,-0.14,-142.04,1074.68,0.0,1330.28,1889.0,7.52,10.17,0.86,-0.63,0.17,-0.43,-4.59,-0.37,1.1,-1.73,4.28,1.07,-1.73,4.28,1.07,0.0,0.0,56.7,74.0,39.0,70.8,-87.3,-11.9,81.0,-156.0,14.1,50.6,-48.0,-33.4,49.8,-89.1,3.4,-12.5,-10.5,7.0,-2.8,-19.7,-12.0,-20.7,14.7,18.5,-5.2,-7.4,2,3
1890,37.8,-0.08,373.55,9.83,14.9,-0.14,-142.28,1075.83,0.0,1331.59,1891.0,7.51,10.2,0.85,-0.71,0.2,0.16,-4.32,2.47,1.47,1.02,4.99,0.98,1.02,4.99,0.98,0.0,0.0,85.8,66.5,45.2,39.0,-111.5,4.5,67.5,-156.0,21.9,42.7,-48.0,-21.8,44.1,-82.4,-3.6,4.4,0.2,14.0,-8.8,-19.7,-17.2,-21.5,21.2,18.6,-8.9,-11.9,2,3
1892,37.84,-0.08,373.94,9.83,14.91,-0.14,-142.51,1076.93,0.0,1332.87,1893.0,7.51,10.23,0.86,-0.74,0.25,0.15,-0.13,2.49,1.34,2.56,1.17,0.2,2.56,1.17,0.2,0.0,0.0,83.7,33.3,45.5,28.4,-121.2,17.8,67.2,-156.0,25.9,34.1,-48.0,-11.0,36.6,-77.7,-6.7,-2.7,0.2,14.2,-9.2,-19.7,-20.0,-21.6,15.7,8.2,-10.7,-8.3,2,3
1894,37.88,-0.08,374.33,9.83,14.92,-0.14,-142.61,1078.03,0.0,1334.27,1895.0,7.51,10.26,0.87,-0.75,0.31,0.12,1.3,1.44,0.99,2.1,-0.58,0.01,2.1,-0.58,0.01,0.0,51.9,65.6,0.0,41.5,25.7,-121.7,14.9,65.9,-156.0,18.9,27.8,-48.0,-11.2,36.1,-91.9,-7.3,3.1,3.4,16.9,-11.7,-19.7,-10.8,-21.4,22.1,-7.0,6.3,-1.9,2,3
1896,37.92,-0.08,374.71,9.83,14.94,-0.14,-142.87,1079.12,0.0,1335.51,1897.0,7.51,10.29,0.87,-0.55,0.33,-0.03,-2.62,-1.28,-0.28,-2.17,1.7,0.99,-2.17,1.7,0.99,167.8,126.1,23.7,0.0,40.0,33.4,-109.9,24.7,75.7,-156.0,17.7,28.0,-48.0,-23.7,43.4,-96.5,-10.5,11.2,12.1,13.9,21.0,-19.7,-0.7,4.9,22.8,2.0,-4.8,6.6,2,3
1898,37.96,-0.08,375.1,9.83,14.95,-0.14,-143.22,1080.23,0.0,1336.66,1899.0,7.52,10.31,0.87,-0.4,0.43,0.02,5.49,-2.8,-0.43,-0.2,-6.15,-0.51,-0.2,-6.15,-0.51,64.3,0.0,0.0,0.0,42.2,47.2,-88.0,34.6,119.0,-156.0,13.4,44.9,-48.0,-37.9,43.6,-79.4,-18.3,5.8,16.1,-14.2,-12.3,-19.7,-0.2,-3.6,22.2,18.8,-1.1,-6.5,2,3
1900,38.0,-0.08,375.49,9.83,14.96,-0.14,-143.64,1081.33,0.0,1337.74,1901.0,7.53,10.34,0.87,-0.51,0.39,-0.33,-0.66,-1.58,0.92,-1.49,-0.14,1.24,-1.49,-0.14,1.24,0.0,0.0,56.5,83.6,37.9,44.0,-48.0,-2.2,104.8,-156.0,2.8,53.2,-48.0,-23.2,56.2,-95.3,11.9,-19.7,-1.4,0.6,-5.0,-19.7,-1.8,-19.6,16.8,19.4,-12.9,-9.4,3,3
1902,38.04,-0.08,375.88,9.83,14.98,-0.14,-144.07,1082.46,0.0,1338.85,1903.0,7.53,10.37,0.86,-0.66,0.48,0.38,-1.83,0.17,2.09,-0.0,1.75,2.16,-0.0,1.75,2.16,0.0,0.0,82.7,66.6,59.9,20.7,-73.9,-7.7,77.8,-156.0,18.0,47.3,-48.0,-4.5,61.8,-112.3,-2.9,11.7,-4.2,12.5,-4.4,-19.7,-0.8,-21.8,21.5,16.6,-4.2,-3.9,3,3
1904,38.08,-0.08,376.27,9.83,14.99,-0.14,-144.3,1083.56,0.0,1340.11,1905.0,7.53,10.4,0.87,-0.59,0.47,0.32,-1.5,1.99,1.78,1.45,2.47,1.09,1.45,2.47,1.09,0.0,0.0,85.4,50.2,51.0,13.4,-117.1,19.1,63.4,-156.0,27.9,36.8,-48.0,7.7,57.7,-109.2,2.3,6.6,1.0,4.7,-3.4,-19.7,-18.1,-21.5,17.7,8.3,-13.4,-6.8,2,3
1906,38.12,-0.08,376.66,9.83,15.0,-0.14,-144.48,1084.65,0.0,1341.44,1907.0,7.54,10.43,0.88,-0.48,0.52,0.21,1.95,1.01,0.89,2.16,-0.94,-0.2,2.16,-0.94,-0.2,0.0,61.9,80.8,0.0,46.3,19.0,-140.3,18.6,64.5,-156.0,19.3,30.0,-48.0,5.6,50.9,-107.1,-10.3,10.7,1.9,16.1,-8.1,-19.7,-17.9,-21.5,21.3,-1.4,10.6,-3.5,2,3
1908,38.16,-0.08,377.05,9.83,15.02,-0.14,-144.75,1085.75,0.0,1342.66,1909.0,7.55,10.45,0.88,-0.34,0.48,0.05,0.8,-0.65,0.17,0.03,-1.04,0.07,0.03,-1.04,0.07,0.0,78.8,61.1,0.0,31.3,37.0,-138.2,6.7,60.9,-156.0,7.1,30.5,-48.0,-6.8,66.1,-103.5,-6.0,-0.6,9.7,17.6,0.5,-17.1,-2.1,-9.6,22.8,-11.7,-1.8,11.8,2,3
1910,38.2,-0.08,377.44,9.83,15.04,-0.14,-145.02,1086.85,0.0,1343.91,1911.0,7.56,10.47,0.88,-0.13,0.38,0.11,-1.24,-4.39,-0.12,-3.89,-1.81,1.56,-3.89,-1.81,1.56,189.3,86.9,0.0,0.0,35.8,43.5,-112.1,30.1,84.3,-156.0,4.8,47.2,-48.0,-41.4,62.7,-58.3,-17.0,3.9,22.1,10.6,16.6,-19.7,-0.9,6.9,22.8,11.6,-6.7,-0.2,2,3
1912,38.24,-0.08,377.83,9.83,15.05,-0.14,-145.61,1087.92,0.0,1344.79,1913.0,7.57,10.49,0.88,-0.08,0.55,0.14,2.57,-2.23,0.55,0.14,-3.33,0.87,0.14,-3.33,0.87,24.0,0.0,0.0,0.0,41.7,41.2,-65.6,36.9,115.2,-156.0,-2.7,68.1,-48.0,-39.0,60.0,-69.0,-13.5,-2.6,18.4,-13.1,-9.3,-19.7,-0.5,-16.4,21.5,19.1,1.8,-16.5,2,3
1914,38.28,-0.08,378.22,9.83,15.07,-0.14,-146.02,1088.77,0.0,1345.64,1915.0,7.58,10.51,0.87,-0.34,0.49,-0.3,-5.88,1.49,2.62,-2.37,5.57,2.63,-2.37,5.57,2.63,0.0,0.0,0.0,86.1,53.9,21.2,-52.5,-3.1,102.8,-156.0,11.1,59.9,-48.0,0.3,71.4,-109.9,2.0,-2.9,-8.5,8.2,-10.0,-19.7,-7.1,-21.7,20.5,18.4,-12.8,-5.3,3,3
1916,38.32,-0.08,378.61,9.83,15.08,-0.14,-146.39,1089.89,0.0,1346.78,1917.0,7.58,10.53,0.87,-0.22,0.47,0.42,0.31,0.73,2.26,1.47,0.65,1.77,1.47,0.65,1.77,0.0,0.0,74.5,43.5,53.5,-4.0,-87.6,7.7,75.3,-156.0,29.2,44.8,-48.0,28.5,71.3,-129.5,-0.1,13.3,-3.3,-1.8,-6.2,-19.7,-4.4,-21.6,21.4,8.4,-8.8,0.9,2,3
1918,38.36,-0.08,379.01,9.83,15.1,-0.14,-146.71,1091.0,0.0,1347.99,1919.0,7.59,10.55,0.87,-0.06,0.48,0.27,3.9,2.23,1.33,4.64,-0.54,-0.37,4.64,-0.54,-0.37,0.0,0.0,80.8,56.6,50.4,1.5,-129.7,20.2,62.4,-156.0,21.2,36.1,-48.0,25.3,64.6,-126.1,-0.4,13.6,3.6,6.9,-3.9,-19.7,-17.8,-21.6,15.2,1.2,-7.4,-0.3,2,3
1920,38.4,-0.08,379.4,9.83,15.11,-0.15,-146.88,1092.13,0.0,1349.35,1921.0,7.61,10.57,0.88,0.11,0.46,0.2,2.86,0.51,0.63,2.63,-1.27,-0.51,2.63,-1.27,-0.51,0.0,47.1,78.2,0.0,38.2,39.1,-142.1,9.8,62.8,-156.0,8.6,31.7,-48.0,14.6,63.4,-119.3,-5.8,-2.9,-0.1,17.3,-16.5,-18.4,-10.3,-21.4,22.8,-14.2,15.5,2.4,2,3
1922,38.44,-0.08,379.79,9.84,15.13,-0.15,-147.19,1093.26,0.0,1350.59,1923.0,7.62,10.58,0.88,0.12,0.33,0.16,-1.21,-1.25,1.06,-1.28,-0.55,1.49,-1.28,-0.55,1.49,156.3,93.3,0.0,0.0,26.8,49.4,-136.7,13.6,64.2,-156.0,9.2,34.8,-48.0,-16.4,81.3,-89.8,-13.7,-8.3,13.4,17.5,1.3,-15.3,-3.4,10.8,22.8,-1.8,-17.6,9.5,2,3
1924,38.48,-0.08,380.18,9.86,15.15,-0.15,-147.52,1094.39,0.0,1351.83,1925.0,7.64,10.58,0.89,0.26,0.24,0.38,0.18,-2.9,0.43,-1.25,-2.58,0.64,-1.25,-2.58,0.64,74.0,7.5,0.0,0.0,37.4,40.2,-109.5,40.2,75.5,-156.0,6.0,56.0,-48.0,-47.2,58.1,-49.0,-13.0,9.1,20.1,-10.8,5.2,-19.7,4.9,-14.2,22.8,17.7,-1.5,-9.0,3,3
1926,38.52,-0.08,380.56,9.88,15.17,-0.15,-147.88,1095.54,0.0,1353.04,1927.0,7.66,10.58,0.9,0.24,0.25,0.11,0.55,-1.09,1.8,0.31,-1.3,1.72,0.31,-1.3,1.72,0.0,0.0,47.0,0.0,44.9,23.0,-62.6,20.3,76.9,-156.0,8.2,48.5,-48.0,-10.9,47.4,-74.2,-2.0,-6.9,-0.6,-0.7,-1.9,-19.7,-4.5,-19.0,21.6,3.9,0.4,-9.0,2,3
1928,38.56,-0.08,380.94,9.9,15.18,-0.15,-148.26,1096.71,0.0,1354.24,1929.0,7.66,10.59,0.89,0.17,0.16,-0.22,-0.22,1.82,3.06,1.15,1.52,3.01,1.15,1.52,3.01,0.0,0.0,54.9,0.0,49.4,-0.3,-57.1,1.5,74.3,-156.0,23.2,37.1,-48.0,20.4,45.6,-114.6,0.1,8.2,-1.3,10.4,-8.2,-19.7,-12.3,-19.3,16.1,-1.2,-2.1,3.1,2,3
1930,38.6,-0.08,381.31,9.92,15.2,-0.15,-148.56,1097.84,0.0,1355.48,1931.0,7.67,10.59,0.88,0.31,0.08,-0.44,11.03,2.47,2.06,11.37,-1.45,-0.78,11.37,-1.45,-0.78,0.0,0.0,40.1,0.0,46.0,3.5,-84.4,7.1,60.8,-156.0,22.6,16.5,-48.0,25.0,37.0,-120.1,2.5,5.9,1.9,-0.9,-5.5,-19.7,-17.6,-6.3,8.6,-6.6,-0.3,2.4,2,3
1932,38.64,-0.08,381.68,9.96,15.21,-0.15,-148.84,1098.9,0.0,1356.69,1933.0,7.69,10.59,0.86,0.48,-0.13,-0.2,5.88,-0.44,1.76,5.5,-2.67,-0.76,5.5,-2.67,-0.76,0.0,23.8,11.2,0.0,37.8,22.1,-81.2,4.3,52.3,-156.0,4.2,9.9,-48.0,6.9,40.5,-110.1,1.9,-11.7,2.6,0.8,-19.0,3.7,-9.4,-4.3,20.5,2.5,-8.2,1.6,2,3
1934,38.68,-0.08,382.05,9.98,15.22,-0.15,-149.1,1099.96,0.0,1357.88,1935.0,7.7,10.59,0.85,0.18,-0.04,0.18,-1.56,-2.33,1.49,-2.15,-2.33,-0.17,-2.15,-2.33,-0.17,0.0,73.2,0.0,79.4,42.5,12.3,-60.0,-12.1,52.3,-154.9,2.1,22.3,-48.0,4.5,43.1,-112.4,-4.1,-1.9,0.4,2.1,-21.8,23.6,6.0,5.7,22.8,-6.7,-7.3,6.0,2,3
1936,38.72,-0.08,382.42,9.98,15.24,-0.15,-149.49,1100.74,0.0,1358.66,1937.0,7.7,10.58,0.86,0.07,-0.18,0.37,-7.64,-2.97,0.57,-8.17,-0.83,-0.24,-8.17,-0.83,-0.24,0.0,0.0,0.0,0.0,41.3,11.0,-75.4,-25.1,30.0,-125.1,22.7,39.6,-48.0,1.1,39.7,-119.8,-11.0,14.0,-5.6,11.3,1.6,-18.3,-1.5,-10.6,22.8,10.0,2.1,3.3,1,3
1938,38.76,-0.09,382.79,10.0,15.25,-0.15,-149.87,1101.87,0.0,1359.81,1939.0,7.7,10.56,0.86,0.18,-0.36,0.02,-7.27,-3.27,0.23,-7.88,-1.07,-0.65,-7.88,-1.07,-0.65,72.8,0.0,0.0,140.8,35.7,31.9,-101.8,-9.7,13.4,-156.0,41.2,34.4,-48.0,9.8,35.9,-118.3,-17.7,20.2,-3.3,9.5,10.6,-9.0,-3.6,4.4,22.8,15.5,-7.8,19.3,2,3
1940,38.8,-0.09,383.17,10.02,15.26,-0.15,-150.15,1103.04,0.0,1361.11,1941.0,7.7,10.54,0.86,0.28,-0.4,-0.05,-5.09,-3.44,-0.09,-5.82,-1.78,-0.79,-5.82,-1.78,-0.79,90.6,0.0,0.0,106.3,35.7,60.1,-131.4,11.9,47.8,-156.0,38.5,34.7,-48.0,3.9,45.4,-109.0,-18.2,18.7,8.2,2.5,11.4,-19.7,-4.6,-12.4,22.8,18.4,5.0,21.4,2,3
1942,38.84,-0.09,383.55,10.03,15.27,-0.15,-150.68,1104.2,0.0,1362.13,1943.0,7.71,10.52,0.86,0.06,-0.36,-0.29,3.42,-0.07,1.41,2.96,-0.8,2.08,2.96,-0.8,2.08,0.0,0.0,78.1,0.0,23.3,104.4,-145.3,27.1,102.7,-156.0,38.6,48.0,-51.2,2.0,70.3,-77.3,15.4,-18.8,2.7,0.6,-14.4,-19.7,-21.0,-10.7,-18.8,-9.5,6.9,-14.4,2,3
1944,38.88,-0.09,383.94,10.03,15.28,-0.15,-151.31,1105.34,0.0,1363.05,1945.0,7.7,10.51,0.85,-0.32,-0.62,0.21,6.13,4.31,1.13,6.48,2.67,2.88,6.48,2.67,2.88,0.0,64.2,0.0,0.0,52.1,50.4,-109.3,11.3,79.9,-156.0,13.4,52.4,-63.2,-4.2,91.5,-93.7,-9.6,-3.8,7.3,6.1,-5.7,-19.7,-1.8,-9.0,5.7,6.6,-21.7,3.9,1,3
1946,38.92,-0.09,384.32,10.03,15.29,-0.15,-151.6,1106.49,0.0,1364.31,1947.0,7.68,10.48,0.86,-0.43,-0.55,0.38,-2.47,4.75,1.33,-1.94,4.51,2.52,-1.94,4.51,2.52,0.0,45.4,85.2,120.6,51.3,-1.6,-61.2,-5.2,68.0,-155.8,12.8,28.7,-48.0,1.8,58.1,-78.7,-2.4,9.4,5.4,15.2,-20.8,15.6,-12.6,-12.7,22.8,-13.6,-16.7,-16.3,2,3
1948,38.96,-0.09,384.71,10.03,15.31,-0.15,-152.04,1107.34,0.0,1365.12,1949.0,7.66,10.46,0.87,-0.37,-0.63,0.52,-5.96,1.19,-1.33,-5.95,1.81,-0.25,-5.95,1.81,-0.25,0.0,0.0,0.0,0.0,43.2,0.8,-50.6,-16.6,45.4,-142.2,15.7,23.5,-48.0,-8.7,44.8,-101.0,-10.3,19.0,1.1,15.8,-12.6,-10.6,3.0,0.3,22.4,6.5,2.8,-4.0,2,3
1950,39.0,-0.09,385.1,10.03,15.32,-0.15,-152.44,1108.49,0.0,1366.27,1951.0,7.65,10.43,0.89,-0.17,-0.57,0.01,-4.26,0.11,-0.35,-4.22,0.54,0.41,-4.22,0.54,0.41,67.1,0.0,0.0,0.0,54.2,36.8,-80.3,-4.9,42.9,-156.0,32.4,32.5,-48.0,-13.6,38.5,-132.9,-19.7,6.1,-6.3,-1.5,0.5,-18.0,-5.4,-0.7,22.8,10.4,2.3,10.4,3,3
1952,39.04,-0.09,385.5,10.03,15.34,-0.15,-152.79,1109.63,0.0,1367.48,1953.0,7.64,10.41,0.89,-0.23,-0.54,-0.05,2.37,0.23,0.95,2.52,0.12,0.41,2.52,0.12,0.41,38.6,0.0,0.0,71.4,36.9,86.2,-117.8,-10.7,57.8,-156.0,28.0,33.8,-48.0,-10.4,42.2,-103.4,-12.5,-6.0,1.7,8.0,-7.4,-19.7,-3.4,-14.7,22.8,16.5,-3.1,10.9,2,3
1954,39.08,-0.09,385.89,10.03,15.36,-0.15,-153.15,1110.77,0.0,1368.66,1955.0,7.63,10.39,0.89,-0.24,-0.53,-0.27,1.27,1.82,2.32,1.84,2.04,1.67,1.84,2.04,1.67,0.0,0.0,55.7,0.0,11.0,118.6,-118.6,-1.5,63.1,-156.0,19.7,26.2,-48.0,-6.0,46.5,-72.0,16.4,-20.0,-5.3,0.8,-5.7,-19.7,-15.9,-12.9,0.7,-12.7,11.9,-11.1,2,3
1956,39.12,-0.09,386.28,10.03,15.38,-0.15,-153.61,1111.9,0.0,1369.75,1957.0,7.61,10.37,0.88,-0.4,-0.57,-0.52,1.0,4.57,1.6,1.38,4.61,1.13,1.38,4.61,1.13,0.0,91.5,55.6,0.0,49.3,66.9,-115.5,-13.2,61.9,-156.0,8.3,19.2,-48.0,1.1,54.4,-82.8,-8.0,0.7,3.3,12.4,-9.6,-19.7,-7.2,-16.4,5.2,7.2,-20.4,-5.5,2,3
1958,39.16,-0.09,386.67,10.03,15.39,-0.15,-153.96,1113.02,0.0,1370.92,1959.0,7.6,10.35,0.88,-0.41,-0.57,-0.03,-1.7,-0.43,0.75,-1.14,-0.46,1.46,-1.14,-0.46,1.46,0.0,40.6,96.8,19.6,47.5,30.7,-94.3,-10.4,57.8,-156.0,15.7,15.0,-48.0,9.2,48.7,-87.5,-4.0,4.3,-4.4,10.5,-14.8,-19.5,-10.8,-14.2,21.4,-8.5,-2.0,-7.6,2,3
1960,39.2,-0.09,387.06,10.03,15.41,-0.15,-154.15,1114.13,0.0,1372.25,1961.0,7.58,10.33,0.89,-0.41,-0.43,-0.11,0.93,-0.49,0.25,1.01,-0.35,-0.14,1.01,-0.35,-0.14,82.7,167.5,0.0,0.0,33.5,26.6,-92.8,-11.8,52.3,-154.3,15.8,14.5,-48.0,-3.7,46.3,-109.5,-12.4,7.5,-2.7,15.2,-20.8,21.6,-2.9,11.6,22.8,-4.9,9.6,5.6,2,3
1962,39.24,-0.09,387.46,10.03,15.43,-0.15,-154.43,1115.24,0.0,1373.49,1963.0,7.57,10.31,0.9,-0.32,-0.45,-0.05,-4.01,-2.27,-0.33,-3.39,-2.71,1.56,-3.39,-2.71,1.56,55.4,0.0,0.0,0.0,37.1,31.2,-96.0,-17.4,38.0,-154.4,20.8,36.5,-48.0,-21.5,43.6,-94.9,-17.1,-2.8,0.3,10.3,-9.2,-18.8,-1.1,-8.5,22.8,7.6,-10.6,4.0,2,3
1964,39.28,-0.09,387.85,10.03,15.45,-0.15,-154.7,1116.35,0.0,1374.74,1965.0,7.57,10.29,0.9,-0.29,-0.38,-0.06,1.39,-2.36,0.8,2.02,-1.78,0.95,2.02,-1.78,0.95,63.6,0.0,0.0,74.8,36.3,33.0,-100.3,-13.1,34.9,-156.0,19.4,37.7,-48.0,-11.1,28.4,-74.9,-15.6,-0.0,5.1,1.6,-4.8,-19.5,-2.6,-12.7,21.7,11.5,-1.6,-4.7,2,3
1966,39.32,-0.09,388.24,10.03,15.47,-0.15,-154.85,1117.47,0.0,1376.13,1967.0,7.56,10.27,0.9,-0.25,-0.31,-0.17,1.3,-2.11,1.55,2.02,-1.32,1.65,2.02,-1.32,1.65,46.0,0.0,55.5,51.5,26.4,35.9,-106.1,-13.1,43.4,-156.0,13.4,28.9,-48.0,-13.2,36.7,-76.9,-8.8,12.3,5.1,5.5,0.5,-19.7,-7.3,-18.0,7.9,12.9,-9.2,-3.1,2,3
1968,39.36,-0.09,388.63,10.03,15.49,-0.15,-155.0,1118.61,0.0,1377.52,1969.0,7.55,10.26,0.9,-0.38,-0.25,-0.5,-0.03,0.88,2.05,-0.04,1.27,1.83,-0.04,1.27,1.83,0.0,0.0,74.2,36.8,28.5,33.3,-110.9,-7.9,51.4,-156.0,16.1,27.9,-48.0,-11.2,44.6,-80.0,0.1,6.7,3.1,6.8,1.6,-19.7,-16.0,-19.3,5.4,7.8,-10.5,-6.9,2,3
1970,39.4,-0.09,389.02,10.03,15.51,-0.15,-155.1,1119.74,0.0,1378.96,1971.0,7.53,10.24,0.88,-0.36,-0.18,-0.67,-2.56,1.81,1.89,-2.64,1.24,2.21,-2.64,1.24,2.21,0.0,0.0,68.4,40.3,41.1,31.6,-108.6,-8.2,56.4,-156.0,22.8,16.2,-48.0,-3.5,46.0,-86.0,-6.8,-10.7,-2.8,7.3,-3.3,-19.7,-15.8,-17.9,13.6,7.3,-4.1,-5.1,2,3
1972,39.44,-0.09,389.41,10.03,15.52,-0.15,-155.32,1120.87,0.0,1380.27,1973.0,7.52,10.22,0.87,-0.49,-0.13,-0.01,2.63,-1.83,0.91,3.29,-0.31,0.41,3.29,-0.31,0.41,0.0,29.7,115.4,0.0,32.4,23.6,-105.1,-4.0,60.5,-156.0,24.5,11.3,-48.0,1.6,52.2,-93.7,-8.8,3.4,-1.1,15.3,-17.5,-18.1,-18.2,-18.7,20.9,-4.0,1.3,-5.7,2,3
1974,39.48,-0.09,389.8,10.03,15.54,-0.15,-155.48,1122.02,0.0,1381.67,1975.0,7.5,10.21,0.88,-0.48,-0.07,0.03,1.86,-1.42,0.52,2.36,-0.38,0.13,2.36,-0.38,0.13,0.0,0.0,56.3,3.3,20.4,27.3,-107.0,-11.6,60.6,-156.0,16.9,12.9,-48.0,-8.5,54.2,-97.2,-3.9,3.2,2.2,19.9,-12.0,-16.9,-7.8,4.4,22.7,-8.1,-5.1,2.1,2,3
1976,39.52,-0.09,390.19,10.03,15.56,-0.15,-155.63,1123.19,0.0,1383.09,1977.0,7.49,10.2,0.89,-0.4,-0.07,0.06,-0.95,-2.69,0.09,0.44,-2.8,0.33,0.44,-2.8,0.33,153.5,40.9,0.0,70.4,23.1,33.2,-97.2,5.6,69.0,-156.0,15.7,25.3,-48.0,-20.5,42.9,-84.0,-14.9,17.6,6.4,4.0,10.1,-19.7,-2.6,4.4,22.1,10.2,-1.2,0.5,2,3
1978,39.56,-0.09,390.59,10.03,15.57,-0.15,-155.82,1124.37,0.0,1384.5,1979.0,7.48,10.19,0.89,-0.31,-0.05,-0.22,0.94,-3.63,0.23,2.52,-2.77,0.34,2.52,-2.77,0.34,63.4,0.0,31.9,44.9,26.9,48.2,-83.4,2.3,85.1,-156.0,8.4,44.4,-48.0,-25.0,51.3,-82.0,-16.2,17.0,9.1,-4.1,-4.2,-19.7,-4.2,-9.4,20.9,19.5,-2.0,-9.8,2,3
1980,39.6,-0.09,390.98,10.03,15.59,-0.15,-156.04,1125.55,0.0,1385.87,1981.0,7.46,10.18,0.87,-0.54,0.0,-0.37,-2.92,-1.26,1.08,-2.06,-2.52,0.82,-2.06,-2.52,0.82,0.0,0.0,59.1,48.5,33.0,56.7,-80.8,-8.4,77.7,-156.0,11.6,55.8,-48.0,-24.0,65.2,-88.3,1.7,-15.3,-13.6,10.3,-6.3,-19.7,-12.2,-19.6,16.1,10.5,-6.0,-4.4,2,3
1982,39.64,-0.09,391.38,10.03,15.6,-0.15,-156.33,1126.71,0.0,1387.15,1983.0,7.44,10.17,0.86,-0.69,0.03,0.08,-0.0,3.72,1.42,-2.11,3.27,0.82,-2.11,3.27,0.82,0.0,0.0,103.3,90.8,40.3,37.4,-106.9,3.7,68.0,-156.0,18.2,48.9,-48.0,-15.0,62.8,-89.4,-2.2,4.9,0.6,16.1,-11.3,-19.7,-13.0,-21.4,19.1,16.7,-13.2,-6.8,2,3
1984,39.68,-0.09,391.78,10.03,15.61,-0.15,-156.51,1127.86,0.0,1388.53,1985.0,7.42,10.16,0.86,-0.57,0.16,0.14,1.58,3.5,1.17,-0.67,3.95,0.24,-0.67,3.95,0.24,0.0,0.0,78.9,72.4,40.4,25.1,-114.7,7.9,66.6,-156.0,18.6,37.5,-48.0,-6.7,50.9,-82.9,-4.9,2.3,3.2,13.9,-11.0,-19.7,-18.9,-21.5,10.8,6.4,-8.8,-12.2,2,3
1986,39.72,-0.09,392.17,10.03,15.63,-0.15,-156.61,1129.0,0.0,1389.98,1987.0,7.4,10.16,0.87,-0.44,0.16,0.17,0.37,1.9,0.65,-0.74,1.88,0.28,-0.74,1.88,0.28,0.0,46.2,87.2,0.0,36.5,22.6,-107.4,0.6,62.9,-156.0,10.8,29.6,-48.0,-6.3,48.2,-94.2,-5.3,2.3,1.6,17.0,-9.9,-19.7,-13.4,-21.3,21.0,-4.2,-0.9,-4.2,2,3
1988,39.76,-0.09,392.57,10.03,15.64,-0.15,-156.8,1130.13,0.0,1391.33,1989.0,7.38,10.15,0.88,-0.33,0.14,0.04,-2.76,-0.33,0.1,-1.96,-1.74,0.93,-1.96,-1.74,0.93,0.0,134.8,20.2,0.0,37.5,26.1,-98.0,2.2,60.9,-156.0,9.3,28.4,-48.0,-16.7,40.6,-104.7,-12.2,8.1,-0.9,16.2,13.2,-19.8,2.7,0.7,22.8,-1.5,-0.6,7.0,2,3
1990,39.8,-0.09,392.96,10.03,15.66,-0.15,-157.0,1131.25,0.0,1392.66,1991.0,7.37,10.15,0.88,-0.17,0.22,-0.06,0.51,-1.7,-0.07,1.44,-1.03,0.2,1.44,-1.03,0.2,138.2,0.0,81.0,0.0,42.5,40.2,-93.9,14.9,92.2,-156.0,13.9,36.6,-48.0,-28.4,31.1,-88.3,-17.9,9.2,5.9,-4.9,-8.3,-19.7,-0.1,-5.7,22.5,14.6,1.2,3.9,2,3
1992,39.84,-0.09,393.36,10.03,15.68,-0.15,-157.31,1132.39,0.0,1393.91,1993.0,7.36,10.15,0.88,-0.15,0.19,-0.24,1.14,-2.41,0.58,2.39,-1.06,0.78,2.39,-1.06,0.78,6.1,0.0,57.8,43.1,37.8,53.9,-85.3,-5.8,89.6,-156.0,7.2,47.5,-48.0,-24.7,39.1,-86.3,-5.1,-16.6,7.1,2.4,-7.8,-19.7,-5.8,-17.5,16.4,15.6,-7.3,-9.8,2,3
1994,39.88,-0.09,393.75,10.03,15.69,-0.15,-157.6,1133.54,0.0,1395.16,1995.0,7.35,10.15,0.86,-0.39,0.24,-0.41,-5.28,1.38,1.73,-4.98,-1.91,2.08,-4.98,-1.91,2.08,0.0,0.0,64.2,71.3,49.7,36.4,-81.3,-7.3,70.2,-156.0,16.9,46.5,-48.0,-15.4,46.3,-104.8,-6.9,8.0,-5.8,9.4,-1.4,-19.7,-11.7,-21.6,19.7,18.6,-1.9,2.2,2,3
1996,39.92,-0.09,394.15,10.03,15.7,-0.15,-157.89,1134.66,0.0,1396.41,1997.0,7.33,10.15,0.87,-0.33,0.22,0.15,-0.03,1.26,1.47,-0.97,1.3,1.06,-0.97,1.3,1.06,0.0,0.0,82.3,40.0,45.0,27.7,-106.9,11.4,64.2,-156.0,21.3,40.0,-48.0,-9.0,47.3,-104.8,-4.6,0.8,-3.1,5.7,-5.0,-19.7,-15.1,-21.7,17.7,12.9,-8.1,-6.6,2,3
1998,39.96,-0.09,394.54,10.03,15.72,-0.15,-158.02,1135.78,0.0,1397.81,1999.0,7.32,10.15,0.87,-0.16,0.23,0.05,1.84,0.95,1.35,0.58,2.34,0.58,0.58,2.34,0.58,0.0,88.3,81.9,18.5,41.9,26.5,-117.1,12.6,66.5,-156.0,16.4,34.3,-48.0,-9.9,43.6,-106.4,-4.5,3.6,2.8,12.8,-6.7,-19.7,-18.4,-21.5,17.0,8.1,1.3,-6.5,2,3
2000,40.0,-0.09,394.94,10.03,15.73,-0.15,-158.09,1136.91,0.0,1399.27,2001.0,7.31,10.15,0.87,-0.02,0.19,0.04,0.65,0.47,0.91,0.13,1.05,0.59,0.13,1.05,0.59,0.0,59.0,71.7,0.0,35.7,29.5,-113.4,3.0,63.9,-156.0,9.2,32.8,-48.0,-9.8,48.9,-110.4,-6.6,4.8,1.3,17.1,-9.4,-12.4,-5.2,-17.8,22.8,-7.7,1.6,2.5,2,3
0,0.0,0.0,0.2,0.0,0.03,-0.0,-0.11,0.3,0.0,0.42,1.0,7.53,12.53,1.13,0.0,0.24,-0.35,0.59,-0.17,-0.15,-0.45,0.42,-0.14,-0.45,0.42,-0.14,0.0,0.0,0.0,0.0,2.4,49.7,-71.0,-1.9,27.3,-111.6,8.8,69.2,-97.8,-6.4,66.9,-62.0,3.3,-3.8,0.2,-1.5,4.2,6.9,-0.3,-1.1,-3.1,1.0,-7.2,5.0,0,4
2,0.04,-0.0,0.59,0.0,0.1,-0.0,-0.23,0.89,0.0,1.36,3.0,7.52,12.52,1.11,-0.01,0.22,-0.77,-0.22,0.19,-0.03,0.11,-0.27,-0.03,0.11,-0.27,-0.03,0.0,0.0,0.0,0.0,4.0,47.6,-80.8,-2.3,39.2,-94.1,6.3,60.9,-89.1,-6.6,61.1,-78.7,-0.0,1.6,0.6,0.1,-1.1,-4.6,0.2,-1.5,-0.1,1.7,-0.6,-1.2,0,4
4,0.08,-0.0,0.99,0.0,0.15,-0.0,-0.54,1.49,0.0,2.1,5.0,7.52,12.51,1.07,0.01,0.25,-1.17,-1.16,-0.14,-0.23,1.1,-0.4,-0.23,1.1,-0.4,-0.23,0.0,0.0,0.0,0.0,8.4,48.4,-86.9,-1.3,40.1,-79.1,6.1,58.8,-84.6,-3.1,54.6,-83.6,-2.3,2.3,-0.3,-0.2,4.4,-9.9,0.4,-3.7,2.6,3.7,-0.3,2.1,0,4
6,0.12,-0.0,1.39,0.0,0.2,-0.0,-0.71,2.46,0.0,3.34,7.0,7.51,12.51,1.02,-0.02,0.28,-1.49,0.37,-0.05,-0.16,-0.31,0.23,-0.15,-0.31,0.23,-0.15,19.0,0.0,0.0,0.0,10.2,56.3,-99.8,3.8,45.9,-103.5,7.6,52.2,-70.7,2.8,52.9,-80.3,-0.8,2.1,4.7,1.7,-1.1,-3.1,-4.3,-2.7,-1.1,1.0,-2.6,1.6,0,4
8,0.16,-0.0,1.79,0.0,0.23,-0.0,-0.97,3.65,0.0,4.7,9.0,7.51,12.5,0.95,0.06,0.18,-1.5,2.62,1.98,0.25,-3.25,-0.52,0.25,-3.25,-0.52,0.25,13.9,0.0,53.8,79.6,14.1,60.4,-111.0,6.7,45.0,-138.4,3.5,53.7,-77.5,-1.8,58.8,-90.5,-3.0,-2.1,4.9,0.9,1.3,-3.0,-1.8,-13.1,3.1,2.3,-5.1,1.5,0,4
10,0.2,-0.0,2.18,0.01,0.26,-0.0,-1.18,4.81,0.0,6.07,11.0,7.51,12.49,0.9,0.11,0.05,-1.34,2.63,4.83,0.1,-4.56,-3.06,0.25,-4.56,-3.06,0.25,30.5,0.0,31.4,21.3,20.2,53.1,-110.7,-0.3,64.4,-156.0,0.8,47.6,-71.9,-4.4,60.7,-89.9,-4.3,-2.1,8.8,5.9,-14.9,-13.4,-4.9,-7.6,-1.2,0.8,-6.9,-3.5,1,4
12,0.24,-0.0,2.58,0.02,0.27,-0.0,-1.36,5.94,0.0,7.44,13.0,7.51,12.48,0.86,0.05,0.18,-0.18,-3.85,-0.02,-0.49,3.42,-1.69,0.7,3.42,-1.69,0.7,121.5,63.3,1.6,68.2,29.6,37.4,-93.5,-11.1,68.9,-156.0,2.1,38.3,-64.4,-3.2,56.6,-89.3,-7.4,2.0,11.3,3.4,-19.5,17.1,-9.4,-4.6,5.0,-5.1,-9.0,-4.6,1,4
14,0.28,-0.0,2.98,0.02,0.28,-0.0,-1.65,7.08,0.0,8.72,15.0,7.5,12.47,0.87,0.02,0.29,0.3,-4.87,-3.58,-1.73,6.22,0.75,-0.46,6.22,0.75,-0.46,85.2,0.0,0.0,7.1,36.0,36.4,-80.3,-22.9,46.6,-127.5,1.7,44.1,-48.0,-7.1,56.3,-92.2,-16.2,1.6,-2.3,10.5,-18.5,19.1,3.6,2.5,17.3,0.2,-3.7,-2.0,1,4
16,0.32,-0.0,3.37,0.02,0.3,-0.0,-1.98,8.23,0.0,9.94,17.0,7.5,12.46,0.88,-0.05,0.15,0.12,-6.42,-2.56,-1.73,7.04,-0.94,-0.42,7.04,-0.94,-0.42,52.0,0.0,0.0,0.0,42.9,38.4,-86.4,-16.8,15.3,-119.5,9.1,52.1,-48.0,-9.3,46.9,-94.9,-16.5,-5.2,-1.3,13.9,11.1,-18.4,1.5,-11.4,22.3,6.4,0.1,1.2,1,4
18,0.36,-0.0,3.76,0.03,0.31,-0.0,-2.32,9.35,0.0,11.13,19.0,7.49,12.46,0.88,0.14,0.18,0.02,-1.4,-3.16,-0.63,2.84,1.89,0.84,2.84,1.89,0.84,0.0,0.0,66.3,43.6,47.7,28.4,-82.7,-4.0,23.5,-156.0,24.9,41.6,-48.0,-1.0,47.4,-102.0,-13.0,17.3,11.0,-2.9,10.5,-13.3,-13.9,-16.4,10.6,16.7,0.2,-1.2,2,4
20,0.4,-0.0,4.15,0.03,0.33,-0.0,-2.53,10.46,0.0,12.44,21.0,7.48,12.45,0.87,-0.0,0.27,-0.07,1.18,-0.72,-0.38,-0.59,1.3,0.08,-0.59,1.3,0.08,16.5,0.0,46.9,61.3,40.3,30.7,-75.1,-6.1,67.1,-156.0,24.3,46.7,-48.0,-4.3,61.6,-111.5,-4.5,0.3,1.3,3.9,-8.6,-19.7,-6.5,-19.4,9.9,14.4,-3.9,2.5,2,4
22,0.44,-0.0,4.54,0.03,0.34,-0.0,-2.75,11.58,0.0,13.74,23.0,7.48,12.44,0.86,-0.24,0.34,-0.07,-0.44,2.66,0.1,-1.0,-2.29,-1.02,-1.0,-2.29,-1.02,0.0,0.0,69.7,69.5,43.9,25.8,-96.5,2.0,54.3,-156.0,26.4,41.3,-48.0,-1.5,59.5,-114.6,-9.3,5.9,-1.0,8.3,-3.1,-19.7,-13.9,-18.5,18.1,11.8,-6.1,7.2,2,4
24,0.48,-0.0,4.92,0.03,0.35,-0.0,-2.91,12.71,0.0,15.11,25.0,7.48,12.43,0.86,-0.2,0.24,0.35,1.02,1.81,-0.26,-1.67,-0.72,-1.03,-1.67,-0.72,-1.03,0.0,0.0,87.6,90.4,46.5,23.3,-115.9,-2.1,50.7,-156.0,23.9,34.1,-48.0,-2.2,49.4,-105.5,-13.5,-0.1,-5.9,16.3,-9.1,-19.7,-16.1,-21.6,15.9,11.7,-3.8,1.6,2,4
26,0.52,-0.0,5.31,0.03,0.37,-0.0,-3.0,13.82,0.0,16.52,27.0,7.48,12.41,0.87,-0.23,0.35,0.29,2.99,1.42,-0.49,-2.99,0.79,-1.29,-2.99,0.79,-1.29,0.0,0.0,67.3,0.0,41.8,21.7,-136.0,-6.1,47.9,-156.0,18.2,30.0,-48.0,-1.3,46.3,-100.6,-10.7,4.2,2.6,20.2,-7.0,-19.7,-16.5,-21.0,21.3,-5.5,0.4,1.0,2,4
28,0.56,-0.0,5.69,0.03,0.38,-0.0,-3.29,14.65,0.0,17.47,29.0,7.48,12.39,0.87,-0.13,0.39,0.1,-0.96,-1.11,-0.84,1.6,0.4,-0.35,1.6,0.4,-0.35,0.0,0.0,0.0,0.0,31.2,35.2,-126.2,-8.2,51.4,-156.0,11.0,29.8,-48.0,-10.8,51.2,-97.6,-5.6,10.9,12.2,20.9,18.9,-19.7,-1.9,-5.6,21.2,-3.7,-1.9,-0.1,2,4
30,0.6,-0.0,6.08,0.03,0.39,-0.0,-3.58,15.79,0.0,18.71,31.0,7.47,12.38,0.87,0.02,0.38,0.03,1.52,-4.6,-2.24,2.06,4.89,-0.62,2.06,4.89,-0.62,82.7,5.8,0.0,0.0,37.8,54.8,-108.6,31.3,101.5,-156.0,12.4,47.0,-48.0,-25.2,60.0,-96.0,-13.7,15.9,21.4,-12.3,5.0,-19.7,0.8,7.4,21.4,15.5,0.7,-4.5,2,4
32,0.64,-0.0,6.47,0.03,0.41,-0.0,-4.01,16.93,0.0,19.83,33.0,7.46,12.37,0.86,-0.13,0.38,0.11,4.77,-1.92,-1.35,-2.2,4.83,-0.02,-2.2,4.83,-0.02,0.0,0.0,0.0,50.0,40.5,63.1,-63.4,9.5,127.3,-156.0,1.8,72.1,-48.0,-20.0,81.9,-108.1,1.7,-19.0,-2.4,1.0,-14.9,-19.7,-5.1,-18.1,21.2,18.8,-9.5,-7.2,2,4
34,0.68,-0.0,6.86,0.03,0.42,-0.0,-4.48,18.05,0.0,20.89,35.0,7.46,12.35,0.87,-0.5,0.31,0.36,-7.26,2.54,0.83,3.47,-6.81,-1.19,3.47,-6.81,-1.19,0.0,0.0,0.0,76.5,58.9,40.6,-71.2,3.2,90.0,-156.0,15.9,58.5,-48.0,1.2,84.2,-122.6,-13.8,3.7,-8.6,13.3,-2.3,-19.7,-8.4,-21.0,20.1,10.2,-9.8,4.8,3,4
36,0.72,-0.0,7.26,0.03,0.43,-0.0,-4.84,19.18,0.0,22.05,37.0,7.46,12.32,0.87,-0.42,0.42,0.27,-0.44,3.84,1.76,-2.56,-3.39,-0.08,-2.56,-3.39,-0.08,0.0,0.0,87.3,34.5,54.7,16.7,-114.7,28.6,64.2,-156.0,28.7,38.9,-48.0,23.1,63.9,-127.4,-12.4,9.0,-2.5,9.5,-9.7,-19.7,-16.9,-20.6,14.6,2.5,-9.1,1.2,3,4
38,0.76,-0.0,7.65,0.03,0.45,-0.0,-4.99,20.29,0.0,23.43,39.0,7.46,12.29,0.88,-0.41,0.33,0.54,2.07,2.17,-0.11,-2.76,-0.06,-1.16,-2.76,-0.06,-1.16,0.0,47.9,79.3,0.0,50.1,14.3,-147.1,22.7,62.1,-156.0,20.2,28.0,-48.0,18.2,50.7,-117.0,-7.1,4.0,2.3,15.4,-10.9,-19.7,-18.4,-21.5,16.5,-0.2,-6.2,-2.4,2,4
40,0.8,-0.0,8.03,0.03,0.47,-0.0,-5.19,21.42,0.0,24.76,41.0,7.45,12.27,0.9,-0.26,0.34,0.28,1.89,-0.64,-1.15,-0.48,1.88,-1.25,-0.48,1.88,-1.25,0.0,86.0,76.5,0.0,38.4,20.3,-147.4,12.3,57.1,-156.0,7.9,26.2,-48.0,2.9,53.0,-116.0,-4.7,14.2,5.6,17.4,13.6,-19.7,-0.7,-20.4,22.6,-8.5,11.3,3.3,2,4
42,0.84,-0.0,8.42,0.03,0.49,-0.0,-5.58,22.55,0.0,25.9,43.0,7.45,12.26,0.9,-0.04,0.25,0.07,-3.76,-3.65,-1.8,5.54,-0.15,-0.11,5.54,-0.15,-0.11,94.2,45.4,0.0,0.0,42.1,52.0,-122.9,41.4,89.5,-156.0,16.3,39.1,-48.0,-27.3,69.1,-97.3,-15.9,14.6,18.8,-0.4,16.6,-19.7,1.4,10.5,22.8,10.2,-5.8,3.0,2,4
44,0.88,-0.0,8.82,0.03,0.51,-0.0,-6.02,23.68,0.0,27.01,45.0,7.44,12.25,0.9,0.01,0.45,0.03,4.68,-2.11,-2.23,-0.91,5.44,-0.96,-0.91,5.44,-0.96,46.8,0.0,0.0,0.0,52.4,73.7,-83.3,36.6,146.4,-156.0,14.0,66.1,-48.0,-26.7,71.9,-96.6,-16.8,-1.0,13.8,-9.0,-14.9,-19.7,-7.7,-1.4,22.4,16.7,2.4,-5.2,2,4
46,0.92,-0.0,9.21,0.03,0.52,-0.0,-6.57,24.81,0.0,28.0,47.0,7.43,12.24,0.88,-0.38,0.34,-0.3,0.2,-0.25,0.23,0.05,0.24,0.31,0.05,0.24,0.31,0.0,0.0,0.0,103.9,60.0,64.5,-66.3,-6.3,119.8,-156.0,4.7,77.5,-48.0,-7.9,87.3,-102.3,0.6,-13.8,-16.4,11.7,-7.7,-19.6,0.6,-21.6,21.1,19.2,-15.3,-7.0,3,4
48,0.96,-0.0,9.6,0.03,0.54,-0.0,-6.94,25.94,0.0,29.17,49.0,7.43,12.21,0.88,-0.56,0.36,0.03,-5.1,3.56,2.03,0.08,-6.54,0.17,0.08,-6.54,0.17,0.0,0.0,0.0,76.4,54.5,28.6,-100.6,20.8,80.3,-156.0,25.9,65.3,-48.0,12.6,83.7,-105.3,-6.1,10.5,-4.4,2.6,-0.8,-19.7,-11.4,-21.0,20.9,12.4,-11.4,-2.9,3,4
50,1.0,-0.0,10.0,0.03,0.55,-0.0,-7.25,27.05,0.0,30.38,51.0,7.43,12.19,0.87,-0.31,0.36,0.1,4.7,4.96,1.73,-6.95,0.27,-1.1,-6.95,0.27,-1.1,0.0,0.0,0.0,47.8,55.1,15.4,-136.5,41.2,71.7,-156.0,26.5,46.7,-48.0,19.1,69.1,-104.4,-1.9,1.6,0.9,7.5,-14.2,-19.7,-18.5,-21.1,12.9,3.8,-16.2,-12.0,3,4
52,1.04,-0.0,10.39,0.03,0.57,-0.0,-7.52,28.16,0.0,31.63,53.0,7.43,12.17,0.88,-0.29,0.3,0.21,3.95,2.84,0.06,-4.37,1.11,-1.83,-4.37,1.11,-1.83,0.0,63.7,0.0,0.0,45.0,22.3,-142.0,32.3,72.9,-156.0,9.2,36.0,-48.0,10.2,59.3,-111.3,-5.8,2.8,2.8,14.4,-13.6,-19.7,-6.4,-21.5,22.1,-9.1,12.6,1.2,2,4
54,1.08,-0.0,10.78,0.03,0.58,-0.0,-7.83,29.27,0.0,32.84,55.0,7.42,12.16,0.88,-0.15,0.15,0.07,-2.25,-0.06,-0.98,1.63,-1.83,-0.06,1.63,-1.83,-0.06,36.7,32.4,26.9,0.0,38.3,36.9,-118.6,27.3,72.5,-156.0,6.9,34.1,-48.0,-15.8,69.8,-103.0,-8.9,-4.0,6.1,13.6,12.9,-19.0,3.5,2.5,22.8,-4.4,-15.1,11.7,2,4
56,1.12,-0.0,11.18,0.03,0.6,-0.0,-8.16,30.38,0.0,34.03,57.0,7.42,12.16,0.89,-0.01,0.18,0.18,3.53,-1.87,-1.05,-0.05,3.79,-1.63,-0.05,3.79,-1.63,58.3,0.0,0.0,0.0,44.4,39.4,-98.3,46.7,101.3,-156.0,8.4,48.4,-48.0,-47.3,50.3,-60.3,-16.9,-2.1,17.4,-15.5,-16.4,-19.7,1.9,-12.8,22.8,15.7,0.2,-3.0,2,4
58,1.16,-0.0,11.57,0.03,0.62,-0.0,-8.55,31.51,0.0,35.17,59.0,7.41,12.15,0.89,-0.02,0.2,0.04,2.27,-0.36,-0.02,-0.89,2.05,-0.57,-0.89,2.05,-0.57,0.0,0.0,35.8,0.0,44.7,27.6,-60.3,16.7,80.8,-156.0,5.0,47.8,-48.0,-22.0,46.5,-70.9,-1.6,-9.7,-4.6,0.8,1.3,-19.7,-2.3,-20.0,16.4,4.7,-1.2,-13.1,2,4
60,1.2,-0.0,11.95,0.03,0.64,-0.0,-8.92,32.65,0.0,36.34,61.0,7.41,12.15,0.89,-0.11,0.14,-0.39,-3.04,2.84,1.32,-0.96,-3.76,1.98,-0.96,-3.76,1.98,0.0,0.0,49.9,30.2,51.9,5.7,-61.9,-1.0,75.1,-156.0,14.2,38.9,-48.0,8.7,49.2,-110.2,-2.1,9.2,-0.6,9.3,-4.3,-19.7,-5.7,-20.3,13.6,8.9,-5.8,0.2,2,4
62,1.24,-0.0,12.33,0.04,0.65,-0.0,-9.25,33.78,0.0,37.54,63.0,7.41,12.14,0.87,0.05,0.12,-0.1,7.46,-0.2,0.48,-4.1,5.73,-2.5,-4.1,5.73,-2.5,0.0,0.0,70.4,179.4,50.8,8.3,-89.8,9.1,65.6,-156.0,19.2,26.6,-48.0,26.2,43.2,-123.8,3.6,4.4,-1.6,1.9,-4.0,-19.7,-11.5,-20.9,15.2,-5.6,-5.5,-1.0,2,4
64,1.28,-0.0,12.72,0.05,0.67,-0.01,-9.46,34.88,0.0,38.84,65.0,7.4,12.14,0.87,0.09,0.03,-0.05,4.28,-0.72,-0.77,-1.77,3.13,-2.55,-1.77,3.13,-2.55,0.0,20.0,84.5,113.6,40.0,24.3,-105.4,6.6,61.0,-156.0,6.3,23.9,-48.0,18.9,43.8,-131.3,0.3,-0.6,5.0,7.5,-12.2,-7.1,-16.9,-18.3,17.9,-5.3,1.1,9.9,2,4
66,1.32,-0.0,13.1,0.05,0.68,-0.01,-9.61,35.96,0.0,40.17,67.0,7.4,12.14,0.87,-0.05,-0.02,0.25,-1.17,-1.65,-1.64,1.85,-1.04,-1.51,1.85,-1.04,-1.51,0.0,133.6,0.0,49.2,36.2,32.0,-91.0,-7.7,55.8,-153.2,-0.6,29.4,-48.0,4.3,45.8,-127.6,-4.9,-7.6,0.0,6.9,-20.9,21.8,6.6,4.2,22.8,-5.2,6.4,8.2,2,4
68,1.36,-0.0,13.48,0.05,0.7,-0.01,-9.93,37.08,0.0,41.36,69.0,7.41,12.14,0.88,-0.03,-0.14,0.24,-5.44,-1.96,-1.52,4.21,-4.25,0.03,4.21,-4.25,0.03,87.7,0.0,0.0,0.0,38.9,28.6,-90.5,-17.1,32.8,-125.4,12.8,37.5,-48.0,-6.6,45.1,-105.9,-11.2,2.4,2.0,10.7,7.6,-19.1,-0.7,-13.8,22.8,6.6,-2.1,4.7,1,4
70,1.4,-0.0,13.87,0.05,0.71,-0.01,-10.23,38.23,0.0,42.62,71.0,7.41,12.15,0.89,0.12,-0.21,0.08,-2.49,-1.79,-1.0,2.76,-1.64,-0.32,2.76,-1.64,-0.32,32.6,0.0,0.0,93.1,43.3,29.5,-93.7,-8.8,31.6,-156.0,22.4,30.8,-48.0,-1.8,40.2,-93.0,-9.9,4.7,-0.8,0.4,-7.2,-13.5,-2.7,-5.5,22.8,6.6,-8.4,5.2,2,4
72,1.44,-0.0,14.26,0.07,0.73,-0.01,-10.34,39.37,0.0,44.08,73.0,7.42,12.16,0.89,0.18,-0.25,0.01,-0.93,-0.32,-0.64,0.76,-0.8,-0.4,0.76,-0.8,-0.4,0.0,0.0,60.9,90.9,43.9,32.7,-103.6,0.4,40.1,-156.0,27.9,32.3,-48.0,0.6,41.3,-88.1,-13.6,8.6,8.0,6.4,14.0,-19.7,-7.2,-17.9,21.0,12.8,-3.4,4.9,2,4
74,1.48,-0.0,14.65,0.08,0.75,-0.01,-10.52,40.53,0.0,45.47,75.0,7.43,12.17,0.88,0.09,-0.23,-0.25,4.21,1.86,-0.46,-3.19,3.01,-1.48,-3.19,3.01,-1.48,3.9,0.0,60.2,19.5,39.9,36.6,-106.3,15.5,71.6,-156.0,23.6,32.2,-48.0,-3.3,42.6,-86.2,4.0,-1.6,5.4,-1.5,-8.5,-19.7,-16.4,-17.0,-1.5,5.5,1.4,-2.9,2,4
76,1.52,-0.0,15.04,0.09,0.76,-0.01,-10.71,41.66,0.0,46.82,77.0,7.44,12.17,0.87,0.15,-0.32,-0.21,3.4,1.28,-0.66,-2.39,2.38,-1.52,-2.39,2.38,-1.52,0.0,94.0,121.0,57.5,39.9,26.4,-81.0,6.9,65.1,-156.0,14.6,24.9,-48.0,-9.3,43.0,-96.0,-4.9,-3.2,5.1,8.0,-8.7,-19.7,-15.4,-15.9,-0.7,7.1,-3.7,-2.5,2,4
78,1.56,-0.0,15.43,0.09,0.78,-0.01,-10.82,42.76,0.0,48.23,79.0,7.45,12.18,0.87,0.06,-0.29,0.26,0.16,-0.37,-1.1,0.16,-0.2,-1.14,0.16,-0.2,-1.14,10.8,74.4,10.0,27.7,34.1,17.5,-62.6,-1.4,62.7,-155.9,10.8,24.7,-48.0,-12.9,43.4,-97.4,-2.2,0.4,2.4,6.1,-20.9,17.9,-8.2,-0.7,22.3,2.7,-4.0,-3.5,2,4
80,1.6,-0.0,15.82,0.1,0.79,-0.01,-11.08,43.89,0.0,49.5,81.0,7.46,12.19,0.88,0.08,-0.29,0.37,-5.13,-2.31,-2.04,3.41,-4.87,-0.69,3.41,-4.87,-0.69,140.2,0.0,0.0,0.0,38.0,20.1,-65.2,-18.2,42.0,-131.4,9.3,30.6,-48.0,-11.6,43.0,-103.8,-15.7,13.2,-1.5,13.3,-18.0,12.5,4.2,1.1,22.8,1.2,-0.5,-0.8,1,4
82,1.64,-0.0,16.21,0.11,0.81,-0.01,-11.41,45.03,0.0,50.75,83.0,7.47,12.2,0.89,0.23,-0.34,-0.03,-6.25,-1.9,-2.27,3.2,-6.1,-0.66,3.2,-6.1,-0.66,53.1,0.0,0.0,0.0,49.9,31.0,-78.7,-13.1,12.7,-136.7,18.6,37.5,-48.0,-3.8,40.5,-104.3,-17.3,-1.3,-8.3,8.5,10.9,-8.1,-0.2,-4.3,22.8,8.3,-2.6,2.8,1,4
84,1.68,-0.0,16.61,0.14,0.83,-0.01,-11.74,46.17,0.0,51.99,85.0,7.48,12.21,0.88,0.36,-0.23,-0.26,-2.04,-2.42,-0.95,2.82,-1.72,-0.0,2.82,-1.72,-0.0,66.6,0.0,84.5,147.9,50.2,39.1,-100.4,-5.6,31.4,-156.0,28.2,35.5,-48.0,-3.7,38.1,-96.0,-17.4,11.8,2.9,4.0,6.4,-19.7,-6.7,-16.0,21.9,17.1,-1.4,7.6,2,4
86,1.72,-0.01,17.0,0.16,0.84,-0.01,-11.91,47.31,0.0,53.4,87.0,7.49,12.23,0.87,0.3,-0.22,-0.23,1.44,-0.27,-0.63,0.29,1.46,-0.59,0.29,1.46,-0.59,10.5,0.0,62.5,27.7,36.6,54.1,-122.3,4.5,73.4,-156.0,28.3,40.9,-48.0,-9.0,46.2,-84.5,3.8,-10.2,10.5,0.6,-9.4,-19.7,-11.7,-19.4,7.1,8.7,1.3,-4.1,2,4
88,1.76,-0.01,17.4,0.17,0.86,-0.01,-12.12,48.46,0.0,54.76,89.0,7.5,12.24,0.86,0.11,-0.21,-0.38,4.09,2.83,0.06,-3.15,3.75,-0.88,-3.15,3.75,-0.88,0.0,0.0,76.2,66.9,40.9,37.8,-108.5,5.6,69.0,-156.0,26.4,34.0,-48.0,-10.3,51.8,-87.4,-7.3,6.0,6.5,6.8,-4.4,-19.7,-18.1,-16.4,2.7,11.4,-12.9,-1.0,2,4
90,1.8,-0.01,17.8,0.18,0.87,-0.01,-12.32,49.62,0.0,56.13,91.0,7.51,12.24,0.86,0.09,-0.24,0.34,2.17,1.2,-1.19,-1.25,1.81,-1.65,-1.25,1.81,-1.65,0.0,63.8,126.7,40.7,33.3,25.9,-87.0,2.1,70.0,-156.0,18.1,27.1,-48.0,-13.6,49.9,-88.4,-5.5,5.3,1.2,8.1,-10.4,-19.7,-14.9,-18.0,12.7,7.2,2.7,-9.1,2,4
92,1.84,-0.01,18.2,0.19,0.88,-0.01,-12.4,50.78,0.0,57.64,93.0,7.52,12.25,0.88,0.1,-0.19,0.32,0.91,0.56,-1.52,-0.57,0.52,-1.69,-0.57,0.52,-1.69,33.8,87.0,53.7,21.2,30.1,25.3,-79.1,-6.9,62.9,-155.1,12.6,26.5,-48.0,-13.6,51.1,-96.5,-5.1,2.6,4.0,12.5,-20.1,14.1,-11.4,-3.1,22.1,-1.1,-3.2,-4.3,2,4
94,1.88,-0.01,18.59,0.2,0.9,-0.01,-12.57,51.93,0.0,59.04,95.0,7.53,12.25,0.89,0.09,-0.18,0.39,-2.88,-0.59,-2.12,0.46,-3.33,-1.35,0.46,-3.33,-1.35,133.6,0.0,0.0,14.2,31.7,27.0,-80.0,-17.1,46.0,-137.9,12.2,32.0,-48.0,-14.7,44.3,-97.6,-16.9,4.0,-0.0,12.4,-13.0,-15.7,1.7,-1.3,22.8,1.6,-2.9,1.6,1,4
96,1.92,-0.01,18.99,0.21,0.92,-0.01,-12.84,53.07,0.0,60.33,97.0,7.53,12.26,0.9,0.18,-0.16,0.14,-3.45,-0.88,-1.34,0.57,-3.73,-0.43,0.57,-3.73,-0.43,42.4,0.0,0.0,35.9,35.8,26.0,-84.8,-16.9,29.3,-156.0,15.6,35.5,-48.0,-13.0,34.3,-90.3,-12.7,6.3,-0.1,7.1,11.8,-18.0,-2.7,-10.8,21.7,11.8,0.2,1.1,2,4
98,1.96,-0.01,19.38,0.23,0.94,-0.01,-12.99,54.19,0.0,61.75,99.0,7.54,12.27,0.9,0.31,-0.1,-0.06,0.99,-0.56,-0.84,0.9,0.72,-0.81,0.9,0.72,-0.81,0.0,0.0,46.8,104.6,36.0,24.3,-88.3,-9.3,47.0,-156.0,20.2,31.2,-48.0,-7.9,39.1,-92.3,-16.1,18.1,7.0,3.7,-0.6,-19.7,-8.8,-13.0,17.7,15.6,-7.7,-1.6,2,4
100,2.0,-0.01,19.77,0.25,0.96,-0.01,-13.11,55.33,0.0,63.19,101.0,7.54,12.28,0.89,0.23,-0.02,-0.27,0.51,1.03,-0.71,-0.76,0.53,-0.99,-0.76,0.53,-0.99,0.0,0.0,56.6,108.5,33.2,26.3,-90.8,-2.4,55.7,-156.0,19.4,32.0,-48.0,-9.1,46.3,-98.2,3.7,-0.4,-3.7,0.5,-2.2,-19.7,-9.5,-19.7,15.0,9.9,-5.9,-0.3,2,4
102,2.04,-0.01,20.17,0.27,0.97,-0.01,-13.21,56.46,0.0,64.65,103.0,7.55,12.29,0.88,0.24,0.05,-0.4,0.72,2.9,-0.43,-2.56,1.09,-1.17,-2.56,1.09,-1.17,0.0,0.0,122.0,82.8,40.7,25.0,-98.0,-1.4,57.4,-156.0,23.0,22.7,-48.0,-5.0,45.4,-104.2,-8.7,-0.2,0.2,6.9,-4.6,-19.7,-16.7,-19.7,13.2,8.7,-4.1,1.1,2,4
104,2.08,-0.01,20.56,0.28,0.99,-0.01,-13.34,57.59,0.0,66.07,105.0,7.55,12.29,0.88,0.12,0.02,0.27,1.91,-0.22,-1.27,0.76,1.32,-1.73,0.76,1.32,-1.73,0.0,40.9,91.0,13.7,33.2,25.4,-100.4,-2.7,61.1,-156.0,17.3,19.7,-48.0,-7.2,48.1,-106.4,-7.8,4.1,-4.6,15.1,-10.7,-19.7,-17.7,-19.8,20.3,5.9,1.5,1.6,2,4
106,2.12,-0.01,20.96,0.3,1.01,-0.01,-13.45,58.73,0.0,67.53,107.0,7.55,12.3,0.89,0.15,0.08,0.19,2.48,-0.27,-1.64,0.95,1.72,-2.25,0.95,1.72,-2.25,82.4,0.0,53.0,0.0,23.9,31.2,-108.1,-7.8,59.7,-156.0,11.2,21.7,-48.0,-10.3,54.3,-103.7,-6.8,4.4,2.5,17.6,-14.1,-6.9,-8.1,-0.4,22.8,-5.5,-3.1,5.5,2,4
108,2.16,-0.01,21.35,0.31,1.02,-0.01,-13.6,59.89,0.0,68.96,109.0,7.55,12.31,0.89,0.17,0.01,0.14,-0.61,-1.06,-1.72,0.55,-1.36,-1.52,0.55,-1.36,-1.52,46.8,47.3,0.0,0.0,24.0,34.3,-101.6,-3.1,63.0,-156.0,7.1,30.3,-48.0,-21.3,48.0,-76.2,-14.7,1.2,4.7,14.6,-7.9,-19.3,-1.2,1.6,22.8,2.4,-5.0,6.0,2,4
110,2.2,-0.01,21.75,0.32,1.04,-0.01,-13.84,61.05,0.0,70.31,111.0,7.55,12.32,0.89,0.19,0.0,0.05,2.24,-2.77,-1.18,3.4,0.51,-1.51,3.4,0.51,-1.51,51.3,0.0,127.4,114.6,27.1,32.3,-84.0,12.1,70.1,-156.0,2.9,38.3,-48.0,-16.5,40.4,-66.9,-11.2,9.9,13.9,-12.1,-0.9,-19.7,1.9,-9.1,20.7,17.1,-4.6,-13.8,2,4
112,2.24,-0.01,22.15,0.33,1.06,-0.01,-14.19,62.23,0.0,71.57,113.0,7.56,12.32,0.89,0.1,0.01,-0.26,-1.81,0.49,-0.7,-1.33,-1.4,-0.49,-1.33,-1.4,-0.49,0.0,0.0,57.8,70.5,30.9,23.0,-65.1,-3.2,66.9,-156.0,10.7,39.6,-48.0,-9.5,56.3,-91.9,-2.9,4.0,-9.1,7.3,-5.0,-19.7,-10.1,-17.9,14.3,10.5,-16.0,-3.7,2,4
114,2.28,-0.01,22.55,0.34,1.08,-0.01,-14.34,63.39,0.0,72.99,115.0,7.55,12.32,0.88,0.09,0.07,-0.37,1.45,3.35,-0.48,-2.2,2.82,-0.86,-2.2,2.82,-0.86,0.0,0.0,125.3,54.2,37.9,14.9,-82.2,-1.8,58.8,-156.0,15.3,28.7,-48.0,-3.1,51.9,-102.1,-6.0,11.3,1.2,5.2,0.7,-19.7,-10.9,-19.0,9.8,7.6,-4.4,-0.6,2,4
116,2.32,-0.01,22.94,0.34,1.09,-0.01,-14.45,64.54,0.0,74.45,117.0,7.55,12.32,0.88,0.03,0.02,0.25,1.45,-0.45,-1.08,0.94,0.72,-1.44,0.94,0.72,-1.44,0.0,47.4,90.3,28.4,34.2,18.2,-94.4,-3.3,60.5,-156.0,11.3,25.7,-48.0,-5.9,50.5,-102.0,-1.2,4.4,0.8,9.0,-3.8,-19.7,-15.0,-20.5,12.2,6.8,-5.5,-3.0,2,4
118,2.36,-0.01,23.34,0.35,1.11,-0.01,-14.53,65.68,0.0,75.93,119.0,7.56,12.33,0.88,0.04,-0.01,0.08,1.98,0.25,-1.11,0.66,1.52,-1.57,0.66,1.52,-1.57,0.0,46.1,76.0,0.0,29.9,24.4,-97.3,-6.1,60.0,-156.0,8.4,25.8,-48.0,-6.2,51.5,-104.8,-4.2,2.5,1.5,13.3,-13.6,-7.5,-15.2,-16.1,20.5,0.2,0.3,-1.0,2,4
120,2.4,-0.01,23.73,0.35,1.12,-0.01,-14.63,66.82,0.0,77.38,121.0,7.56,12.33,0.88,0.03,-0.01,0.07,0.2,-0.07,-1.28,-0.18,-0.08,-1.29,-0.18,-0.08,-1.29,88.1,0.0,0.0,0.0,27.8,26.8,-95.1,-10.2,58.5,-155.5,4.7,28.3,-48.0,-9.4,50.8,-101.5,-10.4,2.6,2.2,13.3,-16.4,-0.8,0.5,0.0,22.8,-2.4,-7.4,3.5,2,4
122,2.44,-0.01,24.13,0.35,1.14,-0.01,-14.73,67.95,0.0,78.83,123.0,7.56,12.33,0.89,0.09,-0.06,0.01,-1.01,-0.72,-1.09,-0.37,-1.37,-0.84,-0.37,-1.37,-0.84,100.8,92.9,28.2,105.6,30.3,28.4,-92.6,-1.9,62.3,-156.0,6.5,29.9,-48.0,-12.4,43.4,-87.9,-11.3,13.0,3.5,4.9,5.6,-19.7,1.6,-1.9,22.2,8.5,-3.2,-2.5,2,4
124,2.48,-0.01,24.53,0.36,1.16,-0.01,-14.82,69.1,0.0,80.31,125.0,7.57,12.33,0.88,0.14,-0.06,-0.23,0.32,-0.55,-1.12,0.37,-0.32,-1.19,0.37,-0.32,-1.19,69.6,0.0,85.6,105.1,34.0,36.1,-90.6,-1.6,66.9,-156.0,7.5,35.1,-48.0,-11.5,47.4,-86.8,-12.1,0.4,2.3,-0.7,-3.4,-19.7,-2.9,-14.4,20.1,12.0,-11.9,-7.0,2,4
126,2.52,-0.01,24.92,0.37,1.17,-0.01,-14.91,70.25,0.0,81.79,127.0,7.57,12.33,0.87,0.08,-0.08,-0.33,1.21,1.77,-0.58,-0.51,2.03,-0.75,-0.51,2.03,-0.75,1.7,106.9,122.4,93.6,35.4,33.6,-92.3,-4.6,63.3,-156.0,8.1,31.1,-48.0,-10.6,49.0,-92.3,-2.9,0.7,1.5,4.1,-4.2,-19.7,-12.0,-18.3,6.8,6.9,-9.7,-3.6,2,4
128,2.56,-0.01,25.31,0.37,1.19,-0.01,-14.97,71.38,0.0,83.27,129.0,7.57,12.33,0.87,0.01,-0.09,0.2,0.86,-0.64,-0.85,0.78,-0.03,-1.13,0.78,-0.03,-1.13,8.7,42.4,86.9,55.8,33.7,31.3,-89.2,-6.2,62.7,-156.0,7.5,30.1,-48.0,-10.3,50.4,-94.4,-1.1,0.9,2.5,8.3,-3.6,-19.7,-13.9,-20.0,6.8,6.3,-7.9,-7.9,2,4
130,2.6,-0.01,25.71,0.38,1.2,-0.01,-15.01,72.51,0.0,84.77,131.0,7.58,12.32,0.87,0.05,-0.11,0.03,0.92,0.2,-0.75,0.31,0.67,-0.95,0.31,0.67,-0.95,29.7,82.7,83.3,34.6,31.3,27.3,-85.2,-7.0,62.4,-156.0,7.1,28.2,-48.0,-9.3,52.4,-99.0,-3.1,1.5,0.8,10.2,-7.2,-13.0,-15.2,-19.4,16.2,4.1,-3.0,-5.7,2,4
132,2.64,-0.01,26.1,0.38,1.22,-0.01,-15.07,73.63,0.0,86.23,133.0,7.58,12.32,0.87,0.05,-0.09,0.11,0.15,-0.39,-1.26,-0.12,-0.28,-1.29,-0.12,-0.28,-1.29,48.3,151.3,13.6,1.9,29.6,26.6,-85.2,-13.2,59.3,-153.9,5.6,28.4,-48.0,-9.4,53.9,-104.1,-7.0,4.1,4.0,9.2,-20.6,21.3,-2.4,4.2,22.8,-1.0,-1.3,2.5,2,4
134,2.68,-0.01,26.5,0.38,1.23,-0.01,-15.31,74.77,0.0,87.55,135.0,7.59,12.32,0.88,0.05,-0.12,0.18,-5.22,-2.09,-1.99,-3.54,-4.74,-0.7,-3.54,-4.74,-0.7,59.1,0.0,0.0,59.0,33.7,30.4,-90.6,-21.7,41.3,-129.6,11.3,40.3,-48.0,-11.5,47.8,-98.0,-16.4,2.1,1.1,12.5,-7.5,-19.1,1.9,-10.3,22.8,6.1,-4.2,0.0,1,4
136,2.72,-0.01,26.89,0.39,1.25,-0.01,-15.61,75.91,0.0,88.81,137.0,7.59,12.32,0.88,0.14,-0.14,0.01,-3.44,-1.83,-1.08,-2.07,-3.47,-0.16,-2.07,-3.47,-0.16,47.0,0.0,0.0,38.8,39.9,32.0,-96.2,-13.5,37.3,-156.0,19.3,34.0,-48.0,-9.5,41.0,-91.5,-11.5,7.7,1.9,0.6,8.5,-19.7,-3.4,-5.5,21.2,12.4,-3.0,-0.8,2,4
138,2.76,-0.01,27.29,0.41,1.26,-0.01,-15.73,77.06,0.0,90.27,139.0,7.6,12.32,0.88,0.15,-0.09,-0.14,1.2,-0.32,-0.87,1.16,0.1,-0.97,1.16,0.1,-0.97,50.4,0.0,60.8,39.2,36.9,40.5,-105.3,-7.1,57.5,-156.0,20.1,37.2,-48.0,-9.8,46.3,-87.8,-10.6,8.3,7.0,4.3,-3.5,-19.7,-9.2,-17.3,16.0,11.8,-6.8,-3.5,2,4
140,2.8,-0.01,27.69,0.41,1.28,-0.01,-15.87,78.21,0.0,91.7,141.0,7.6,12.31,0.87,0.06,-0.09,-0.39,1.4,1.85,-0.29,0.35,2.21,-0.69,0.35,2.21,-0.69,0.0,0.0,81.9,99.6,34.8,38.1,-104.5,-1.1,61.6,-156.0,18.4,35.3,-48.0,-12.2,48.9,-90.6,0.8,-2.1,4.3,4.4,-3.4,-19.7,-15.6,-19.5,7.5,9.1,-7.3,-3.1,2,4
142,2.84,-0.01,28.09,0.41,1.29,-0.01,-15.97,79.37,0.0,93.17,143.0,7.61,12.31,0.86,-0.02,-0.1,0.21,2.45,0.27,-0.9,1.83,1.17,-1.47,1.83,1.17,-1.47,0.0,72.5,1.9,67.8,33.6,31.4,-93.1,-4.4,65.8,-156.0,14.2,28.8,-48.0,-13.7,49.7,-92.7,-3.2,-4.0,0.8,11.6,-8.1,-19.7,-16.3,-20.7,10.0,9.4,-5.9,-4.3,2,4
144,2.88,-0.01,28.49,0.41,1.3,-0.01,-16.05,80.52,0.0,94.66,145.0,7.61,12.3,0.87,-0.02,-0.1,0.18,1.17,0.02,-0.8,0.83,0.43,-1.07,0.83,0.43,-1.07,2.2,3.6,41.0,44.1,30.3,26.9,-86.3,-4.6,63.9,-156.0,12.8,27.1,-48.0,-12.3,51.6,-96.5,-4.3,-0.8,1.3,11.6,-15.1,-12.4,-15.7,-17.7,21.4,2.6,-6.6,-3.7,2,4
146,2.92,-0.01,28.88,0.41,1.32,-0.01,-16.09,81.66,0.0,96.17,147.0,7.61,12.3,0.88,-0.0,-0.09,0.17,0.2,-0.02,-1.23,-0.15,0.04,-1.23,-0.15,0.04,-1.23,75.1,0.0,32.2,51.7,27.6,24.3,-82.3,-8.3,61.4,-153.9,11.3,26.8,-48.0,-13.9,50.5,-97.2,-6.9,7.9,1.8,11.3,-18.3,2.2,-4.1,-1.2,22.8,0.7,-6.1,0.1,2,4
148,2.96,-0.01,29.28,0.41,1.34,-0.01,-16.18,82.81,0.0,97.64,149.0,7.61,12.3,0.88,0.02,-0.1,0.05,-2.03,0.2,-1.46,-2.31,-0.47,-0.87,-2.31,-0.47,-0.87,107.7,0.0,0.0,58.4,31.0,27.3,-85.4,-11.7,54.9,-156.0,11.6,29.7,-48.0,-14.8,43.7,-89.9,-14.9,5.6,-0.8,8.9,-8.2,-19.1,0.3,-0.3,22.4,6.3,-3.5,-1.4,2,4
150,3.0,-0.01,29.68,0.42,1.35,-0.01,-16.24,83.96,0.0,99.15,151.0,7.62,12.29,0.88,0.13,-0.08,-0.16,-0.52,0.01,-0.8,-0.68,-0.2,-0.63,-0.68,-0.2,-0.63,116.8,0.0,25.3,100.5,34.0,31.3,-94.2,-11.3,53.0,-156.0,12.7,30.1,-48.0,-13.1,41.6,-85.4,-14.0,7.6,2.1,0.9,2.7,-19.7,-4.1,-10.3,20.0,14.2,-7.6,-4.7,2,4
152,3.04,-0.01,30.08,0.43,1.37,-0.01,-16.28,85.11,0.0,100.68,153.0,7.62,12.29,0.87,0.13,-0.08,-0.32,0.66,0.63,-0.64,0.3,0.71,-0.8,0.3,0.71,-0.8,32.5,0.0,57.5,87.1,33.3,33.6,-100.5,-9.9,58.6,-156.0,13.1,29.7,-48.0,-12.6,45.5,-87.8,-5.4,2.8,3.0,6.4,-2.3,-19.7,-7.7,-18.1,10.9,9.6,-10.0,-5.0,2,4
154,3.08,-0.01,30.48,0.44,1.38,-0.01,-16.34,86.26,0.0,102.19,155.0,7.62,12.29,0.87,0.04,-0.09,0.1,0.53,-0.39,-0.65,0.4,-0.31,-0.78,0.4,-0.31,-0.78,8.6,0.0,41.5,100.6,32.2,31.3,-96.9,-5.8,62.9,-156.0,13.7,27.2,-48.0,-10.8,49.8,-92.2,0.1,2.8,3.3,6.2,-1.9,-19.7,-16.9,-20.0,8.4,8.8,-11.4,-5.3,2,4
156,3.12,-0.01,30.87,0.44,1.4,-0.01,-16.41,87.4,0.0,103.68,157.0,7.63,12.28,0.87,0.05,-0.08,0.06,1.08,-0.02,-0.84,0.78,0.15,-1.12,0.78,0.15,-1.12,20.3,70.9,36.9,32.4,31.9,28.5,-91.9,-6.3,63.2,-156.0,13.6,25.1,-48.0,-9.6,51.3,-95.5,-4.8,1.7,0.4,11.1,-4.5,-19.7,-15.9,-20.3,14.7,6.0,-2.4,-6.8,2,4
158,3.16,-0.01,31.27,0.44,1.41,-0.01,-16.44,88.54,0.0,105.2,159.0,7.63,12.28,0.87,0.06,-0.08,0.06,1.09,-0.08,-1.02,0.73,0.12,-1.3,0.73,0.12,-1.3,51.7,55.3,62.6,7.1,29.3,27.4,-90.1,-9.0,63.0,-156.0,11.7,24.7,-48.0,-9.5,54.3,-101.2,-6.6,5.0,-0.1,14.0,-18.2,2.1,-13.3,-7.4,22.4,-1.6,-2.4,-0.8,2,4
160,3.2,-0.01,31.67,0.45,1.43,-0.01,-16.54,89.67,0.0,106.65,161.0,7.63,12.28,0.87,0.06,-0.07,0.11,-1.23,-0.31,-1.61,-1.63,-0.31,-1.2,-1.63,-0.31,-1.2,118.8,0.0,0.0,55.5,28.9,30.9,-90.6,-14.2,58.7,-154.8,9.2,30.1,-48.0,-14.1,50.5,-95.9,-14.3,3.3,1.5,13.5,-17.9,-10.4,0.5,0.1,22.8,1.5,-7.5,4.6,2,4
162,3.24,-0.01,32.06,0.45,1.44,-0.01,-16.66,90.82,0.0,108.1,163.0,7.64,12.28,0.88,0.08,-0.07,0.12,-2.08,-0.36,-1.15,-2.3,-0.44,-0.51,-2.3,-0.44,-0.51,53.6,0.0,0.0,90.6,35.2,34.2,-90.8,-12.3,53.2,-156.0,9.6,33.9,-48.0,-13.4,42.8,-85.4,-15.0,4.2,2.0,4.7,0.5,-19.7,0.2,-6.8,21.8,9.1,-5.7,-0.6,2,4
164,3.28,-0.01,32.46,0.46,1.46,-0.01,-16.72,91.96,0.0,109.6,165.0,7.64,12.27,0.88,0.13,-0.04,-0.16,1.04,0.31,-0.42,0.87,0.28,-0.71,0.87,0.28,-0.71,104.5,0.0,41.7,102.5,35.8,35.6,-93.0,-10.9,55.5,-156.0,10.4,33.2,-48.0,-12.0,44.5,-86.0,-12.6,9.4,3.9,2.1,1.5,-19.7,-6.2,-12.2,16.9,13.5,-9.7,-6.5,2,4
166,3.32,-0.01,32.86,0.47,1.47,-0.01,-16.76,93.11,0.0,111.13,167.0,7.64,12.27,0.87,0.09,-0.05,-0.08,0.91,0.28,-0.37,0.75,0.27,-0.63,0.75,0.27,-0.63,53.5,0.0,105.4,75.5,34.0,33.2,-96.3,-8.7,61.0,-156.0,10.7,29.7,-48.0,-11.1,48.6,-91.5,0.0,1.7,-0.4,4.6,-2.7,-19.7,-11.5,-18.6,6.0,7.4,-9.1,-3.7,2,4
168,3.36,-0.01,33.25,0.48,1.48,-0.01,-16.81,94.25,0.0,112.63,169.0,7.65,12.27,0.87,0.05,-0.04,0.07,0.63,0.19,-0.67,0.4,0.19,-0.83,0.4,0.19,-0.83,8.3,45.4,43.2,78.1,32.5,30.4,-93.4,-5.8,62.8,-156.0,11.2,27.7,-48.0,-9.4,51.0,-94.2,-1.8,-1.4,1.5,7.6,-4.1,-19.7,-15.8,-20.1,9.5,6.4,-9.3,-6.2,2,4
170,3.4,-0.01,33.65,0.48,1.5,-0.01,-16.86,95.39,0.0,114.13,171.0,7.65,12.27,0.87,0.07,-0.04,0.07,1.07,-0.05,-0.78,0.74,-0.07,-1.09,0.74,-0.07,-1.09,3.0,61.2,40.4,21.3,31.5,27.4,-91.7,-6.7,62.7,-156.0,11.3,25.7,-48.0,-7.5,52.7,-98.4,-4.8,1.0,0.1,11.9,-8.9,-16.8,-16.6,-19.2,19.2,2.5,-1.6,-4.8,2,4
172,3.44,-0.01,34.04,0.49,1.51,-0.01,-16.94,96.52,0.0,115.6,173.0,7.65,12.27,0.87,0.09,-0.02,0.09,0.87,-0.22,-1.21,0.39,-0.14,-1.45,0.39,-0.14,-1.45,74.0,115.2,26.3,19.8,28.5,28.1,-90.9,-12.2,61.0,-155.4,7.9,26.7,-48.0,-9.6,54.2,-102.1,-9.1,5.9,1.2,12.9,-19.8,14.0,-3.6,3.1,22.8,-1.9,-2.5,3.7,2,4
174,3.48,-0.01,34.44,0.49,1.53,-0.01,-17.08,97.66,0.0,117.01,175.0,7.66,12.26,0.88,0.08,-0.06,0.14,-3.06,-0.48,-1.79,-3.49,0.18,-0.76,-3.49,0.18,-0.76,58.0,0.0,0.0,37.8,31.8,32.9,-93.3,-18.0,51.0,-156.0,8.3,35.9,-48.0,-13.6,46.9,-92.7,-15.6,1.1,2.4,12.4,-6.4,-19.6,1.1,-5.8,22.8,5.4,-4.4,1.8,2,4
176,3.52,-0.01,34.83,0.5,1.55,-0.01,-17.23,98.79,0.0,118.42,177.0,7.66,12.26,0.88,0.1,-0.07,0.08,-2.18,-0.34,-1.08,-2.43,0.11,-0.35,-2.43,0.11,-0.35,39.8,0.0,139.8,86.2,39.0,35.3,-93.4,-14.0,43.9,-156.0,11.3,33.5,-48.0,-11.0,40.8,-86.0,-15.0,-0.5,4.1,2.5,5.8,-19.7,-1.1,-8.3,21.4,13.1,-6.6,-4.0,2,4
178,3.56,-0.01,35.23,0.51,1.56,-0.01,-17.31,99.92,0.0,119.89,179.0,7.66,12.26,0.88,0.09,-0.03,-0.09,2.14,1.03,-0.15,2.15,0.45,-0.91,2.15,0.45,-0.91,103.9,0.0,93.7,141.1,39.7,26.5,-87.1,-10.1,51.2,-156.0,14.4,29.1,-48.0,-7.6,43.2,-95.6,-9.7,10.7,0.1,4.0,-0.8,-19.7,-8.9,-16.7,15.2,11.8,-12.8,-2.2,2,4
180,3.6,-0.01,35.63,0.52,1.58,-0.01,-17.39,101.06,0.0,121.37,181.0,7.67,12.26,0.88,0.14,-0.03,0.13,2.5,-0.25,-0.48,2.03,-0.86,-1.3,2.03,-0.86,-1.3,0.0,0.0,101.9,100.5,35.7,22.5,-88.6,-7.5,57.2,-156.0,12.2,24.7,-48.0,-8.6,45.6,-101.3,2.7,5.9,0.2,4.8,0.4,-19.7,-12.7,-19.7,3.8,9.0,-9.3,-1.8,2,4
182,3.64,-0.01,36.02,0.53,1.59,-0.01,-17.45,102.19,0.0,122.87,183.0,7.67,12.25,0.88,0.13,-0.02,0.09,1.02,0.17,-0.82,0.69,-0.02,-1.13,0.69,-0.02,-1.13,36.5,78.8,93.3,24.7,34.3,26.6,-88.7,-7.5,59.3,-156.0,10.8,23.3,-48.0,-8.8,47.2,-103.8,-3.8,-0.1,-1.6,11.4,-2.6,-19.7,-15.5,-20.1,12.3,6.7,-1.5,-2.2,2,4
184,3.68,-0.01,36.42,0.54,1.61,-0.01,-17.51,103.32,0.0,124.36,185.0,7.68,12.25,0.88,0.16,-0.02,0.08,1.64,-0.07,-0.81,1.15,-0.42,-1.36,1.15,-0.42,-1.36,99.2,65.7,74.8,0.0,31.8,27.2,-90.4,-9.8,59.3,-156.0,8.9,23.0,-48.0,-5.7,51.6,-106.9,-8.7,4.6,-4.0,14.6,-15.5,-1.5,-12.0,-10.9,22.4,-2.5,0.8,1.7,2,4
186,3.72,-0.01,36.82,0.56,1.63,-0.01,-17.67,104.45,0.0,125.76,187.0,7.69,12.25,0.88,0.17,0.03,0.14,-1.39,-1.63,-1.69,-2.35,-0.61,-1.24,-2.35,-0.61,-1.24,120.7,0.0,0.0,0.0,28.2,32.4,-94.2,-21.7,52.1,-146.7,4.9,31.9,-48.0,-8.4,54.0,-95.1,-14.5,3.1,2.7,15.3,-18.1,0.3,2.7,1.1,22.8,-1.1,-7.0,4.9,1,4
188,3.76,-0.01,37.21,0.57,1.64,-0.01,-17.95,105.59,0.0,127.04,189.0,7.69,12.24,0.88,0.16,-0.03,0.09,-3.82,-1.6,-1.43,-4.36,0.36,-0.24,-4.36,0.36,-0.24,47.4,0.0,0.0,57.0,33.2,36.8,-94.9,-22.5,40.4,-156.0,9.3,41.6,-48.0,-8.7,45.5,-80.0,-13.6,-0.2,3.6,10.9,5.2,-13.6,-1.5,-9.2,22.8,7.5,-4.4,-2.7,2,4
190,3.8,-0.01,37.61,0.59,1.66,-0.01,-18.08,106.73,0.0,128.48,191.0,7.7,12.24,0.88,0.16,-0.04,-0.03,-0.53,-0.22,-0.54,-0.7,0.04,-0.36,-0.7,0.04,-0.36,45.9,0.0,72.2,106.4,40.1,34.9,-89.9,-13.1,42.5,-156.0,14.8,32.8,-48.0,-2.6,48.3,-84.2,-11.7,1.3,8.8,0.2,7.3,-19.7,-7.1,-14.3,21.2,13.9,-11.8,-9.0,2,4
192,3.84,-0.01,38.01,0.6,1.67,-0.01,-18.23,107.86,0.0,129.89,193.0,7.7,12.24,0.88,0.2,0.05,-0.16,2.67,1.69,0.03,3.03,0.19,-0.87,3.03,0.19,-0.87,0.0,0.0,89.1,108.3,40.4,20.2,-79.4,-7.4,53.1,-156.0,16.8,25.5,-48.0,0.5,50.7,-100.4,-2.6,4.8,-4.1,2.6,-0.0,-19.7,-6.8,-18.3,13.7,7.6,-12.0,-4.1,2,4
194,3.88,-0.01,38.41,0.61,1.69,-0.01,-18.31,109.01,0.0,131.38,195.0,7.71,12.23,0.88,0.2,0.02,0.1,1.54,0.53,-0.76,1.33,-0.17,-1.2,1.33,-0.17,-1.2,0.0,0.0,93.5,102.6,35.7,20.4,-86.6,-7.9,57.8,-156.0,13.7,22.7,-48.0,-0.8,52.6,-103.2,-1.6,2.2,0.8,7.2,-4.4,-19.7,-15.0,-19.8,10.0,6.0,-10.6,-1.7,2,4
196,3.92,-0.01,38.81,0.63,1.71,-0.01,-18.39,110.15,0.0,132.88,197.0,7.72,12.23,0.88,0.18,0.02,0.11,0.91,0.4,-0.75,0.75,0.04,-0.99,0.75,0.04,-0.99,63.0,84.2,92.8,0.0,32.2,24.4,-91.5,-9.3,58.1,-156.0,11.7,21.1,-48.0,-1.3,52.1,-103.5,-5.0,2.7,-1.8,12.4,-5.0,-19.7,-16.3,-19.8,18.2,3.9,1.7,-2.1,2,4
198,3.96,-0.01,39.2,0.64,1.72,-0.01,-18.45,111.27,0.0,134.37,199.0,7.72,12.23,0.88,0.19,0.04,0.09,1.88,-0.08,-1.03,1.17,-0.79,-1.62,1.17,-0.79,-1.62,95.5,29.8,52.0,0.0,28.2,26.7,-96.1,-13.5,57.6,-156.0,8.1,21.4,-48.0,-2.5,53.4,-104.1,-8.6,3.6,-1.2,16.2,-16.5,-2.4,-9.0,-2.8,22.8,-5.2,-0.4,1.4,2,4
200,4.0,-0.01,39.6,0.66,1.74,-0.01,-18.54,112.4,0.0,135.84,201.0,7.73,12.22,0.88,0.22,0.03,0.07,-0.4,-0.63,-1.22,-0.94,0.11,-1.08,-0.94,0.11,-1.08,114.6,0.0,0.0,42.2,27.1,29.1,-93.9,-13.8,58.2,-156.0,6.4,29.2,-48.0,-13.0,46.6,-91.6,-15.0,5.7,0.3,13.5,-14.1,-14.8,1.6,-2.0,22.8,1.3,-4.6,6.1,2,4
202,4.04,-0.01,40.0,0.68,1.76,-0.01,-18.65,113.53,0.0,137.29,203.0,7.74,12.22,0.88,0.2,-0.04,0.03,-1.44,-0.5,-0.99,-1.58,0.75,-0.51,-1.58,0.75,-0.51,45.0,0.0,0.0,120.6,30.4,32.0,-93.5,-11.3,57.2,-156.0,7.9,32.4,-48.0,-13.8,42.4,-81.7,-10.6,5.4,7.2,2.0,-0.5,-19.7,0.2,-6.5,21.9,12.7,-8.5,-2.7,2,4
204,4.08,-0.01,40.39,0.69,1.77,-0.02,-18.71,114.68,0.0,138.81,205.0,7.74,12.21,0.88,0.23,-0.01,-0.11,0.36,0.03,-0.24,0.22,-0.16,-0.34,0.22,-0.16,-0.34,45.0,0.0,82.6,110.6,32.9,29.1,-89.5,-8.4,58.6,-156.0,11.2,28.7,-48.0,-9.1,47.6,-88.5,-5.2,4.8,3.2,4.6,-1.5,-19.7,-9.1,-14.7,18.2,10.2,-14.3,-6.5,2,4
206,4.12,-0.01,40.79,0.71,1.79,-0.02,-18.78,115.82,0.0,140.3,207.0,7.75,12.2,0.87,0.2,0.02,0.09,1.08,-0.26,-0.55,0.45,-0.74,-0.89,0.45,-0.74,-0.89,0.0,83.3,93.8,90.2,34.1,23.1,-87.4,-5.6,61.5,-156.0,14.2,23.9,-48.0,-4.6,51.8,-95.7,0.0,4.2,1.2,4.5,-2.4,-19.7,-11.6,-19.8,9.3,6.7,-11.7,-6.9,2,4
208,4.16,-0.01,41.19,0.73,1.8,-0.02,-18.85,116.95,0.0,141.8,209.0,7.76,12.2,0.87,0.2,0.02,0.05,1.15,0.38,-0.74,0.9,-0.28,-1.06,0.9,-0.28,-1.06,14.9,77.8,98.5,23.7,32.7,25.6,-87.0,-7.6,61.1,-156.0,14.1,22.6,-48.0,-3.9,53.7,-99.6,-2.0,2.3,-0.3,9.5,-3.2,-19.7,-16.5,-19.7,8.6,2.4,-3.4,-7.2,2,4
210,4.2,-0.01,41.58,0.74,1.82,-0.02,-18.88,118.08,0.0,143.31,211.0,7.76,12.19,0.87,0.22,0.03,0.08,1.48,0.01,-0.81,0.84,-0.72,-1.27,0.84,-0.72,-1.27,75.3,77.6,79.5,0.0,28.9,28.1,-91.3,-11.0,61.4,-156.0,10.7,22.6,-48.0,-4.5,57.2,-106.4,-6.6,4.1,-3.3,14.5,-14.0,-1.8,-14.6,-13.0,21.7,-0.5,1.5,1.0,2,4
212,4.24,-0.01,41.98,0.76,1.83,-0.02,-19.07,119.2,0.0,144.67,213.0,7.77,12.19,0.88,0.24,0.1,0.18,-1.42,-1.47,-1.51,-2.2,0.62,-1.12,-2.2,0.62,-1.12,117.9,68.4,0.0,0.0,24.9,33.1,-97.4,-23.6,53.7,-145.7,5.7,29.9,-48.0,-8.6,58.8,-96.7,-14.4,3.6,2.1,16.1,-18.9,13.1,2.4,7.0,22.8,-2.5,-5.6,7.2,1,4
214,4.28,-0.01,42.37,0.78,1.85,-0.02,-19.35,120.34,0.0,145.97,215.0,7.78,12.18,0.88,0.25,0.01,0.17,-5.42,-1.96,-1.41,-4.96,3.27,0.12,-4.96,3.27,0.12,48.8,0.0,0.0,0.0,30.1,35.1,-98.7,-24.3,38.3,-155.7,8.2,44.1,-48.0,-9.0,46.6,-73.3,-14.7,-1.1,5.4,17.4,1.7,-5.6,1.0,-10.0,22.8,3.4,-0.5,1.3,2,4
216,4.32,-0.01,42.77,0.8,1.86,-0.02,-19.65,121.48,0.0,147.25,217.0,7.79,12.17,0.89,0.26,-0.01,0.12,-1.18,-0.99,-0.69,-1.62,0.38,-0.27,-1.62,0.38,-0.27,7.0,0.0,68.0,44.5,38.1,29.9,-87.1,-9.4,42.8,-156.0,15.3,38.6,-48.0,0.6,50.1,-76.8,-10.2,3.0,5.0,-4.8,6.3,-19.7,-5.4,-16.5,21.3,14.5,-15.4,-9.1,2,4
218,4.36,-0.01,43.17,0.81,1.88,-0.02,-19.8,122.62,0.0,148.66,219.0,7.79,12.16,0.88,0.13,0.05,-0.12,1.69,1.83,0.11,2.42,-0.31,-0.52,2.42,-0.31,-0.52,0.0,0.0,30.6,51.1,40.4,18.5,-71.3,-8.6,55.1,-156.0,18.5,34.7,-48.0,3.6,54.5,-90.6,-3.3,5.2,-6.3,5.5,-3.8,-19.7,-7.6,-19.5,16.9,8.2,-12.4,-8.7,2,4
220,4.4,-0.01,43.57,0.82,1.9,-0.02,-19.94,123.76,0.0,150.08,221.0,7.79,12.16,0.88,0.12,0.05,0.07,5.02,0.39,0.17,3.08,-3.77,-1.3,3.08,-3.77,-1.3,0.0,0.0,62.4,58.9,38.9,11.3,-82.8,-3.8,58.8,-156.0,15.1,26.5,-48.0,2.6,52.3,-97.2,1.4,9.5,-0.8,5.6,-5.5,-19.7,-11.6,-20.3,10.3,8.0,-9.2,-5.5,2,4
222,4.44,-0.01,43.96,0.83,1.91,-0.02,-20.03,124.9,0.0,151.55,223.0,7.8,12.16,0.88,0.05,0.09,0.11,1.44,0.21,-0.65,0.86,-0.85,-1.04,0.86,-0.85,-1.04,0.0,67.9,129.2,0.0,32.0,19.9,-91.6,-6.4,60.7,-156.0,11.0,24.2,-48.0,1.1,54.3,-99.7,-3.2,4.4,-1.6,10.9,-5.7,-19.7,-16.6,-20.0,15.4,3.4,1.1,-3.5,2,4
224,4.48,-0.01,44.36,0.83,1.93,-0.02,-20.11,126.04,0.0,153.02,225.0,7.8,12.16,0.88,0.04,0.1,0.07,1.6,0.05,-0.94,0.78,-0.96,-1.38,0.78,-0.96,-1.38,92.1,74.2,43.8,0.0,26.5,26.0,-97.4,-12.2,58.8,-156.0,5.3,23.9,-48.0,1.3,55.9,-102.5,-6.5,2.1,0.4,14.0,-18.5,4.7,-7.8,-2.1,22.9,-7.4,-0.3,0.2,2,4
226,4.52,-0.01,44.76,0.84,1.95,-0.02,-20.29,127.17,0.0,154.4,227.0,7.81,12.16,0.89,0.04,0.09,0.13,-1.58,-1.18,-1.3,-1.85,1.17,-0.89,-1.85,1.17,-0.89,132.9,0.0,0.0,12.4,26.0,29.2,-95.1,-18.0,53.0,-152.8,4.1,32.2,-48.0,-8.6,49.7,-92.1,-15.8,3.7,2.1,16.4,-14.1,-16.8,-0.4,-3.9,22.8,-0.9,-4.8,6.9,2,4
228,4.56,-0.01,45.16,0.84,1.97,-0.02,-20.47,128.32,0.0,155.79,229.0,7.81,12.16,0.89,0.05,-0.0,0.07,-2.89,-1.23,-0.95,-2.45,2.17,-0.21,-2.45,2.17,-0.21,34.6,0.0,0.0,44.0,30.7,31.8,-93.6,-14.2,49.2,-156.0,7.8,33.5,-48.0,-9.6,43.5,-79.2,-12.7,5.8,5.4,3.9,2.1,-19.7,1.2,-5.5,22.3,10.5,-7.1,-4.5,2,4
230,4.6,-0.01,45.56,0.84,1.98,-0.02,-20.55,129.47,0.0,157.28,231.0,7.81,12.16,0.89,0.03,0.01,-0.15,0.0,0.57,-0.32,0.46,0.3,-0.36,0.46,0.3,-0.36,35.2,0.0,80.9,114.4,36.0,26.8,-86.2,-8.7,51.9,-156.0,13.8,30.7,-48.0,-3.2,47.6,-87.5,-7.1,8.1,2.0,3.8,0.3,-19.7,-9.5,-13.9,20.5,9.8,-12.7,-5.1,2,4
232,4.64,-0.01,45.96,0.85,2.0,-0.02,-20.65,130.61,0.0,158.74,233.0,7.81,12.16,0.88,0.11,0.05,-0.19,2.24,0.79,-0.12,1.58,-1.6,-0.77,1.58,-1.6,-0.77,0.0,0.0,112.3,85.9,38.2,17.4,-85.5,-5.1,56.5,-156.0,15.6,23.3,-48.0,0.2,48.7,-97.0,-1.6,4.4,1.3,4.3,-3.8,-19.7,-9.3,-19.0,14.5,5.7,-8.4,-5.1,2,4
234,4.68,-0.01,46.36,0.85,2.02,-0.02,-20.72,131.76,0.0,160.24,235.0,7.81,12.16,0.88,0.05,0.05,0.04,0.83,-0.04,-0.65,0.22,-0.57,-0.86,0.22,-0.57,-0.86,0.0,70.5,96.0,82.3,34.3,20.9,-87.7,-4.7,59.5,-156.0,14.7,21.4,-48.0,1.2,52.6,-101.2,-2.4,-2.3,-1.7,8.3,-5.4,-19.7,-16.1,-20.1,13.2,3.9,-9.7,-3.1,2,4
236,4.72,-0.01,46.75,0.86,2.03,-0.02,-20.77,132.91,0.0,161.75,237.0,7.82,12.16,0.88,0.01,0.04,0.05,0.66,0.18,-0.71,0.36,-0.31,-0.87,0.36,-0.31,-0.87,0.0,64.8,93.4,9.1,32.4,21.2,-95.5,-7.1,58.9,-156.0,13.5,19.9,-48.0,0.5,51.6,-101.0,-5.4,0.4,-2.1,15.1,-11.5,-19.7,-17.9,-20.3,21.0,1.1,-1.7,-2.7,2,4
238,4.76,-0.01,47.15,0.86,2.05,-0.02,-20.85,134.04,0.0,163.22,239.0,7.82,12.16,0.88,-0.0,0.06,0.07,1.59,-0.15,-1.09,0.37,-1.13,-1.52,0.37,-1.13,-1.52,0.0,62.6,71.0,7.6,27.8,23.2,-101.1,-11.4,57.5,-156.0,9.7,20.3,-48.0,-4.6,50.1,-101.5,-7.8,3.1,0.1,18.9,-10.3,-17.1,-8.8,-7.8,22.8,-6.3,-2.6,2.4,2,4
240,4.8,-0.01,47.55,0.86,2.07,-0.02,-20.98,135.18,0.0,164.65,241.0,7.82,12.15,0.89,0.04,0.02,0.05,-1.08,-1.61,-1.13,-1.85,0.88,-0.92,-1.85,0.88,-0.92,118.0,80.8,0.0,15.8,28.5,26.6,-95.7,-3.6,61.1,-156.0,10.7,25.9,-48.0,-16.0,40.0,-89.6,-15.1,11.9,0.1,7.0,-1.9,-19.7,0.1,-1.6,22.8,7.3,-2.6,0.9,2,4
242,4.84,-0.01,47.94,0.87,2.08,-0.02,-21.09,136.33,0.0,166.11,243.0,7.82,12.15,0.88,0.12,0.01,-0.18,0.32,-1.29,-1.14,-1.18,-0.35,-1.24,-1.18,-0.35,-1.24,47.2,0.0,72.6,105.3,31.0,37.5,-93.3,0.8,67.6,-156.0,10.0,33.2,-48.0,-18.3,42.6,-85.7,-11.7,8.0,3.2,-5.7,-2.4,-19.7,-1.7,-11.5,21.6,15.7,-6.6,-3.6,2,4
244,4.88,-0.01,48.34,0.87,2.1,-0.02,-21.17,137.49,0.0,167.6,245.0,7.82,12.15,0.87,0.05,-0.01,-0.39,-0.67,0.79,-0.75,0.64,0.95,-0.57,0.64,0.95,-0.57,7.9,0.0,54.0,37.0,34.0,42.1,-94.4,-7.3,67.0,-156.0,11.6,35.9,-48.0,-17.0,47.9,-89.3,-1.8,-0.6,2.1,7.0,-3.9,-19.7,-11.0,-16.0,13.8,9.8,-7.0,-3.6,2,4
246,4.92,-0.01,48.74,0.87,2.11,-0.02,-21.27,138.64,0.0,169.06,247.0,7.82,12.15,0.86,-0.02,0.0,0.11,0.4,-0.01,-0.72,0.07,-0.19,-0.8,0.07,-0.19,-0.8,30.8,70.2,2.6,93.5,35.5,37.0,-93.7,-4.4,66.1,-156.0,11.7,30.8,-48.0,-15.5,48.4,-94.1,-2.9,0.0,1.7,8.5,-6.1,-19.7,-16.1,-19.8,12.2,9.4,-8.5,-3.0,2,4
248,4.96,-0.01,49.13,0.87,2.13,-0.02,-21.34,139.78,0.0,170.55,249.0,7.82,12.15,0.87,-0.05,-0.01,0.16,0.16,0.32,-0.53,0.35,0.03,-0.54,0.35,0.03,-0.54,38.4,24.8,35.6,42.6,34.0,31.2,-88.7,-3.0,63.9,-156.0,12.3,28.9,-48.0,-13.7,47.9,-94.7,-2.3,1.6,-1.4,7.9,-4.7,-19.7,-17.8,-21.0,14.7,6.8,-3.9,-7.2,2,4
250,5.0,-0.01,49.53,0.87,2.14,-0.02,-21.38,140.92,0.0,172.05,251.0,7.82,12.15,0.87,-0.0,-0.02,-0.03,1.01,0.58,-0.68,0.74,-0.7,-0.89,0.74,-0.7,-0.89,47.0,56.9,42.2,23.8,32.2,27.0,-88.6,-4.7,63.2,-156.0,12.5,25.2,-48.0,-10.8,50.2,-100.9,-5.3,1.7,-1.0,14.3,-14.1,-11.9,-16.8,-18.5,21.3,0.5,-4.0,-2.2,2,4
252,5.04,-0.01,49.92,0.87,2.15,-0.02,-21.42,142.05,0.0,173.55,253.0,7.82,12.15,0.87,-0.01,-0.02,0.09,0.17,0.06,-1.21,0.17,0.22,-1.19,0.17,0.22,-1.19,66.6,29.3,23.7,87.6,31.6,26.5,-88.4,-8.4,61.1,-156.0,11.3,25.1,-48.0,-12.2,48.2,-100.2,-8.6,4.6,2.4,10.5,-17.1,-1.7,-1.5,0.9,22.8,-0.6,-9.8,0.2,2,4
254,5.08,-0.01,50.32,0.87,2.17,-0.02,-21.47,143.19,0.0,175.05,255.0,7.82,12.15,0.88,0.02,-0.03,0.05,-1.11,-0.13,-1.29,-0.09,1.46,-0.89,-0.09,1.46,-0.89,113.4,0.0,0.0,81.7,35.1,31.0,-89.2,-9.5,57.3,-156.0,12.1,28.8,-48.0,-14.4,41.9,-92.0,-14.6,8.5,-0.5,6.1,1.8,-19.8,0.4,-3.5,22.5,8.5,-3.4,1.9,2,4
256,5.12,-0.01,50.71,0.88,2.19,-0.02,-21.53,144.33,0.0,176.55,257.0,7.82,12.15,0.87,0.08,-0.04,-0.15,0.35,0.15,-0.79,0.18,-0.09,-0.85,0.18,-0.09,-0.85,84.6,0.0,77.6,107.8,35.2,37.2,-95.8,-9.5,58.4,-156.0,11.6,28.7,-48.0,-16.1,41.0,-87.4,-11.7,4.1,-0.8,0.6,0.4,-19.7,-5.5,-8.9,19.3,13.0,-7.9,-2.3,2,4
258,5.16,-0.01,51.11,0.88,2.2,-0.02,-21.57,145.47,0.0,178.06,259.0,7.81,12.15,0.87,0.02,-0.06,0.12,0.76,-0.49,-0.74,-0.46,-0.45,-0.98,-0.46,-0.45,-0.98,19.4,0.0,78.2,93.8,34.0,37.2,-97.9,-9.9,60.2,-156.0,10.4,27.0,-48.0,-16.5,42.3,-87.9,-3.0,2.2,-2.3,3.2,-1.7,-19.7,-13.5,-17.1,6.8,9.0,-10.6,-4.6,2,4
260,5.2,-0.01,51.5,0.89,2.21,-0.02,-21.63,146.6,0.0,179.55,261.0,7.81,12.15,0.87,0.04,-0.08,0.05,0.9,-0.28,-0.62,-0.28,-0.62,-0.9,-0.28,-0.62,-0.9,15.2,75.2,48.0,58.9,33.4,34.4,-94.7,-8.5,61.5,-156.0,11.2,25.4,-48.0,-14.8,44.8,-91.9,-0.3,0.6,3.4,6.1,-0.5,-19.7,-16.2,-20.0,7.8,7.2,-7.0,-8.7,2,4
262,5.24,-0.01,51.9,0.89,2.23,-0.02,-21.66,147.73,0.0,181.05,263.0,7.81,12.15,0.87,0.06,-0.08,0.02,1.07,-0.28,-0.52,-0.3,-0.81,-0.87,-0.3,-0.81,-0.87,22.5,69.7,44.5,31.1,31.5,30.9,-90.4,-8.5,62.8,-156.0,11.2,24.2,-48.0,-13.0,49.5,-98.9,-2.9,-0.7,1.2,11.9,-5.5,-17.8,-17.1,-19.9,17.7,5.6,-3.0,-5.6,2,4
264,5.28,-0.01,52.29,0.9,2.24,-0.02,-21.74,148.85,0.0,182.51,265.0,7.8,12.14,0.87,0.05,-0.07,0.09,0.35,-0.55,-0.99,-0.39,0.07,-1.12,-0.39,0.07,-1.12,47.0,161.2,30.8,31.4,29.3,27.9,-85.5,-12.0,61.5,-154.9,10.5,24.5,-48.0,-13.1,52.0,-102.6,-5.9,5.5,2.9,9.8,-20.2,19.5,-5.9,1.6,22.8,0.8,-2.1,0.3,2,4
266,5.32,-0.01,52.69,0.9,2.26,-0.02,-21.97,149.99,0.0,183.84,267.0,7.8,12.14,0.88,0.05,-0.09,0.18,-4.58,-1.53,-1.86,-0.5,5.12,-0.54,-0.5,5.12,-0.54,129.7,0.0,0.0,50.6,33.2,31.1,-88.1,-18.8,47.0,-139.7,12.5,33.4,-48.0,-14.6,45.8,-96.3,-16.1,5.3,1.6,10.6,-12.2,-18.5,2.6,-3.9,22.8,5.8,-4.2,-0.8,1,4
268,5.36,-0.01,53.09,0.91,2.27,-0.02,-22.1,151.13,0.0,185.27,269.0,7.8,12.14,0.88,0.15,-0.06,0.01,-3.02,-1.76,-0.95,-1.06,3.47,-0.0,-1.06,3.47,-0.0,49.8,0.0,160.6,96.7,40.6,33.0,-91.1,-14.5,36.8,-156.0,17.0,33.9,-48.0,-12.2,38.8,-90.2,-14.6,3.6,-1.0,3.7,10.5,-19.7,-3.9,-7.4,21.6,11.3,-4.1,-0.2,2,4
270,5.4,-0.01,53.49,0.92,2.29,-0.02,-22.18,152.27,0.0,186.76,271.0,7.79,12.13,0.88,0.16,0.0,-0.14,1.81,-0.03,-0.15,-0.5,-1.68,-0.47,-0.5,-1.68,-0.47,22.0,0.0,91.4,133.2,37.4,32.8,-93.9,-9.5,54.0,-156.0,18.4,34.3,-48.0,-13.0,43.0,-93.4,-12.2,11.9,3.3,3.2,-0.4,-19.7,-8.4,-15.8,17.2,15.0,-8.7,0.0,2,4
272,5.44,-0.01,53.89,0.93,2.3,-0.02,-22.28,153.42,0.0,188.23,273.0,7.79,12.13,0.87,0.12,0.03,-0.38,0.85,2.09,-0.09,1.78,-1.3,-0.48,1.78,-1.3,-0.48,0.0,0.0,85.5,103.1,37.3,32.5,-96.2,-3.3,60.8,-156.0,16.2,32.1,-48.0,-14.9,44.5,-96.5,0.1,-1.1,2.1,0.9,-0.7,-19.7,-12.1,-19.9,7.7,11.1,-5.8,-3.1,2,4
274,5.48,-0.01,54.28,0.94,2.32,-0.02,-22.35,154.56,0.0,189.72,275.0,7.79,12.13,0.87,0.04,-0.01,0.28,1.03,-0.2,-0.43,-0.46,-0.79,-0.67,-0.46,-0.79,-0.67,0.0,70.9,87.6,77.7,34.1,28.9,-91.3,-3.5,64.2,-156.0,13.4,29.0,-48.0,-16.1,46.2,-98.7,-2.4,-2.0,-1.6,11.0,-4.6,-19.7,-16.7,-20.8,11.5,11.8,-4.5,-3.5,2,4
276,5.52,-0.01,54.68,0.94,2.33,-0.02,-22.43,155.72,0.0,191.21,277.0,7.79,12.12,0.87,0.09,-0.0,0.06,1.06,0.5,-0.37,0.21,-1.02,-0.65,0.21,-1.02,-0.65,0.0,68.5,81.8,25.8,32.4,26.0,-91.4,-3.6,63.2,-156.0,13.1,26.9,-48.0,-12.4,49.6,-103.6,-5.7,3.1,-0.1,12.3,-9.6,-15.3,-16.1,-18.8,21.3,3.6,-1.5,-1.0,2,4
278,5.56,-0.01,55.08,0.95,2.35,-0.02,-22.51,156.86,0.0,192.7,279.0,7.79,12.12,0.87,0.1,0.02,0.05,0.56,0.3,-0.9,0.23,-0.36,-1.01,0.23,-0.36,-1.01,66.4,29.2,30.1,25.1,29.5,28.1,-92.6,-8.7,61.6,-155.5,9.4,27.5,-48.0,-14.0,49.7,-102.6,-8.9,4.9,2.7,13.1,-19.1,5.0,-3.6,2.1,22.8,-1.1,-2.8,4.5,2,4
280,5.6,-0.01,55.48,0.96,2.36,-0.02,-22.64,158.01,0.0,194.13,281.0,7.79,12.11,0.88,0.12,0.02,0.1,-1.81,-0.55,-0.92,0.19,2.07,-0.36,0.19,2.07,-0.36,45.9,0.0,0.0,71.7,32.1,31.9,-92.9,-11.3,57.3,-156.0,8.9,34.5,-48.0,-17.4,41.7,-88.3,-14.8,2.4,1.9,10.9,-9.4,-19.7,-0.4,-3.9,22.8,6.4,-2.2,2.0,2,4
282,5.64,-0.01,55.87,0.97,2.38,-0.02,-22.72,159.15,0.0,195.62,283.0,7.79,12.11,0.88,0.15,0.03,0.01,-0.4,-0.29,-0.37,-0.12,0.56,-0.23,-0.12,0.56,-0.23,45.2,0.0,78.4,108.6,35.8,32.9,-89.3,-6.2,57.7,-156.0,9.5,33.8,-48.0,-15.4,40.5,-84.7,-13.4,2.1,8.1,-3.0,2.1,-19.7,-1.7,-10.6,20.8,15.9,-8.8,-5.6,2,4
284,5.68,-0.01,56.27,0.98,2.39,-0.02,-22.83,160.29,0.0,197.08,285.0,7.79,12.1,0.87,0.18,0.09,-0.18,0.76,0.78,0.29,0.43,-1.05,0.02,0.43,-1.05,0.02,0.0,0.0,92.1,120.8,37.8,23.7,-78.4,-8.2,58.7,-156.0,12.7,30.9,-48.0,-12.3,44.3,-98.4,-4.0,4.0,-3.4,4.9,-2.7,-19.7,-6.5,-18.6,14.6,11.4,-10.4,-3.9,2,4
286,5.72,-0.01,56.67,1.0,2.41,-0.02,-22.93,161.44,0.0,198.54,287.0,7.79,12.09,0.87,0.15,0.08,0.13,0.03,0.36,-0.04,0.33,-0.15,-0.05,0.33,-0.15,-0.05,0.0,41.3,91.2,98.7,35.5,22.6,-85.5,-4.3,61.6,-156.0,13.3,26.4,-48.0,-10.1,48.4,-103.1,0.1,6.4,1.4,2.9,-0.3,-19.7,-14.8,-20.3,8.3,9.7,-10.3,-4.3,2,4
288,5.76,-0.01,57.06,1.01,2.42,-0.02,-22.99,162.58,0.0,200.06,289.0,7.79,12.09,0.87,0.18,0.09,0.07,0.39,0.3,-0.16,0.16,-0.4,-0.28,0.16,-0.4,-0.28,42.8,81.0,90.5,9.9,34.7,27.3,-91.3,-4.3,61.6,-156.0,13.9,24.4,-48.0,-7.3,50.5,-106.8,-4.3,2.8,-4.8,10.0,-1.0,-19.7,-15.1,-20.6,15.7,6.9,0.4,-4.7,2,4
290,5.8,-0.01,57.46,1.03,2.44,-0.02,-23.09,163.72,0.0,201.52,291.0,7.79,12.08,0.87,0.21,0.11,0.06,2.41,-0.04,-0.49,-0.83,-1.94,-1.28,-0.83,-1.94,-1.28,83.2,85.9,48.8,0.0,30.1,30.8,-100.0,-8.2,61.7,-156.0,10.6,24.6,-48.0,-4.2,57.3,-109.8,-6.0,4.4,0.9,13.7,-18.8,7.2,-12.8,-3.2,22.8,-5.4,-1.4,2.4,2,4
292,5.84,-0.01,57.86,1.04,2.45,-0.02,-23.25,164.85,0.0,202.92,293.0,7.79,12.07,0.88,0.2,0.12,0.16,-1.49,-1.54,-1.2,-0.54,2.26,-0.79,-0.54,2.26,-0.79,72.9,0.0,0.0,0.0,26.6,36.2,-100.9,-21.3,53.2,-148.3,5.9,35.1,-48.0,-10.5,55.7,-89.7,-15.4,1.6,4.6,16.0,-11.5,-14.5,0.9,-3.0,22.8,-0.8,-8.5,4.8,1,4
294,5.88,-0.01,58.25,1.06,2.47,-0.02,-23.41,166.0,0.0,204.34,295.0,7.79,12.06,0.88,0.22,0.08,0.16,-3.73,-1.7,-0.59,0.19,4.12,0.4,0.19,4.12,0.4,39.2,0.0,0.0,0.0,31.1,37.6,-97.0,-18.3,46.9,-156.0,9.4,41.2,-48.0,-9.0,45.6,-72.0,-11.7,1.4,6.1,9.1,3.0,-19.7,-0.4,-8.8,22.6,8.3,-9.3,2.9,2,4
296,5.92,-0.01,58.65,1.07,2.49,-0.02,-23.56,167.15,0.0,205.76,297.0,7.79,12.05,0.88,0.16,0.05,0.0,0.09,0.13,-0.16,0.08,-0.1,-0.19,0.08,-0.1,-0.19,32.6,0.0,48.9,42.5,37.0,32.3,-84.4,-10.7,52.0,-156.0,14.5,37.3,-48.0,-2.9,51.6,-81.0,-7.5,1.9,8.9,1.7,-0.8,-19.7,-6.8,-14.0,20.8,11.1,-15.1,-9.9,2,4
298,5.96,-0.01,59.05,1.09,2.5,-0.02,-23.73,168.29,0.0,207.16,299.0,7.79,12.04,0.88,0.19,0.15,-0.2,1.77,2.5,0.52,1.4,-2.77,-0.19,1.4,-2.77,-0.19,0.0,0.0,66.2,84.3,40.8,16.3,-74.3,-6.6,53.8,-156.0,16.8,28.6,-48.0,0.8,51.2,-98.1,-1.0,7.5,-5.1,3.2,-1.6,-19.7,-7.8,-17.7,15.9,7.0,-8.3,-5.1,2,4
300,6.0,-0.01,59.44,1.1,2.52,-0.02,-23.84,169.43,0.0,208.61,301.0,7.79,12.03,0.88,0.16,0.11,0.1,0.82,0.5,0.04,0.08,-0.93,-0.21,0.08,-0.93,-0.21,0.0,0.0,45.5,93.3,35.8,18.5,-85.2,-6.8,58.2,-156.0,13.4,23.7,-48.0,0.9,53.3,-101.2,-2.5,0.8,-0.7,5.5,-4.8,-19.7,-13.4,-20.3,11.0,5.0,-10.1,-3.4,2,4
302,6.04,-0.01,59.84,1.11,2.53,-0.02,-23.92,170.57,0.0,210.11,303.0,7.79,12.03,0.88,0.17,0.11,0.07,1.03,0.13,-0.2,-0.3,-0.87,-0.52,-0.3,-0.87,-0.52,0.0,76.5,52.6,0.0,32.0,23.8,-95.9,-7.7,59.1,-156.0,12.1,22.2,-48.0,2.4,55.3,-104.8,-4.6,4.0,-2.8,13.8,-5.7,-19.6,-17.5,-20.0,19.5,1.0,3.0,-1.2,2,4
304,6.08,-0.01,60.24,1.13,2.55,-0.02,-24.04,171.7,0.0,211.54,305.0,7.79,12.02,0.88,0.17,0.12,0.08,2.12,-0.03,-0.67,-0.81,-1.58,-1.34,-0.81,-1.58,-1.34,125.8,0.0,43.4,0.0,25.1,29.7,-105.2,-14.0,58.3,-156.0,6.2,23.7,-48.0,-0.6,57.8,-103.8,-8.0,3.7,1.2,16.8,-17.7,0.3,-7.0,-0.6,22.8,-7.8,-1.4,3.2,2,4
306,6.12,-0.01,60.64,1.14,2.56,-0.02,-24.17,172.82,0.0,212.96,307.0,7.79,12.01,0.88,0.18,0.09,0.08,-0.93,-0.97,-0.63,-0.18,1.4,-0.42,-0.18,1.4,-0.42,117.7,0.0,0.0,0.0,25.4,32.7,-99.7,-10.3,61.0,-156.0,3.9,32.0,-48.0,-14.0,48.0,-81.6,-15.6,4.8,1.1,12.9,-12.3,-18.5,1.3,-2.7,22.8,3.2,-4.5,2.7,2,4
308,6.16,-0.01,61.03,1.15,2.58,-0.02,-24.33,173.96,0.0,214.36,309.0,7.78,12.0,0.88,0.17,0.02,-0.07,-1.58,-0.41,-0.37,0.55,1.58,0.05,0.55,1.58,0.05,84.4,0.0,0.0,73.1,28.7,32.9,-95.3,-4.4,62.4,-156.0,6.4,33.2,-48.0,-13.9,42.5,-74.6,-9.4,6.2,6.6,-2.7,-2.6,-19.7,-0.6,-6.6,22.0,14.4,-9.8,-5.9,2,4
310,6.2,-0.01,61.43,1.17,2.6,-0.02,-24.41,175.11,0.0,215.85,311.0,7.78,12.0,0.87,0.19,0.02,-0.26,0.52,0.81,0.3,0.36,-0.93,0.17,0.36,-0.93,0.17,0.0,0.0,90.3,104.9,34.2,26.7,-87.9,-7.9,60.1,-156.0,12.0,30.3,-48.0,-7.9,48.1,-86.9,-2.7,1.9,1.6,5.6,-3.3,-19.7,-8.0,-16.5,17.7,8.0,-14.9,-6.9,2,4
312,6.24,-0.01,61.82,1.18,2.61,-0.02,-24.5,176.24,0.0,217.31,313.0,7.78,11.99,0.87,0.15,0.04,0.19,0.19,-0.44,-0.03,-0.45,0.09,-0.12,-0.45,0.09,-0.12,0.0,43.2,96.3,76.2,33.4,22.9,-85.0,-6.3,62.3,-156.0,12.7,26.4,-48.0,-5.6,52.5,-93.1,1.2,4.7,0.4,5.1,-2.8,-19.7,-12.1,-19.4,7.4,5.9,-11.7,-8.9,2,4
314,6.28,-0.01,62.22,1.19,2.62,-0.02,-24.55,177.37,0.0,218.81,315.0,7.78,11.99,0.87,0.16,0.03,0.09,1.23,0.1,-0.19,-0.48,-1.01,-0.56,-0.48,-1.01,-0.56,25.3,79.0,92.9,35.3,32.1,26.8,-85.3,-8.6,61.6,-156.0,12.2,23.7,-48.0,-4.9,54.1,-98.0,-2.3,0.2,-3.1,9.9,-4.0,-19.7,-15.0,-20.0,12.4,4.7,-5.0,-7.5,2,4
316,6.32,-0.01,62.61,1.21,2.64,-0.02,-24.62,178.49,0.0,220.29,317.0,7.77,11.98,0.87,0.16,0.02,0.08,0.64,0.16,-0.21,-0.12,-0.57,-0.38,-0.12,-0.57,-0.38,60.1,68.2,81.4,8.6,28.8,27.3,-91.8,-10.3,61.7,-156.0,10.9,22.7,-48.0,-3.9,56.5,-102.7,-4.9,0.8,-0.9,14.2,-15.8,-6.1,-15.8,-15.6,22.1,-1.2,-1.5,-0.5,2,4
318,6.36,-0.01,63.0,1.22,2.65,-0.02,-24.73,179.61,0.0,221.72,319.0,7.77,11.97,0.88,0.16,0.05,0.2,-1.07,-0.52,-0.92,0.44,1.32,-0.59,0.44,1.32,-0.59,101.2,51.1,0.0,38.3,27.1,29.2,-92.7,-17.5,56.8,-151.2,8.3,26.6,-48.0,-8.9,53.6,-99.4,-12.0,4.6,2.6,14.1,-19.7,8.9,0.1,5.9,22.8,-1.2,-5.0,4.5,2,4
320,6.4,-0.01,63.4,1.23,2.67,-0.02,-24.92,180.74,0.0,223.08,321.0,7.76,11.97,0.88,0.15,-0.03,0.23,-4.43,-0.86,-1.09,2.05,4.15,0.29,2.05,4.15,0.29,46.9,0.0,0.0,35.3,32.9,34.5,-94.6,-20.0,44.7,-156.0,9.6,36.7,-48.0,-12.2,44.4,-87.8,-14.6,-1.4,4.4,14.1,1.4,-16.9,0.1,-9.2,22.8,6.8,-1.4,2.8,2,4
322,6.44,-0.01,63.79,1.25,2.69,-0.02,-25.05,181.88,0.0,224.52,323.0,7.76,11.96,0.89,0.19,-0.07,0.06,-0.88,-0.1,-0.07,0.44,0.74,0.19,0.44,0.74,0.19,44.2,0.0,78.9,94.3,40.5,33.3,-89.0,-10.5,46.1,-156.0,13.8,32.0,-48.0,-5.9,42.9,-84.7,-11.8,2.4,2.9,-1.2,4.3,-19.7,-4.3,-11.5,21.2,13.4,-9.9,-6.2,2,4
324,6.48,-0.01,64.19,1.26,2.7,-0.02,-25.12,183.02,0.0,226.02,325.0,7.75,11.96,0.88,0.24,-0.01,-0.13,1.31,1.31,0.4,0.25,-1.88,-0.11,0.25,-1.88,-0.11,17.7,0.0,97.2,75.8,40.4,23.2,-84.5,-7.3,54.3,-156.0,16.7,26.1,-48.0,-2.8,44.9,-95.4,-2.8,2.8,-0.9,4.2,-1.3,-19.7,-8.6,-18.4,13.6,7.1,-10.3,-5.2,2,4
326,6.52,-0.01,64.58,1.29,2.72,-0.02,-25.23,184.15,0.0,227.48,327.0,7.74,11.95,0.88,0.29,-0.03,0.12,2.85,-0.16,-0.06,-1.69,-2.02,-1.09,-1.69,-2.02,-1.09,0.0,85.5,99.1,95.3,35.6,20.7,-86.9,-6.0,58.6,-156.0,13.1,22.5,-48.0,-5.0,48.1,-101.9,1.6,3.7,1.6,6.3,-2.2,-19.7,-14.4,-19.5,6.7,6.7,-10.2,-2.2,2,4
328,6.56,-0.01,64.98,1.31,2.74,-0.02,-25.3,185.27,0.0,228.95,329.0,7.74,11.94,0.88,0.28,-0.05,0.11,1.31,0.17,-0.23,-0.53,-1.03,-0.67,-0.53,-1.03,-0.67,42.7,74.8,90.4,0.0,33.0,25.6,-86.8,-8.8,59.3,-156.0,11.2,21.7,-48.0,-5.5,50.7,-105.6,-2.9,1.9,-1.2,10.6,-6.0,-18.9,-16.8,-18.7,15.8,3.6,1.4,-1.6,2,4
330,6.6,-0.01,65.37,1.33,2.75,-0.02,-25.38,186.38,0.0,230.42,331.0,7.73,11.93,0.88,0.29,-0.03,0.17,1.05,-0.2,-0.65,-0.5,-0.52,-1.03,-0.5,-0.52,-1.03,58.7,154.0,23.4,2.1,29.4,27.0,-87.3,-14.8,57.8,-155.0,7.3,23.1,-48.0,-5.8,53.6,-106.5,-7.3,3.1,0.5,11.0,-20.3,20.1,-5.3,5.1,22.8,-3.1,-0.0,3.1,2,4
332,6.64,-0.01,65.76,1.36,2.77,-0.02,-25.61,187.5,0.0,231.75,333.0,7.72,11.92,0.88,0.25,-0.05,0.26,-4.54,-1.91,-1.63,1.9,4.82,-0.21,1.9,4.82,-0.21,121.3,0.0,0.0,58.1,30.6,33.1,-91.8,-24.5,42.6,-134.3,7.6,37.6,-48.0,-9.9,50.0,-96.1,-16.7,3.3,2.2,13.2,-14.0,-17.1,3.3,-7.7,22.8,4.1,-5.2,1.2,1,4
334,6.68,-0.01,66.16,1.38,2.79,-0.02,-25.89,188.64,0.0,233.04,335.0,7.7,11.92,0.89,0.26,-0.13,0.13,-5.12,-1.32,-1.17,2.66,4.7,0.47,2.66,4.7,0.47,40.9,0.0,0.0,38.5,40.2,35.7,-95.1,-20.0,23.6,-156.0,15.9,38.2,-48.0,-10.2,39.1,-89.6,-14.4,-2.0,0.5,8.0,10.3,-18.0,-1.7,-8.0,22.7,10.6,-3.3,-0.2,2,4
336,6.72,-0.01,66.56,1.4,2.8,-0.02,-26.04,189.76,0.0,234.45,337.0,7.69,11.91,0.89,0.33,-0.12,0.02,-0.41,-0.11,0.28,0.2,0.25,0.39,0.2,0.25,0.39,54.9,0.0,80.5,108.4,44.6,30.6,-94.5,-10.5,40.8,-156.0,22.8,30.7,-48.0,-4.0,40.0,-93.5,-13.9,5.3,5.0,5.3,1.1,-19.7,-7.1,-17.6,20.7,13.1,-9.3,-1.5,2,4
338,6.76,-0.01,66.96,1.43,2.82,-0.02,-26.15,190.89,0.0,235.91,339.0,7.68,11.91,0.88,0.28,-0.05,-0.12,3.41,1.54,0.42,-1.24,-3.46,-0.79,-1.24,-3.46,-0.79,0.0,0.0,100.0,45.9,43.2,20.9,-89.7,-0.5,58.1,-156.0,22.0,25.0,-48.0,-4.5,40.7,-102.5,2.2,3.6,-0.1,-1.1,-0.2,-19.7,-12.2,-19.8,4.9,8.2,-5.0,-4.2,2,4
340,6.8,-0.01,67.36,1.45,2.84,-0.02,-26.3,192.03,0.0,237.34,341.0,7.67,11.9,0.88,0.35,-0.05,0.05,2.22,-0.22,-0.29,-1.58,-1.27,-0.97,-1.58,-1.27,-0.97,0.0,62.1,67.2,72.8,39.4,21.5,-86.6,-1.8,61.6,-156.0,16.3,22.6,-48.0,-9.2,43.9,-111.4,-3.6,-0.1,-2.0,9.6,-6.4,-19.7,-17.4,-19.7,9.4,8.5,-2.5,3.2,2,4
342,6.84,-0.01,67.75,1.48,2.85,-0.02,-26.39,193.17,0.0,238.82,343.0,7.66,11.89,0.88,0.32,-0.04,0.11,2.09,0.19,-0.38,-1.18,-1.45,-1.02,-1.18,-1.45,-1.02,48.6,33.3,68.4,0.0,33.0,28.4,-89.8,-6.3,61.4,-156.0,12.6,22.1,-48.0,-7.3,50.9,-112.5,-7.1,5.0,-3.9,11.7,-15.8,-2.7,-13.8,-8.4,21.8,-0.3,1.8,2.5,2,4
344,6.88,-0.01,68.15,1.51,2.87,-0.03,-26.57,194.29,0.0,240.2,345.0,7.65,11.88,0.88,0.3,0.04,0.23,-1.09,-1.68,-1.19,0.06,2.11,-0.99,0.06,2.11,-0.99,100.0,43.1,0.0,0.0,26.9,33.7,-94.2,-23.6,52.3,-144.6,4.9,32.9,-48.0,-7.8,58.2,-98.1,-13.0,4.5,3.9,14.2,-18.1,15.8,3.1,1.7,22.8,-1.9,-6.0,5.3,1,4
346,6.92,-0.02,68.55,1.53,2.88,-0.03,-26.86,195.44,0.0,241.5,347.0,7.64,11.87,0.89,0.28,-0.07,0.2,-4.49,-2.09,-1.13,2.29,4.54,-0.06,2.29,4.54,-0.06,45.7,0.0,0.0,0.0,29.2,37.4,-97.7,-28.3,31.8,-150.8,7.7,44.8,-48.0,-6.8,49.1,-78.0,-13.2,-0.1,5.8,18.4,9.4,-6.7,-1.9,-10.4,22.8,3.3,-1.7,-0.1,2,4
348,6.96,-0.02,68.94,1.55,2.9,-0.03,-27.12,196.59,0.0,242.83,349.0,7.63,11.87,0.89,0.31,-0.09,0.1,-1.59,-0.96,-0.41,0.66,1.78,0.0,0.66,1.78,0.0,43.3,0.0,22.9,39.3,37.5,35.8,-89.5,-13.5,37.1,-156.0,14.9,37.6,-48.0,0.8,52.0,-80.0,-11.4,4.2,6.8,-2.9,7.6,-19.7,-5.2,-14.4,21.6,14.6,-13.6,-8.1,2,4
350,7.0,-0.02,69.34,1.57,2.92,-0.03,-27.22,197.74,0.0,244.31,351.0,7.62,11.86,0.89,0.19,-0.03,-0.1,1.31,1.7,0.37,0.02,-2.18,-0.11,0.02,-2.18,-0.11,13.3,0.0,47.7,42.3,37.6,26.8,-82.7,-7.1,54.2,-156.0,17.8,33.4,-48.0,4.4,55.6,-90.9,-3.2,2.9,-2.4,5.9,-5.2,-19.7,-5.3,-18.9,17.3,5.2,-11.9,-6.4,2,4
352,7.04,-0.02,69.74,1.59,2.94,-0.03,-27.37,198.88,0.0,245.74,353.0,7.61,11.86,0.88,0.26,-0.02,-0.1,4.25,1.6,0.28,-2.25,-3.82,-1.04,-2.25,-3.82,-1.04,0.0,24.7,123.7,73.4,39.8,14.9,-89.8,-3.1,58.2,-156.0,16.5,21.7,-48.0,5.9,51.8,-97.9,-3.0,10.8,3.1,5.1,-4.4,-19.7,-14.2,-19.2,9.4,4.9,-9.9,-5.9,2,4
354,7.08,-0.02,70.14,1.6,2.95,-0.03,-27.46,200.03,0.0,247.22,355.0,7.6,11.86,0.88,0.19,-0.01,0.21,1.6,0.1,-0.45,-1.05,-0.94,-0.89,-1.05,-0.94,-0.89,0.0,46.8,91.5,0.0,31.7,19.6,-90.7,-6.5,59.2,-156.0,12.3,20.9,-48.0,3.5,53.5,-100.1,-2.7,3.6,0.4,10.5,-6.5,-19.7,-16.4,-19.5,15.6,2.8,0.6,-3.4,2,4
356,7.12,-0.02,70.54,1.62,2.97,-0.03,-27.52,201.16,0.0,248.73,357.0,7.6,11.85,0.89,0.2,0.01,0.14,1.95,0.29,-0.68,-1.13,-1.26,-1.22,-1.13,-1.26,-1.22,16.4,27.7,70.3,7.7,25.7,23.4,-95.2,-12.0,57.7,-156.0,6.8,21.6,-48.0,1.0,54.8,-103.9,-5.8,2.1,0.9,15.5,-17.0,-6.6,-11.0,-7.4,22.7,-5.8,-1.7,0.2,2,4
358,7.16,-0.02,70.94,1.64,2.99,-0.03,-27.63,202.29,0.0,250.18,359.0,7.59,11.85,0.89,0.22,0.0,0.12,-0.67,-0.27,-0.87,0.66,0.65,-0.65,0.66,0.65,-0.65,128.6,0.0,0.0,13.3,25.1,26.3,-93.0,-12.1,58.3,-156.0,4.2,26.3,-48.0,-10.6,47.9,-94.5,-15.1,6.5,-0.9,14.6,-17.9,-9.0,1.3,1.6,22.8,-0.0,-3.0,5.6,2,4
360,7.2,-0.02,71.34,1.66,3.01,-0.03,-27.74,203.43,0.0,251.64,361.0,7.58,11.84,0.89,0.23,-0.03,0.03,-2.05,-0.36,-0.72,1.67,1.43,-0.1,1.67,1.43,-0.1,46.1,0.0,0.0,96.3,28.8,28.8,-92.2,-8.5,57.9,-156.0,6.6,31.9,-48.0,-13.9,40.9,-82.3,-11.3,7.9,6.1,3.9,1.3,-19.8,-0.1,-6.3,22.5,12.7,-5.1,-0.7,2,4
362,7.24,-0.02,71.73,1.68,3.02,-0.03,-27.83,204.57,0.0,253.14,363.0,7.57,11.84,0.89,0.25,-0.05,-0.14,-0.48,0.07,-0.12,0.46,0.2,0.03,0.46,0.2,0.03,52.4,0.0,77.8,114.5,32.9,28.6,-91.6,-6.9,58.1,-156.0,10.6,28.1,-48.0,-9.1,44.6,-86.4,-6.4,4.4,6.0,2.2,-1.0,-19.7,-7.8,-12.1,20.3,11.5,-14.1,-6.8,2,4
364,7.28,-0.02,72.13,1.7,3.04,-0.03,-27.89,205.72,0.0,254.66,365.0,7.56,11.84,0.88,0.26,-0.04,-0.08,0.65,0.53,-0.16,-0.21,-0.75,-0.36,-0.21,-0.75,-0.36,0.0,66.9,111.2,77.6,34.9,23.8,-90.3,-6.3,60.0,-156.0,13.6,23.8,-48.0,-5.3,48.6,-94.2,-0.3,2.1,2.3,3.5,-4.4,-19.7,-10.6,-19.1,9.3,5.6,-10.0,-6.8,2,4
366,7.32,-0.02,72.53,1.71,3.06,-0.03,-27.94,206.86,0.0,256.17,367.0,7.56,11.83,0.88,0.22,-0.03,0.07,0.89,0.12,-0.34,-0.57,-0.49,-0.6,-0.57,-0.49,-0.6,4.2,51.6,89.1,64.3,33.4,25.8,-88.5,-6.6,60.4,-156.0,13.7,23.4,-48.0,-4.5,51.8,-98.2,-2.2,-0.4,-0.1,7.8,-3.8,-19.7,-15.7,-19.8,13.1,4.7,-8.9,-6.4,2,4
368,7.36,-0.02,72.92,1.73,3.07,-0.03,-28.03,207.99,0.0,257.64,369.0,7.55,11.83,0.88,0.24,-0.03,0.08,1.54,-0.08,-0.42,-1.16,-0.61,-0.92,-1.16,-0.61,-0.92,53.1,71.8,89.8,7.7,30.9,26.9,-92.6,-8.7,61.0,-156.0,12.4,22.5,-48.0,-3.0,55.6,-105.8,-4.7,2.2,-2.9,13.1,-9.0,-15.0,-17.2,-18.3,20.7,0.2,-1.0,-0.3,2,4
370,7.4,-0.02,73.32,1.75,3.09,-0.03,-28.15,209.11,0.0,259.07,371.0,7.54,11.82,0.88,0.25,-0.0,0.11,1.45,-0.23,-0.9,-0.98,-0.43,-1.35,-0.98,-0.43,-1.35,93.3,60.8,25.3,0.0,25.6,31.2,-97.2,-15.4,60.0,-155.2,7.4,25.2,-48.0,-8.5,57.4,-103.0,-10.3,3.1,0.7,15.2,-19.2,8.6,-3.6,3.1,22.8,-3.0,-4.3,6.1,2,4
372,7.44,-0.02,73.71,1.77,3.1,-0.03,-28.38,210.23,0.0,260.4,373.0,7.53,11.82,0.88,0.25,-0.05,0.12,-2.11,-1.02,-0.89,1.7,1.82,-0.31,1.7,1.82,-0.31,95.9,0.0,0.0,144.9,27.2,34.0,-95.9,-16.3,56.6,-156.0,6.1,34.9,-48.0,-13.2,46.5,-80.7,-13.9,2.5,3.3,13.1,-12.0,-18.9,1.8,-2.5,22.8,3.2,-2.2,2.3,2,4
374,7.48,-0.02,74.11,1.79,3.12,-0.03,-28.44,211.38,0.0,261.91,375.0,7.51,11.82,0.88,0.26,-0.12,0.04,-1.9,-0.42,-0.48,1.63,1.17,0.06,1.63,1.17,0.06,82.5,0.0,169.8,116.0,33.4,33.3,-91.3,-9.4,55.2,-156.0,9.3,34.2,-48.0,-8.7,45.5,-76.2,-11.4,2.7,6.2,-2.2,0.4,-19.7,-1.4,-6.8,21.5,13.7,-13.0,-7.6,2,4
376,7.52,-0.02,74.5,1.81,3.13,-0.03,-28.53,212.53,0.0,263.4,377.0,7.51,11.82,0.87,0.24,-0.1,-0.15,1.46,1.47,0.19,-0.75,-1.92,-0.26,-0.75,-1.92,-0.26,0.0,0.0,92.4,101.9,37.7,22.7,-81.6,-10.1,55.2,-156.0,13.8,29.4,-48.0,-3.7,49.4,-90.3,-4.5,4.2,-2.7,5.5,-0.6,-19.7,-8.3,-17.4,15.2,8.2,-13.0,-6.4,2,4
378,7.56,-0.02,74.9,1.83,3.15,-0.03,-28.63,213.66,0.0,264.86,379.0,7.49,11.82,0.87,0.28,-0.1,0.17,2.01,-0.14,-0.02,-1.78,-0.63,-0.7,-1.78,-0.63,-0.7,0.0,0.0,97.1,85.8,34.0,19.6,-83.3,-7.4,60.5,-156.0,12.7,25.2,-48.0,-2.9,53.4,-96.1,2.9,6.1,-0.7,3.2,-2.0,-19.7,-14.1,-19.5,5.2,5.3,-12.9,-8.4,2,4
380,7.6,-0.02,75.29,1.86,3.16,-0.03,-28.72,214.77,0.0,266.32,381.0,7.48,11.82,0.87,0.3,-0.1,0.12,1.6,0.14,-0.46,-1.15,-0.73,-0.96,-1.15,-0.73,-0.96,5.9,77.4,89.1,9.3,31.7,28.8,-86.0,-10.4,61.1,-156.0,10.8,23.6,-48.0,-3.2,56.2,-101.3,-1.9,-0.8,-3.6,10.7,-6.0,-19.2,-15.7,-18.6,12.8,2.1,-0.4,-6.4,2,4
382,7.64,-0.02,75.68,1.88,3.17,-0.03,-28.82,215.88,0.0,267.75,383.0,7.47,11.82,0.87,0.29,-0.11,0.19,0.91,0.05,-0.66,-0.49,-0.42,-0.92,-0.49,-0.42,-0.92,65.3,153.7,33.2,0.0,28.6,30.9,-90.3,-14.7,60.0,-155.3,7.8,24.1,-48.0,-4.0,58.2,-105.2,-7.6,1.3,-0.3,12.2,-20.0,17.2,-8.6,0.9,22.8,-4.4,0.9,2.2,2,4
384,7.68,-0.02,76.07,1.9,3.19,-0.03,-29.0,216.99,0.0,269.12,385.0,7.45,11.82,0.88,0.3,-0.09,0.34,-3.69,-2.09,-1.36,3.2,3.08,-0.37,3.2,3.08,-0.37,137.8,0.0,0.0,0.0,27.7,34.9,-95.4,-26.5,44.9,-135.9,7.4,37.4,-48.0,-8.4,54.9,-92.5,-15.8,2.9,4.7,14.8,-15.0,-14.6,1.9,-7.0,22.8,0.2,-6.5,2.1,1,4
386,7.72,-0.02,76.47,1.93,3.21,-0.03,-29.32,218.14,0.0,270.37,387.0,7.44,11.82,0.89,0.3,-0.2,0.26,-5.4,-1.64,-0.98,4.78,3.11,0.53,4.78,3.11,0.53,43.6,0.0,0.0,51.1,35.3,34.0,-95.1,-21.5,27.4,-156.0,13.8,40.6,-48.0,-6.8,45.8,-82.2,-14.1,-1.8,3.1,9.8,5.3,-16.1,0.3,-5.1,22.8,6.7,-4.5,-2.5,2,4
388,7.76,-0.02,76.86,1.96,3.22,-0.03,-29.48,219.27,0.0,271.79,389.0,7.42,11.83,0.89,0.35,-0.23,0.11,-0.43,0.22,0.12,0.44,-0.13,0.18,0.44,-0.13,0.18,0.0,0.0,54.3,105.3,43.3,25.7,-85.3,-10.9,35.8,-156.0,22.3,34.1,-48.0,1.7,46.8,-87.7,-13.4,5.9,4.6,2.8,4.5,-19.7,-7.0,-17.0,21.5,13.6,-11.2,-5.9,2,4
390,7.8,-0.02,77.26,1.98,3.24,-0.03,-29.6,220.41,0.0,273.24,391.0,7.4,11.83,0.89,0.29,-0.13,-0.1,3.3,2.08,0.49,-2.56,-2.91,-0.64,-2.56,-2.91,-0.64,0.0,0.0,107.1,51.9,43.0,15.1,-81.7,-3.1,54.2,-156.0,22.0,26.9,-48.0,2.7,46.5,-98.7,0.1,7.3,-2.1,1.3,-0.5,-19.7,-11.3,-18.1,10.8,6.5,-5.8,-2.8,2,4
392,7.84,-0.02,77.65,2.01,3.26,-0.03,-29.73,221.54,0.0,274.69,393.0,7.39,11.83,0.88,0.36,-0.15,0.16,3.98,-0.08,-0.12,-3.56,-0.96,-1.5,-3.56,-0.96,-1.5,0.0,71.4,103.8,96.1,37.3,18.9,-84.0,-3.3,58.9,-156.0,14.3,20.3,-48.0,-2.4,46.6,-106.4,0.3,0.1,-0.9,9.7,-6.5,-19.7,-14.0,-18.7,7.2,6.4,-6.4,1.3,2,4
394,7.88,-0.02,78.04,2.04,3.27,-0.03,-29.79,222.66,0.0,276.18,395.0,7.38,11.83,0.88,0.33,-0.16,0.19,1.99,0.24,-0.46,-1.56,-0.77,-1.1,-1.56,-0.77,-1.1,33.0,39.2,70.3,8.8,32.5,24.5,-83.4,-9.6,57.7,-156.0,9.3,20.2,-48.0,-4.4,49.1,-108.0,-2.8,0.9,-0.9,9.1,-14.8,-6.3,-12.4,-8.4,20.7,1.9,0.3,0.6,2,4
396,7.92,-0.02,78.44,2.06,3.29,-0.03,-29.91,223.76,0.0,277.61,397.0,7.36,11.84,0.89,0.32,-0.12,0.33,-1.04,-1.25,-0.96,1.13,1.32,-0.76,1.13,1.32,-0.76,64.8,137.1,0.0,0.0,29.4,27.6,-83.3,-20.0,51.2,-147.8,4.6,26.2,-48.0,-6.1,51.2,-103.4,-9.4,4.0,2.1,10.0,-21.0,21.9,2.8,9.8,22.8,-2.3,-1.0,1.4,1,4
398,7.96,-0.02,78.83,2.09,3.31,-0.03,-30.15,224.9,0.0,278.93,399.0,7.34,11.84,0.89,0.31,-0.2,0.23,-5.15,-1.84,-1.61,5.06,2.63,-0.19,5.06,2.63,-0.19,60.9,0.0,0.0,27.5,33.8,32.9,-89.6,-26.9,25.6,-126.4,10.8,41.5,-48.0,-8.3,46.5,-98.1,-17.0,-0.1,-2.7,15.2,-5.7,-20.1,1.2,-10.6,22.8,5.5,-2.8,3.3,1,4
400,8.0,-0.02,79.23,2.12,3.33,-0.03,-30.41,226.04,0.0,280.26,401.0,7.33,11.85,0.9,0.43,-0.2,0.01,-4.91,-1.98,-0.49,4.54,2.62,0.91,4.54,2.62,0.91,44.0,0.0,0.0,43.0,43.7,31.7,-91.6,-16.0,13.4,-156.0,21.8,32.7,-48.0,-7.4,34.9,-93.8,-13.5,3.4,-0.1,2.9,15.0,-18.0,-2.6,-6.9,22.6,15.7,-1.9,-0.3,2,4
402,8.04,-0.02,79.63,2.16,3.35,-0.03,-30.57,227.17,0.0,281.68,403.0,7.31,11.85,0.89,0.45,-0.2,-0.09,0.98,-0.51,0.72,-1.13,0.14,0.65,-1.13,0.14,0.65,0.0,0.0,61.6,131.3,45.8,27.0,-92.7,-3.1,52.8,-156.0,29.6,28.8,-48.0,-3.3,37.0,-98.5,-13.9,8.6,3.4,5.4,-4.7,-19.7,-9.3,-19.0,20.1,12.0,-7.6,1.4,2,4
404,8.08,-0.02,80.02,2.19,3.36,-0.03,-30.72,228.31,0.0,283.12,405.0,7.29,11.86,0.88,0.34,-0.13,-0.3,3.76,1.71,0.93,-3.44,-2.47,-0.09,-3.44,-2.47,-0.09,0.0,0.0,124.9,63.3,43.2,24.4,-91.3,4.6,62.3,-156.0,25.9,24.5,-48.0,-6.4,38.7,-106.3,1.5,2.0,2.8,-0.4,-0.5,-19.7,-17.1,-19.1,0.9,8.9,-1.8,1.0,2,4
406,8.12,-0.02,80.42,2.21,3.38,-0.03,-30.89,229.46,0.0,284.54,407.0,7.28,11.86,0.88,0.3,-0.19,0.15,1.87,0.08,0.27,-1.83,-0.44,-0.19,-1.83,-0.44,-0.19,73.2,23.6,99.7,70.1,36.2,26.1,-83.9,-0.9,63.2,-156.0,17.9,20.3,-48.0,-12.7,40.7,-113.3,-3.4,-2.2,-0.5,8.9,-8.9,-19.7,-16.2,-17.1,10.9,8.6,3.1,7.0,2,4
408,8.16,-0.02,80.82,2.24,3.4,-0.03,-30.93,230.6,0.0,286.08,409.0,7.26,11.87,0.88,0.29,-0.19,0.15,1.48,0.46,0.13,-1.35,-0.75,-0.22,-1.35,-0.75,-0.22,62.9,34.9,80.9,21.1,32.9,26.1,-83.3,-7.0,60.4,-156.0,14.6,20.2,-48.0,-13.3,43.7,-113.4,-7.4,1.0,-2.4,13.0,-18.1,-2.8,-15.5,-5.8,22.8,1.2,2.1,4.0,2,4
410,8.2,-0.02,81.21,2.26,3.41,-0.03,-31.04,231.74,0.0,287.53,411.0,7.25,11.87,0.88,0.29,-0.16,0.25,-1.07,-0.47,-0.39,1.04,0.64,-0.14,1.04,0.64,-0.14,112.9,20.5,0.0,0.0,30.1,29.5,-85.6,-17.5,53.9,-148.6,9.7,26.5,-48.0,-15.2,46.3,-100.9,-14.6,6.0,2.0,12.9,-19.5,5.9,2.0,1.8,22.8,1.3,-4.7,2.2,1,4
412,8.24,-0.02,81.61,2.28,3.43,-0.03,-31.27,232.89,0.0,288.89,413.0,7.23,11.88,0.89,0.29,-0.18,0.17,-4.47,-1.04,-0.37,4.17,1.82,0.69,4.17,1.82,0.69,49.0,0.0,0.0,61.2,36.0,34.2,-88.6,-19.3,41.4,-156.0,12.5,35.5,-48.0,-14.1,39.8,-90.9,-15.0,0.4,0.8,9.3,-2.3,-15.2,-1.3,-6.4,22.8,9.8,-2.1,-0.8,2,4
414,8.28,-0.02,82.01,2.31,3.45,-0.03,-31.41,234.03,0.0,290.34,415.0,7.22,11.88,0.89,0.37,-0.18,-0.05,-1.47,-0.41,0.82,1.18,0.54,1.14,1.18,0.54,1.14,57.1,0.0,36.5,110.7,42.2,34.1,-90.8,-11.7,46.3,-156.0,17.6,31.2,-48.0,-8.6,39.2,-90.6,-13.6,9.0,4.2,2.0,3.9,-19.7,-8.7,-12.6,21.3,15.0,-7.2,-3.0,2,4
416,8.32,-0.02,82.41,2.34,3.46,-0.03,-31.49,235.18,0.0,291.85,417.0,7.21,11.89,0.88,0.32,-0.14,-0.19,1.29,1.16,1.11,-1.15,-1.57,0.68,-1.15,-1.57,0.68,8.5,0.0,108.4,46.3,40.7,30.0,-93.0,-3.3,57.4,-156.0,19.5,27.5,-48.0,-6.7,43.3,-97.1,-1.0,-0.9,0.5,1.3,-2.3,-19.7,-9.7,-19.0,13.1,7.3,-5.9,-3.3,2,4
418,8.36,-0.02,82.8,2.36,3.48,-0.03,-31.61,236.33,0.0,293.32,419.0,7.19,11.89,0.88,0.31,-0.17,0.16,2.87,-0.56,0.51,-2.94,-0.23,-0.28,-2.94,-0.23,-0.28,0.0,71.7,40.3,106.6,36.0,25.4,-91.0,-3.1,61.3,-156.0,16.4,22.7,-48.0,-8.1,47.6,-104.6,1.0,4.1,2.1,7.0,-2.7,-19.7,-16.4,-19.7,8.4,9.6,-9.7,-1.4,2,4
420,8.4,-0.02,83.2,2.39,3.5,-0.03,-31.65,237.47,0.0,294.85,421.0,7.18,11.89,0.88,0.29,-0.18,0.09,1.41,0.46,0.5,-1.32,-0.84,0.12,-1.32,-0.84,0.12,35.0,56.2,37.3,0.9,33.0,26.3,-87.1,-6.9,60.8,-156.0,13.9,22.2,-48.0,-9.2,49.9,-107.4,-4.2,0.9,0.6,9.6,-10.9,-16.6,-16.7,-16.4,17.0,3.7,2.0,0.2,2,4
422,8.44,-0.02,83.59,2.41,3.51,-0.03,-31.71,238.59,0.0,296.35,423.0,7.17,11.9,0.88,0.27,-0.16,0.22,0.77,-0.41,0.01,-0.81,0.17,-0.27,-0.81,0.17,-0.27,58.2,151.4,0.4,50.9,28.5,26.8,-84.5,-15.3,58.3,-153.3,9.1,24.7,-48.0,-12.0,51.9,-106.6,-7.9,4.8,3.5,10.5,-20.5,20.1,-3.4,6.0,22.8,0.8,-2.0,3.7,2,4
424,8.48,-0.02,83.99,2.43,3.53,-0.03,-31.94,239.74,0.0,297.7,425.0,7.15,11.9,0.89,0.26,-0.2,0.24,-4.7,-1.11,-0.59,4.22,2.37,0.51,4.22,2.37,0.51,62.8,0.0,0.0,55.0,32.7,31.1,-87.2,-21.3,42.5,-141.3,12.0,37.0,-48.0,-15.1,44.1,-97.9,-16.1,5.3,-1.1,10.0,-10.7,-19.0,2.3,-6.4,22.8,6.8,-3.3,-1.1,1,4
426,8.52,-0.02,84.39,2.46,3.55,-0.03,-32.1,240.89,0.0,299.12,427.0,7.14,11.9,0.89,0.35,-0.19,0.01,-3.59,-1.74,0.48,2.79,2.55,1.36,2.79,2.55,1.36,45.1,0.0,0.0,39.5,39.1,32.8,-92.7,-16.2,31.9,-156.0,17.9,34.7,-48.0,-12.9,36.4,-91.2,-12.5,7.0,-1.7,3.7,12.7,-19.7,-4.1,-8.3,21.9,14.1,-0.7,-0.8,2,4
428,8.56,-0.02,84.79,2.49,3.56,-0.03,-32.22,242.03,0.0,300.6,429.0,7.12,11.91,0.88,0.36,-0.16,-0.13,0.61,-0.22,1.21,-0.75,-0.25,1.13,-0.75,-0.25,1.13,2.5,0.0,85.5,121.2,36.9,34.3,-100.2,-7.7,53.9,-156.0,21.2,32.3,-48.0,-11.1,41.8,-92.6,-9.4,9.5,4.9,5.1,-3.4,-19.7,-9.7,-16.5,18.5,12.7,-10.4,0.1,2,4
430,8.6,-0.02,85.19,2.51,3.58,-0.03,-32.35,243.18,0.0,302.05,431.0,7.11,11.91,0.87,0.25,-0.16,-0.35,1.34,2.25,1.62,-0.57,-2.84,1.05,-0.57,-2.84,1.05,0.0,0.0,85.1,90.7,39.0,30.2,-97.4,-0.2,59.2,-156.0,20.7,28.4,-48.0,-11.4,43.1,-98.7,-0.2,2.1,2.5,2.1,-2.1,-19.7,-13.6,-19.9,8.4,10.4,-5.6,-3.3,2,4
432,8.64,-0.02,85.59,2.53,3.59,-0.03,-32.49,244.33,0.0,303.5,433.0,7.1,11.91,0.87,0.24,-0.2,0.25,1.51,-0.04,0.98,-1.57,-0.67,0.58,-1.57,-0.67,0.58,0.0,72.4,90.7,82.5,34.4,26.3,-90.1,-2.7,62.0,-156.0,16.0,24.6,-48.0,-14.6,45.4,-104.2,-1.7,-2.5,-2.1,11.3,-6.7,-19.7,-16.7,-20.1,13.7,11.7,-2.7,1.1,2,4
434,8.68,-0.02,85.98,2.55,3.61,-0.03,-32.58,245.48,0.0,304.99,435.0,7.08,11.92,0.88,0.23,-0.21,0.16,1.67,0.71,0.94,-1.35,-1.45,0.48,-1.35,-1.45,0.48,0.0,40.2,79.8,14.8,32.2,23.9,-91.0,-5.3,61.1,-156.0,15.0,22.6,-48.0,-10.8,48.6,-105.9,-4.4,3.1,2.4,12.4,-16.6,-9.9,-17.2,-12.2,22.0,-0.7,-3.1,-0.7,2,4
436,8.72,-0.02,86.38,2.56,3.62,-0.03,-32.66,246.62,0.0,306.48,437.0,7.07,11.92,0.88,0.22,-0.2,0.23,0.27,0.02,0.29,-0.3,-0.15,0.21,-0.3,-0.15,0.21,111.4,0.0,0.0,33.5,28.7,26.7,-87.9,-12.5,58.0,-152.8,9.9,26.4,-48.0,-15.8,46.3,-101.5,-12.2,5.1,1.5,13.6,-18.6,1.6,-0.1,2.6,22.8,0.6,-2.0,5.8,2,4
438,8.76,-0.02,86.78,2.58,3.64,-0.03,-32.86,247.76,0.0,307.84,439.0,7.06,11.92,0.89,0.19,-0.26,0.12,-2.88,-0.19,0.05,2.31,1.51,0.85,2.31,1.51,0.85,48.4,0.0,0.0,62.8,32.4,31.4,-89.4,-16.0,50.5,-156.0,10.3,34.7,-48.0,-18.4,38.3,-88.8,-14.7,2.3,1.2,8.7,-5.6,-19.9,-0.5,-4.9,22.8,9.6,-1.5,0.2,2,4
440,8.8,-0.02,87.17,2.6,3.66,-0.03,-32.95,248.91,0.0,309.33,441.0,7.04,11.93,0.88,0.21,-0.28,-0.05,-2.07,-0.08,1.02,1.45,0.89,1.55,1.45,0.89,1.55,51.7,0.0,0.0,112.5,37.7,32.9,-92.3,-13.6,46.8,-156.0,12.7,30.6,-48.0,-14.9,35.7,-85.6,-14.5,1.8,3.2,1.2,5.6,-19.7,-2.9,-9.6,21.4,16.9,-7.4,-3.8,2,4
442,8.84,-0.02,87.57,2.61,3.67,-0.03,-33.02,250.05,0.0,310.84,443.0,7.03,11.93,0.88,0.24,-0.26,-0.18,0.64,0.87,1.39,-0.34,-1.32,1.11,-0.34,-1.32,1.11,15.5,0.0,88.3,73.1,38.7,28.4,-93.4,-8.0,53.1,-156.0,16.1,26.2,-48.0,-11.4,39.3,-91.9,-3.9,3.5,-0.7,3.6,-0.5,-19.7,-8.7,-17.3,10.9,8.3,-6.9,-2.4,2,4
444,8.88,-0.02,87.97,2.63,3.69,-0.03,-33.11,251.19,0.0,312.31,445.0,7.02,11.94,0.87,0.23,-0.29,0.02,2.08,0.04,1.19,-1.91,-1.36,0.49,-1.91,-1.36,0.49,0.0,0.0,115.9,96.4,35.9,28.2,-91.8,-6.6,59.4,-156.0,14.3,23.9,-48.0,-12.6,44.0,-98.7,-0.1,2.7,2.9,3.5,-1.5,-19.7,-17.0,-19.4,4.7,9.3,-8.7,-3.2,2,4
446,8.92,-0.02,88.36,2.65,3.7,-0.03,-33.17,252.32,0.0,313.81,447.0,7.01,11.94,0.87,0.19,-0.32,0.07,0.77,0.06,1.08,-0.89,-0.6,0.79,-0.89,-0.6,0.79,45.2,75.7,88.9,29.7,33.6,30.2,-85.3,-8.0,61.6,-156.0,12.7,22.9,-48.0,-12.9,48.2,-104.2,-4.3,1.3,-1.4,9.1,-6.4,-18.1,-15.0,-18.4,15.6,6.9,-0.5,-2.4,2,4
448,8.96,-0.02,88.75,2.66,3.72,-0.03,-33.24,253.43,0.0,315.28,449.0,6.99,11.95,0.87,0.18,-0.31,0.19,0.76,-0.35,0.59,-0.96,-0.24,0.25,-0.96,-0.24,0.25,65.3,157.0,23.8,31.8,30.8,29.6,-83.7,-13.3,59.7,-154.7,10.8,24.0,-48.0,-12.6,51.6,-106.7,-7.6,4.4,2.1,10.7,-20.6,21.3,-6.6,4.6,22.8,0.4,-0.6,4.3,2,4
450,9.0,-0.02,89.15,2.68,3.73,-0.03,-33.45,254.57,0.0,316.62,451.0,6.97,11.95,0.88,0.12,-0.35,0.25,-4.97,-2.21,-0.33,2.32,4.88,0.69,2.32,4.88,0.69,70.5,0.0,0.0,58.9,33.0,34.9,-89.9,-22.7,42.9,-130.9,12.3,38.7,-48.0,-14.1,47.8,-97.4,-16.3,4.1,1.3,11.3,-14.3,-17.2,3.5,-7.4,22.8,5.6,-5.1,-1.4,1,4
452,9.04,-0.02,89.54,2.69,3.75,-0.03,-33.75,255.73,0.0,317.9,453.0,6.96,11.96,0.88,0.16,-0.4,-0.01,-4.14,-1.97,0.47,1.75,4.04,1.35,1.75,4.04,1.35,45.8,0.0,0.0,51.4,39.8,33.6,-94.9,-18.4,25.6,-156.0,20.1,38.4,-48.0,-12.3,38.4,-92.5,-13.7,4.6,-2.9,6.2,10.9,-18.0,-4.0,-6.7,22.5,12.0,-3.3,0.6,2,4
454,9.08,-0.02,89.94,2.71,3.77,-0.03,-33.95,256.88,0.0,319.29,455.0,6.94,11.97,0.88,0.27,-0.36,-0.15,0.48,-1.24,0.87,-1.18,0.39,0.99,-1.18,0.39,0.99,79.2,0.0,54.6,120.4,38.0,41.0,-107.3,-9.4,48.9,-156.0,22.6,37.6,-48.0,-10.3,43.2,-88.1,-16.6,14.3,4.7,4.1,-1.2,-19.7,-6.3,-16.9,20.1,15.4,-7.4,-0.0,2,4
456,9.12,-0.02,90.34,2.72,3.78,-0.03,-34.16,258.04,0.0,320.66,457.0,6.93,11.97,0.87,0.04,-0.37,-0.36,2.23,0.94,1.34,-0.88,-2.42,1.01,-0.88,-2.42,1.01,0.0,0.0,110.4,71.4,33.4,48.2,-113.5,1.3,64.1,-156.0,19.9,39.2,-48.0,-12.9,49.6,-86.1,6.5,-8.8,6.4,0.2,-2.3,-19.7,-14.3,-19.1,3.4,7.9,-7.0,-4.5,2,4
458,9.16,-0.02,90.73,2.72,3.79,-0.03,-34.29,259.21,0.0,322.11,459.0,6.92,11.99,0.86,-0.0,-0.42,0.01,3.85,1.3,1.13,-1.69,-3.84,0.46,-1.69,-3.84,0.46,0.0,81.9,26.9,90.2,35.0,33.2,-92.5,-2.0,68.8,-156.0,15.9,30.6,-48.0,-15.5,51.5,-93.1,-0.3,-2.2,2.8,11.1,-10.9,-19.7,-15.4,-19.8,5.5,11.2,-7.2,-3.6,2,4
460,9.2,-0.02,91.13,2.72,3.81,-0.03,-34.4,260.35,0.0,323.55,461.0,6.9,12.0,0.87,-0.04,-0.4,0.31,1.47,0.16,0.81,-0.96,-1.29,0.5,-0.96,-1.29,0.5,16.4,0.0,77.4,37.0,30.9,28.0,-80.1,-5.5,65.2,-156.0,13.0,28.8,-48.0,-14.3,53.7,-97.6,-3.4,-1.5,0.3,9.2,-17.9,-4.5,-14.0,-12.7,21.3,3.2,-5.0,-3.4,2,4
462,9.24,-0.02,91.52,2.72,3.82,-0.03,-34.57,261.49,0.0,324.93,463.0,6.89,12.01,0.88,-0.09,-0.35,0.37,-2.41,-0.6,0.34,0.88,2.22,0.76,0.88,2.22,0.76,67.5,93.5,0.0,17.2,28.3,23.6,-76.4,-19.7,52.5,-140.6,11.4,29.7,-48.0,-15.5,50.7,-99.2,-7.5,13.0,0.9,11.4,-19.6,21.5,0.1,8.3,22.8,1.1,-1.6,-0.7,1,4
464,9.28,-0.02,91.92,2.72,3.84,-0.03,-34.85,262.66,0.0,326.23,465.0,6.88,12.02,0.89,-0.04,-0.46,0.08,-3.98,-1.43,-0.44,1.32,4.04,0.2,1.32,4.04,0.2,63.5,0.0,0.0,22.9,32.7,25.1,-85.3,-24.2,23.4,-132.3,16.4,42.8,-48.0,-14.0,41.6,-97.3,-16.2,4.6,-4.6,11.5,2.1,-18.8,-0.4,-7.0,22.8,7.1,-1.5,-0.2,1,4
466,9.32,-0.02,92.32,2.73,3.86,-0.03,-35.15,263.82,0.0,327.51,467.0,6.86,12.03,0.89,0.14,-0.44,-0.1,-2.31,-2.48,0.25,-0.54,3.26,0.81,-0.54,3.26,0.81,0.0,0.0,0.0,69.1,35.7,30.9,-105.1,-14.8,25.2,-156.0,20.6,38.3,-48.0,-12.6,37.6,-90.5,-16.2,16.6,1.7,-0.3,11.3,-19.7,-1.9,-7.5,22.1,18.2,-1.4,4.6,2,4
468,9.36,-0.02,92.71,2.74,3.87,-0.03,-35.32,264.98,0.0,328.93,469.0,6.84,12.03,0.88,0.11,-0.36,-0.33,-0.27,-2.2,0.84,-1.46,1.38,1.26,-1.46,1.38,1.26,40.6,0.0,64.9,30.8,25.7,61.2,-125.2,-2.2,61.1,-156.0,18.8,47.2,-48.0,-14.9,44.6,-73.5,-5.7,2.9,8.7,2.1,-6.7,-19.7,-8.8,-18.8,15.1,11.7,-0.9,-6.5,2,4
470,9.4,-0.02,93.11,2.74,3.89,-0.03,-35.64,266.14,0.0,330.18,471.0,6.83,12.04,0.87,-0.17,-0.36,-0.6,3.38,1.13,1.61,-0.64,-3.55,1.5,-0.64,-3.55,1.5,0.0,0.0,68.6,58.1,34.8,56.5,-120.4,2.0,64.0,-156.0,19.2,49.1,-48.0,-16.2,54.5,-75.6,-3.1,-1.2,6.3,6.3,-1.3,-19.7,-17.6,-20.0,1.3,10.7,-15.6,-6.8,2,4
472,9.44,-0.02,93.51,2.74,3.9,-0.03,-35.81,267.32,0.0,331.6,473.0,6.82,12.06,0.86,-0.26,-0.36,0.29,3.38,3.13,1.1,1.07,-4.57,0.64,1.07,-4.57,0.64,0.0,0.0,20.2,94.4,37.3,25.9,-89.1,-1.1,69.6,-156.0,15.5,39.8,-48.0,-16.6,51.8,-75.1,-0.7,3.1,6.2,8.4,-13.3,-19.7,-13.5,-20.6,9.7,9.5,-6.5,-14.2,2,4
474,9.48,-0.02,93.9,2.74,3.91,-0.03,-35.97,268.48,0.0,333.01,475.0,6.81,12.07,0.87,-0.23,-0.27,0.32,1.05,2.16,0.23,1.42,-1.95,0.02,1.42,-1.95,0.02,0.0,97.0,103.6,52.8,31.3,12.1,-66.2,-3.9,67.0,-156.0,13.1,29.7,-48.0,-13.3,48.3,-82.0,-3.6,3.8,5.6,9.4,-20.3,2.1,-14.3,-14.6,21.9,-2.3,-7.1,-10.7,2,4
476,9.52,-0.02,94.3,2.74,3.93,-0.03,-36.15,269.63,0.0,334.39,477.0,6.81,12.08,0.88,-0.22,-0.23,0.34,-3.45,0.56,-0.98,2.18,2.9,0.07,2.18,2.9,0.07,129.0,12.8,0.0,0.0,34.2,18.8,-62.1,-16.8,50.9,-143.3,9.6,29.7,-48.0,-14.9,43.2,-97.4,-16.8,10.0,0.3,12.6,-15.8,4.9,4.8,6.6,22.6,0.1,-0.4,1.3,1,4
478,9.56,-0.02,94.7,2.74,3.95,-0.03,-36.41,270.76,0.0,335.68,479.0,6.8,12.09,0.89,-0.11,-0.28,0.08,-3.67,0.16,-0.83,1.94,3.21,0.28,1.94,3.21,0.28,47.5,0.0,0.0,0.0,42.5,32.8,-78.0,-20.4,29.5,-155.7,15.0,41.4,-48.0,-14.3,32.6,-95.3,-18.3,-5.8,-4.7,11.5,2.8,-7.3,-1.9,-7.4,22.8,7.6,0.0,5.0,2,4
480,9.6,-0.02,95.09,2.74,3.96,-0.03,-36.66,271.87,0.0,336.95,481.0,6.8,12.1,0.9,-0.07,-0.26,0.02,-1.18,-0.26,0.61,0.41,0.85,0.97,0.41,0.85,0.97,67.2,0.0,0.0,112.3,46.4,37.1,-83.3,-13.8,30.9,-156.0,16.8,33.4,-48.0,-9.5,28.9,-86.2,-18.5,5.2,2.5,-1.4,8.7,-19.7,-2.8,-8.0,21.7,19.3,-6.0,-2.6,2,4
482,9.64,-0.02,95.49,2.74,3.98,-0.04,-36.8,272.98,0.0,338.34,483.0,6.79,12.1,0.9,-0.05,-0.15,-0.14,1.29,0.27,0.88,-0.3,-1.51,0.38,-0.3,-1.51,0.38,0.0,0.0,108.0,58.2,45.1,32.7,-85.6,-7.8,48.7,-156.0,17.2,24.5,-48.0,-6.7,33.7,-92.6,1.3,-2.0,-4.1,0.7,-5.5,-19.7,-11.2,-17.6,10.2,7.7,-5.1,-0.5,2,4
484,9.68,-0.02,95.88,2.74,4.0,-0.04,-36.92,274.1,0.0,339.75,485.0,6.78,12.11,0.89,0.04,-0.15,-0.16,3.92,-0.29,0.79,-1.95,-3.46,-0.53,-1.95,-3.46,-0.53,0.0,0.0,93.8,109.1,44.6,23.5,-92.5,-4.4,50.9,-156.0,18.2,18.3,-48.0,-5.2,35.9,-102.4,-1.3,5.1,-1.4,4.7,-1.2,-19.7,-13.0,-19.9,13.3,11.7,-9.7,-2.1,2,4
486,9.72,-0.02,96.28,2.74,4.02,-0.04,-36.98,275.23,0.0,341.23,487.0,6.78,12.12,0.89,-0.02,-0.16,-0.02,1.11,-0.31,0.25,-0.75,-0.9,-0.1,-0.75,-0.9,-0.1,0.0,87.0,96.3,39.3,35.0,22.4,-99.3,-4.7,55.9,-156.0,17.0,16.4,-48.0,-4.8,41.0,-108.8,-4.5,3.0,-1.3,10.6,-4.1,-19.7,-15.5,-19.7,19.9,7.0,-0.8,2.4,2,4
488,9.76,-0.02,96.68,2.74,4.04,-0.04,-37.07,276.37,0.0,342.7,489.0,6.77,12.12,0.89,-0.03,-0.14,0.03,2.5,-0.26,-0.27,-1.21,-1.94,-1.07,-1.21,-1.94,-1.07,0.0,58.3,51.2,0.0,30.3,24.0,-103.2,-9.4,55.3,-156.0,13.4,17.0,-48.0,-5.5,44.7,-108.5,-5.8,6.5,3.1,15.0,-18.5,-1.1,-10.8,-0.5,22.8,-5.6,1.4,1.9,2,4
490,9.8,-0.02,97.08,2.74,4.06,-0.04,-37.19,277.51,0.0,344.13,491.0,6.77,12.12,0.89,-0.01,-0.13,0.07,-0.2,-1.39,-0.45,-1.07,0.91,-0.42,-1.07,0.91,-0.42,65.6,0.0,0.0,0.0,28.8,29.0,-96.9,-11.8,55.3,-156.0,9.2,26.5,-48.0,-12.9,44.5,-92.1,-15.7,5.0,1.9,12.6,-13.6,-16.8,1.1,-2.5,22.8,1.1,-6.0,4.9,2,4
492,9.84,-0.02,97.48,2.74,4.07,-0.04,-37.37,278.66,0.0,345.52,493.0,6.76,12.12,0.89,0.02,-0.09,-0.07,0.31,-0.89,-0.09,-0.91,0.16,-0.2,-0.91,0.16,-0.2,53.6,0.0,0.0,117.5,30.0,31.6,-88.5,-5.9,58.8,-156.0,8.2,30.7,-48.0,-14.9,40.7,-80.6,-14.6,10.6,-1.0,-3.5,-4.6,-19.7,0.3,-3.1,22.2,14.7,-6.8,-3.2,2,4
494,9.88,-0.02,97.88,2.75,4.09,-0.04,-37.43,279.82,0.0,347.04,495.0,6.76,12.12,0.88,0.1,-0.05,-0.37,0.13,-0.38,0.19,-0.42,0.02,0.14,-0.42,0.02,0.14,44.2,0.0,34.2,112.9,31.3,35.8,-90.4,-8.9,59.1,-156.0,9.5,31.6,-48.0,-13.0,47.1,-84.4,-10.3,11.1,1.0,5.1,-1.5,-19.7,-7.6,-11.3,18.7,10.9,-12.8,-4.3,2,4
496,9.92,-0.02,98.27,2.75,4.11,-0.04,-37.52,280.97,0.0,348.52,497.0,6.76,12.12,0.87,0.03,-0.04,-0.18,-1.51,0.36,0.03,0.97,1.14,0.41,0.97,1.14,0.41,51.3,102.7,104.4,91.1,32.5,36.0,-98.0,-7.6,63.5,-156.0,11.2,27.9,-48.0,-10.5,50.7,-89.3,-0.8,0.1,-1.1,6.7,-3.8,-19.7,-14.3,-18.7,10.9,6.5,-9.0,-3.2,2,4
498,9.96,-0.02,98.67,2.75,4.12,-0.04,-37.59,282.12,0.0,350.03,499.0,6.76,12.12,0.87,-0.08,-0.01,0.23,-0.78,-0.11,0.04,0.24,0.72,0.22,0.24,0.72,0.22,0.0,0.0,51.4,72.9,33.6,31.0,-93.7,-5.0,62.6,-156.0,13.7,27.0,-48.0,-7.4,50.7,-89.3,-2.1,-7.5,-0.7,9.0,-8.1,-19.7,-15.7,-20.6,14.3,6.3,-9.3,-8.0,2,4
500,10.0,-0.02,99.07,2.75,4.14,-0.04,-37.7,283.28,0.0,351.47,501.0,6.76,12.13,0.88,-0.03,0.03,0.02,1.3,0.27,-0.06,-0.31,-1.23,-0.39,-0.31,-1.23,-0.39,0.0,82.1,40.6,29.6,31.5,22.5,-92.9,-4.8,62.0,-156.0,14.4,23.2,-48.0,-4.2,52.6,-95.8,-4.8,1.5,-0.7,14.5,-10.1,-19.5,-17.9,-20.5,19.6,0.9,-4.0,-4.9,2,4
502,10.04,-0.02,99.47,2.75,4.15,-0.04,-37.77,284.42,0.0,352.96,503.0,6.76,12.13,0.88,-0.03,0.05,0.01,0.79,0.32,-0.71,0.08,-0.68,-0.87,0.08,-0.68,-0.87,0.0,58.4,48.8,17.5,27.7,23.0,-93.6,-11.4,60.2,-156.0,10.2,22.8,-48.0,-8.2,52.3,-99.9,-6.1,5.7,0.9,17.0,-14.9,-8.9,-7.4,-4.1,22.7,-5.4,-4.8,0.4,2,4
504,10.08,-0.02,99.87,2.75,4.17,-0.04,-37.89,285.56,0.0,354.4,505.0,6.77,12.13,0.88,0.01,0.04,0.01,-1.56,-0.44,-0.81,0.48,1.71,-0.36,0.48,1.71,-0.36,51.4,0.0,0.0,22.9,30.7,27.5,-91.9,-9.0,60.0,-156.0,10.1,28.9,-48.0,-15.7,41.9,-88.1,-16.2,8.1,2.7,12.0,1.0,-19.8,-0.7,-2.3,22.8,4.6,-3.0,4.4,2,4
506,10.12,-0.02,100.27,2.76,4.18,-0.04,-38.05,286.71,0.0,355.81,507.0,6.77,12.12,0.88,0.12,0.05,-0.15,0.46,-1.54,-0.63,-1.46,0.53,-0.75,-1.46,0.53,-0.75,107.0,12.2,89.7,95.1,33.3,34.0,-85.6,-0.7,71.4,-156.0,8.2,33.7,-48.0,-16.9,42.7,-81.8,-14.0,10.1,6.2,-5.6,-4.9,-19.7,0.1,-6.6,20.8,15.8,-6.6,-6.0,2,4
508,10.16,-0.02,100.67,2.77,4.2,-0.04,-38.19,287.87,0.0,357.25,509.0,6.77,12.12,0.86,0.03,0.07,-0.38,-0.56,0.87,-0.16,1.05,0.04,-0.02,1.05,0.04,-0.02,11.5,0.0,59.6,124.6,36.5,33.1,-79.1,-10.7,67.9,-156.0,11.0,36.2,-48.0,-14.3,50.6,-93.1,-3.0,0.4,-6.1,6.3,-5.2,-19.7,-10.5,-18.4,12.9,10.9,-14.4,-3.7,2,4
510,10.2,-0.02,101.06,2.77,4.21,-0.04,-38.31,289.03,0.0,358.7,511.0,6.77,12.12,0.86,-0.06,0.07,0.26,-0.18,-0.0,-0.14,0.11,0.18,-0.09,0.11,0.18,-0.09,48.9,0.0,16.1,97.5,35.0,29.7,-85.6,-5.5,63.4,-156.0,11.6,32.2,-48.0,-12.0,50.9,-94.2,-2.6,5.2,0.6,6.6,-3.8,-19.7,-15.2,-20.5,12.1,10.6,-9.0,-5.2,2,4
512,10.24,-0.02,101.46,2.77,4.22,-0.04,-38.38,290.18,0.0,360.19,513.0,6.77,12.12,0.87,-0.02,0.07,0.02,0.88,0.9,-0.11,0.33,-1.18,-0.32,0.33,-1.18,-0.32,0.0,76.0,36.8,47.1,34.0,26.6,-89.6,-4.6,62.9,-156.0,12.2,27.8,-48.0,-9.9,49.6,-95.5,-3.3,3.7,0.6,8.8,-3.4,-19.7,-17.2,-20.9,14.2,5.7,-3.9,-8.7,2,4
514,10.28,-0.02,101.86,2.77,4.24,-0.04,-38.41,291.32,0.0,361.71,515.0,6.78,12.12,0.87,-0.01,0.06,0.04,0.7,0.39,-0.41,0.06,-0.69,-0.57,0.06,-0.69,-0.57,0.0,53.4,41.9,14.2,31.9,25.4,-89.3,-7.3,61.7,-156.0,10.1,26.2,-48.0,-9.2,51.1,-100.9,-5.3,3.0,-0.0,14.1,-14.6,-7.0,-15.0,-17.4,22.2,0.4,-1.7,-3.1,2,4
516,10.32,-0.02,102.25,2.77,4.25,-0.04,-38.47,292.45,0.0,363.2,517.0,6.78,12.12,0.88,-0.02,0.06,0.07,-0.36,0.25,-0.71,0.56,0.29,-0.54,0.56,0.29,-0.54,100.1,0.0,22.9,73.9,31.4,26.5,-89.2,-9.9,59.4,-156.0,8.5,27.3,-48.0,-11.4,48.1,-99.5,-11.9,4.8,1.1,14.2,-14.8,-6.8,-1.2,-1.0,22.8,-1.3,-7.5,3.8,2,4
518,10.36,-0.02,102.65,2.77,4.27,-0.04,-38.56,293.59,0.0,364.66,519.0,6.78,12.12,0.88,0.03,0.05,0.03,-0.77,-0.14,-0.59,0.44,0.82,-0.31,0.44,0.82,-0.31,106.1,0.0,0.0,93.8,34.4,29.6,-89.1,-6.5,59.4,-156.0,9.2,29.5,-48.0,-13.5,41.1,-87.0,-14.6,9.0,2.1,5.2,1.9,-19.7,1.2,-3.2,22.3,8.7,-3.5,1.0,2,4
520,10.4,-0.02,103.05,2.77,4.28,-0.04,-38.63,294.74,0.0,366.15,521.0,6.78,12.11,0.88,0.11,0.04,-0.2,0.7,-0.55,-0.36,-0.76,-0.11,-0.57,-0.76,-0.11,-0.57,61.2,0.0,68.0,85.1,34.2,35.0,-89.7,-5.8,64.6,-156.0,8.3,31.2,-48.0,-15.0,43.3,-85.8,-9.0,4.3,2.4,-0.1,-3.2,-19.7,-4.5,-10.1,19.6,13.2,-9.0,-6.9,2,4
522,10.44,-0.02,103.44,2.78,4.3,-0.04,-38.7,295.88,0.0,367.64,523.0,6.78,12.11,0.87,0.02,0.03,0.03,-0.76,-0.38,-0.34,0.22,0.88,-0.1,0.22,0.88,-0.1,7.9,70.4,70.8,94.8,34.3,32.7,-90.0,-7.2,63.3,-156.0,9.6,29.0,-48.0,-13.1,47.8,-91.8,-0.2,0.8,-0.1,4.2,-4.0,-19.7,-12.5,-19.0,10.4,8.8,-11.6,-5.8,2,4
524,10.48,-0.02,103.84,2.78,4.31,-0.04,-38.74,297.02,0.0,369.15,525.0,6.78,12.11,0.87,0.01,0.03,-0.02,0.5,0.38,-0.21,0.05,-0.56,-0.34,0.05,-0.56,-0.34,19.4,72.9,50.7,58.2,34.5,30.1,-89.0,-5.7,62.5,-156.0,11.9,27.3,-48.0,-10.0,49.6,-95.0,-2.5,2.0,0.7,6.5,-1.7,-19.7,-15.6,-20.3,10.9,6.7,-8.6,-8.2,2,4
526,10.52,-0.02,104.23,2.78,4.33,-0.04,-38.79,298.16,0.0,370.65,527.0,6.78,12.11,0.87,0.03,0.03,-0.0,1.29,-0.07,-0.36,-0.73,-0.83,-0.76,-0.73,-0.83,-0.76,40.4,66.6,46.7,19.3,31.7,29.5,-90.7,-7.2,63.1,-156.0,10.7,26.1,-48.0,-8.5,53.9,-102.9,-3.6,1.7,-1.5,12.4,-5.6,-15.5,-16.8,-19.3,18.9,3.1,-0.8,-3.9,2,4
528,10.56,-0.02,104.63,2.78,4.34,-0.04,-38.85,299.29,0.0,372.13,529.0,6.78,12.11,0.87,0.02,0.04,0.03,0.55,-0.0,-0.69,-0.14,-0.27,-0.83,-0.14,-0.27,-0.83,72.1,63.4,54.1,39.2,28.8,30.3,-93.2,-10.2,62.7,-156.0,8.6,26.1,-48.0,-8.7,56.0,-105.9,-7.8,4.1,0.4,14.1,-18.3,4.6,-8.2,-5.3,22.8,-1.9,-3.7,3.0,2,4
530,10.6,-0.02,105.03,2.78,4.36,-0.04,-38.92,300.42,0.0,373.6,531.0,6.78,12.11,0.88,-0.01,0.04,0.13,-1.9,0.16,-1.22,1.66,1.44,-0.52,1.66,1.44,-0.52,53.0,0.0,0.0,66.0,31.1,33.4,-93.5,-13.1,57.8,-156.0,8.3,31.0,-48.0,-13.2,47.8,-93.7,-14.9,4.1,2.9,10.2,-13.7,-18.0,2.1,-1.7,22.8,4.6,-5.5,4.5,2,4
532,10.64,-0.02,105.42,2.78,4.37,-0.04,-39.01,301.56,0.0,375.07,533.0,6.78,12.1,0.88,0.04,0.05,0.12,-0.52,-0.18,-0.52,0.33,0.6,-0.32,0.33,0.6,-0.32,41.3,0.0,0.0,98.8,35.6,36.7,-93.1,-10.0,54.8,-156.0,10.0,30.8,-48.0,-12.8,41.7,-85.1,-12.4,3.2,2.9,0.4,-0.4,-19.7,-0.9,-4.6,21.6,11.5,-6.6,-2.6,2,4
534,10.68,-0.02,105.82,2.79,4.39,-0.04,-39.07,302.7,0.0,376.56,535.0,6.78,12.1,0.88,0.09,0.05,-0.11,0.78,0.4,0.06,-0.26,-0.82,-0.2,-0.26,-0.82,-0.2,17.3,0.0,96.1,104.8,35.4,33.1,-90.5,-9.4,55.7,-156.0,11.2,28.6,-48.0,-11.0,44.6,-90.3,-5.6,0.5,1.9,3.4,-0.2,-19.7,-6.7,-16.6,16.0,10.2,-12.9,-6.3,2,4
536,10.72,-0.02,106.21,2.8,4.4,-0.04,-39.14,303.84,0.0,378.05,537.0,6.78,12.1,0.88,0.07,0.06,0.11,0.9,-0.41,-0.15,-0.84,-0.27,-0.47,-0.84,-0.27,-0.47,68.6,97.3,107.4,84.0,34.3,25.2,-87.7,-7.9,59.5,-156.0,13.0,22.6,-48.0,-7.6,47.6,-97.3,2.8,7.2,-0.4,4.2,-1.5,-19.7,-15.3,-19.0,7.1,7.3,-10.3,-4.3,2,4
538,10.76,-0.02,106.61,2.81,4.42,-0.04,-39.2,304.97,0.0,379.54,539.0,6.78,12.09,0.88,0.11,0.06,0.01,0.84,0.09,-0.37,-0.39,-0.54,-0.64,-0.39,-0.54,-0.64,25.0,80.0,89.2,29.7,33.2,27.9,-87.7,-9.0,59.6,-156.0,11.6,22.2,-48.0,-7.7,49.6,-100.3,-3.4,-0.4,-2.7,10.0,-2.1,-19.7,-14.0,-20.0,13.2,5.4,-2.8,-5.2,2,4
540,10.8,-0.02,107.0,2.81,4.43,-0.04,-39.25,306.09,0.0,381.03,541.0,6.78,12.09,0.88,0.12,0.06,0.03,1.12,-0.32,-0.34,-0.86,-0.42,-0.75,-0.86,-0.42,-0.75,63.9,55.4,75.0,16.7,30.6,28.6,-91.3,-9.9,60.9,-156.0,10.8,21.6,-48.0,-5.5,53.8,-105.8,-6.3,1.9,-4.0,14.7,-14.2,-6.2,-15.9,-14.7,22.2,-0.9,-1.7,0.6,2,4
542,10.84,-0.02,107.4,2.83,4.45,-0.04,-39.39,307.22,0.0,382.44,543.0,6.77,12.08,0.88,0.13,0.09,0.1,-0.52,-1.02,-0.95,0.04,1.24,-0.82,0.04,1.24,-0.82,110.4,51.6,0.0,0.0,27.6,31.9,-93.7,-15.7,58.3,-153.0,8.6,26.0,-48.0,-10.9,52.4,-97.2,-13.3,3.3,0.1,14.8,-19.9,10.8,-0.6,6.6,22.8,-1.8,-3.2,6.7,2,4
544,10.88,-0.02,107.79,2.84,4.47,-0.04,-39.65,308.36,0.0,383.74,545.0,6.77,12.07,0.88,0.16,0.06,0.14,-3.55,-1.7,-0.75,1.73,3.61,0.28,1.73,3.61,0.28,48.6,0.0,0.0,57.3,31.1,34.7,-92.2,-16.0,51.9,-156.0,10.1,38.3,-48.0,-11.9,44.3,-76.5,-13.8,0.3,5.1,13.7,0.0,-19.0,-0.2,-9.6,22.8,5.1,-6.1,5.7,2,4
546,10.92,-0.02,108.19,2.85,4.48,-0.04,-39.83,309.5,0.0,385.14,547.0,6.77,12.07,0.88,0.17,0.05,-0.06,0.32,-0.56,-0.31,-0.56,0.3,-0.34,-0.56,0.3,-0.34,39.4,0.0,72.9,115.7,37.1,31.4,-78.4,-6.1,59.0,-156.0,12.2,36.4,-48.0,-6.4,48.5,-78.4,-9.9,3.9,4.7,-4.1,-2.5,-19.7,-4.6,-12.5,20.4,14.2,-14.5,-10.8,2,4
548,10.96,-0.02,108.58,2.86,4.5,-0.04,-39.98,310.65,0.0,386.56,549.0,6.76,12.06,0.87,0.14,0.14,-0.27,1.18,2.52,0.43,0.61,-2.75,-0.0,0.61,-2.75,-0.0,0.0,0.0,63.7,93.7,40.0,19.7,-73.4,-9.3,58.3,-156.0,16.2,30.2,-48.0,-2.4,51.2,-96.4,-2.6,3.8,-5.7,5.7,-2.3,-19.7,-8.4,-18.2,13.7,7.5,-10.7,-4.1,2,4
550,11.0,-0.02,108.98,2.87,4.51,-0.04,-40.13,311.79,0.0,387.96,551.0,6.76,12.06,0.87,0.13,0.12,0.16,0.28,0.05,-0.07,-0.15,-0.2,-0.15,-0.15,-0.2,-0.15,0.0,67.2,45.2,92.0,34.2,15.7,-84.7,-5.1,61.4,-156.0,13.3,24.9,-48.0,-2.1,54.0,-100.5,-0.3,7.1,-1.0,6.6,-2.8,-19.7,-14.7,-20.2,12.0,7.1,-11.3,-5.0,2,4
552,11.04,-0.02,109.37,2.89,4.53,-0.04,-40.23,312.92,0.0,389.41,553.0,6.76,12.05,0.88,0.17,0.11,0.09,1.5,0.29,-0.45,-0.79,-1.05,-0.9,-0.79,-1.05,-0.9,0.0,57.9,82.2,0.0,31.8,22.8,-91.8,-7.3,60.6,-156.0,12.0,22.7,-48.0,-1.8,54.4,-103.5,-3.4,4.7,-2.0,10.9,-5.2,-19.1,-16.8,-19.6,16.3,3.0,3.1,-4.9,2,4
554,11.08,-0.02,109.77,2.9,4.54,-0.04,-40.34,314.04,0.0,390.85,555.0,6.76,12.04,0.88,0.17,0.13,0.13,1.3,-0.16,-0.67,-0.8,-0.56,-1.1,-0.8,-0.56,-1.1,69.6,95.5,38.1,0.0,26.8,27.8,-95.5,-13.2,59.9,-155.7,6.3,24.2,-48.0,-3.1,56.8,-106.3,-7.3,3.0,1.4,13.6,-19.0,11.1,-5.8,-0.8,22.8,-4.4,-0.6,3.7,2,4
556,11.12,-0.02,110.16,2.91,4.56,-0.04,-40.52,315.16,0.0,392.21,557.0,6.75,12.03,0.88,0.15,0.11,0.2,-3.02,-1.2,-1.33,2.14,2.76,-0.4,2.14,2.76,-0.4,58.4,0.0,0.0,82.3,27.5,32.1,-95.5,-19.4,51.2,-147.7,6.6,34.6,-48.0,-9.5,51.0,-93.3,-13.6,3.4,2.6,13.0,-13.6,-17.6,0.7,-5.9,22.8,1.7,-8.6,5.1,1,4
558,11.16,-0.02,110.56,2.92,4.58,-0.04,-40.66,316.3,0.0,393.63,559.0,6.75,12.03,0.89,0.14,0.03,0.21,-3.9,-0.68,-0.86,2.99,2.7,0.38,2.99,2.7,0.38,50.9,0.0,0.0,80.4,35.9,36.1,-94.9,-16.5,40.8,-156.0,10.9,34.8,-48.0,-9.4,42.0,-83.1,-13.7,1.2,5.0,5.0,5.8,-19.7,-0.5,-5.4,22.4,10.4,-5.5,-4.3,2,4
560,11.2,-0.02,110.96,2.94,4.6,-0.04,-40.78,317.43,0.0,395.08,561.0,6.74,12.02,0.89,0.14,0.01,-0.01,0.12,0.51,0.25,0.14,-0.54,0.14,0.14,-0.54,0.14,53.6,0.0,80.3,95.8,40.8,30.3,-85.1,-9.4,50.1,-156.0,14.6,30.4,-48.0,-4.5,43.8,-90.8,-7.9,2.4,1.3,4.3,-3.5,-19.7,-5.7,-16.6,20.4,9.6,-13.1,-6.9,2,4
562,11.24,-0.02,111.35,2.95,4.61,-0.04,-40.9,318.56,0.0,396.52,563.0,6.74,12.02,0.89,0.3,0.07,-0.17,2.77,1.22,0.67,-1.7,-2.57,-0.4,-1.7,-2.57,-0.4,0.0,0.0,88.5,102.4,41.1,16.6,-81.4,-2.2,54.1,-156.0,17.2,21.6,-48.0,-0.9,43.3,-104.4,-0.9,9.2,-0.1,0.1,1.4,-19.7,-13.9,-18.7,9.8,6.5,-6.8,-1.1,2,4
564,11.28,-0.02,111.75,2.97,4.63,-0.04,-40.99,319.7,0.0,398.0,565.0,6.73,12.01,0.88,0.26,0.05,0.07,1.38,0.07,-0.27,-0.96,-0.71,-0.75,-0.96,-0.71,-0.75,0.0,68.1,88.3,36.2,36.2,21.2,-84.6,-5.1,58.4,-156.0,13.2,20.5,-48.0,-3.2,47.4,-109.3,-3.9,-1.1,-1.6,8.4,-5.0,-19.7,-14.2,-19.8,11.8,4.7,-3.1,0.2,2,4
566,11.32,-0.02,112.15,2.99,4.65,-0.04,-41.04,320.82,0.0,399.5,567.0,6.72,12.0,0.88,0.24,0.05,0.1,1.72,0.13,-0.29,-1.19,-0.93,-0.89,-1.19,-0.93,-0.89,68.2,62.2,81.3,0.0,32.4,25.4,-88.8,-9.8,58.0,-156.0,9.5,20.9,-48.0,-3.4,50.5,-110.5,-6.0,3.4,-3.6,13.0,-13.8,-5.1,-14.1,-11.9,22.0,-0.8,2.6,1.7,2,4
568,11.36,-0.02,112.54,3.01,4.66,-0.04,-41.19,321.94,0.0,400.91,569.0,6.71,12.0,0.89,0.25,0.09,0.19,-1.1,-1.24,-1.0,0.69,1.67,-0.69,0.69,1.67,-0.69,100.2,50.9,0.0,0.0,28.4,30.7,-91.4,-20.9,52.1,-148.4,3.8,27.5,-48.0,-6.3,54.3,-99.0,-12.9,2.8,0.9,14.7,-18.7,9.9,1.8,3.7,22.8,-2.0,-5.7,5.4,1,4
570,11.4,-0.02,112.94,3.03,4.68,-0.04,-41.42,323.08,0.0,402.24,571.0,6.7,11.99,0.89,0.26,0.03,0.13,-3.7,-2.05,-0.9,2.44,3.56,0.19,2.44,3.56,0.19,43.0,0.0,0.0,153.3,32.6,36.0,-90.9,-22.7,41.2,-156.0,5.6,38.0,-48.0,-7.6,46.0,-81.9,-14.2,0.6,1.8,13.6,1.8,-8.4,0.6,-9.0,22.8,5.6,-3.0,-0.9,2,4
572,11.44,-0.02,113.34,3.05,4.7,-0.04,-41.54,324.22,0.0,403.7,573.0,6.69,11.98,0.89,0.27,-0.01,0.01,-1.23,-0.28,-0.08,0.95,0.79,0.26,0.95,0.79,0.26,47.0,0.0,45.9,98.6,40.4,36.5,-84.6,-12.8,42.6,-156.0,12.0,35.2,-48.0,-2.7,47.8,-82.5,-11.6,3.0,5.2,-1.2,7.3,-19.7,-4.3,-11.9,21.4,13.6,-12.0,-8.5,2,4
574,11.48,-0.02,113.73,3.07,4.72,-0.04,-41.65,325.36,0.0,405.16,575.0,6.69,11.98,0.88,0.25,0.06,-0.15,1.37,1.96,0.75,-0.41,-2.47,0.15,-0.41,-2.47,0.15,6.1,0.0,52.7,88.1,42.2,22.4,-74.5,-7.6,52.2,-156.0,16.2,28.1,-48.0,2.5,50.0,-98.5,-1.4,0.6,-3.0,3.5,-0.6,-19.7,-5.4,-18.2,17.8,6.9,-12.3,-5.5,2,4
576,11.52,-0.02,114.13,3.1,4.73,-0.04,-41.78,326.5,0.0,406.61,577.0,6.68,11.97,0.88,0.28,0.07,0.11,2.38,0.3,0.34,-1.93,-1.39,-0.47,-1.93,-1.39,-0.47,0.0,82.8,118.5,92.2,36.8,17.7,-80.2,-4.6,59.0,-156.0,15.1,21.6,-48.0,5.1,54.3,-105.3,0.5,6.7,-0.6,4.8,-3.9,-19.7,-15.5,-19.8,10.7,3.0,-11.6,-2.9,2,4
578,11.56,-0.02,114.53,3.12,4.75,-0.04,-41.83,327.63,0.0,408.12,579.0,6.67,11.96,0.88,0.29,0.1,0.11,1.27,0.13,-0.25,-0.9,-0.66,-0.66,-0.9,-0.66,-0.66,38.0,50.7,54.6,0.0,32.5,26.6,-89.2,-8.6,59.4,-156.0,11.9,20.4,-48.0,3.5,56.0,-107.9,-3.0,0.7,-3.4,11.4,-5.3,-19.7,-16.3,-19.4,17.8,1.9,0.1,-1.4,2,4
580,11.6,-0.02,114.92,3.14,4.76,-0.04,-41.92,328.74,0.0,409.58,581.0,6.66,11.96,0.88,0.29,0.11,0.11,1.94,-0.14,-0.51,-1.46,-0.71,-1.18,-1.46,-0.71,-1.18,107.1,73.4,46.2,0.0,27.1,30.4,-97.1,-14.0,59.1,-156.0,7.3,21.4,-48.0,0.6,57.7,-106.2,-8.4,3.5,-0.6,16.0,-18.0,1.1,-10.1,-2.7,22.8,-6.3,-1.0,2.4,2,4
582,11.64,-0.02,115.32,3.17,4.78,-0.04,-42.05,329.86,0.0,411.0,583.0,6.65,11.95,0.88,0.3,0.1,0.13,-1.49,-1.08,-0.85,1.18,1.57,-0.47,1.18,1.57,-0.47,60.8,0.0,0.0,0.0,25.6,33.8,-94.8,-17.6,57.1,-153.8,4.8,31.8,-48.0,-11.2,51.3,-87.5,-14.7,2.9,0.1,14.3,-19.0,-7.9,1.6,-0.4,22.8,1.4,-5.1,3.6,2,4
584,11.68,-0.02,115.71,3.19,4.8,-0.04,-42.22,330.99,0.0,412.4,585.0,6.64,11.94,0.88,0.27,0.07,0.1,-4.26,-0.37,-0.47,3.72,2.0,0.82,3.72,2.0,0.82,36.2,0.0,0.0,85.2,30.5,35.3,-96.0,-17.3,50.5,-156.0,9.7,38.9,-48.0,-10.8,44.0,-77.8,-11.5,-0.2,4.8,5.8,-4.2,-19.8,0.5,-8.6,22.8,10.3,-7.2,-3.4,2,4
586,11.72,-0.02,116.11,3.21,4.81,-0.04,-42.35,332.13,0.0,413.85,587.0,6.63,11.93,0.88,0.31,0.06,-0.0,-1.31,0.24,0.34,1.16,0.21,0.71,1.16,0.21,0.71,40.1,0.0,77.9,116.6,37.8,28.5,-94.7,-10.6,51.7,-156.0,17.0,27.0,-48.0,-0.9,46.5,-84.8,-9.1,6.9,4.2,3.4,0.7,-19.7,-9.7,-10.4,20.6,8.8,-15.4,-5.3,2,4
588,11.76,-0.03,116.5,3.24,4.83,-0.04,-42.44,333.27,0.0,415.33,589.0,6.62,11.92,0.88,0.39,0.1,-0.04,2.2,0.67,0.26,-1.68,-1.5,-0.52,-1.68,-1.5,-0.52,0.0,0.0,90.9,85.2,38.2,24.4,-90.5,-5.8,56.7,-156.0,17.7,23.4,-48.0,0.5,49.9,-92.5,-0.1,0.3,1.4,4.5,-1.8,-19.7,-8.4,-19.2,10.0,5.2,-12.1,-9.3,2,4
590,11.8,-0.03,116.9,3.27,4.84,-0.04,-42.5,334.4,0.0,416.85,591.0,6.61,11.91,0.87,0.37,0.09,0.1,1.19,-0.02,0.02,-1.03,-0.45,-0.4,-1.03,-0.45,-0.4,0.0,81.6,93.3,55.4,34.8,24.6,-88.5,-6.8,60.7,-156.0,15.7,21.7,-48.0,0.2,54.7,-98.0,-1.5,-0.8,-2.5,8.6,-3.6,-19.7,-14.0,-20.3,12.2,4.5,-8.7,-7.3,2,4
592,11.84,-0.03,117.29,3.3,4.86,-0.04,-42.58,335.53,0.0,418.34,593.0,6.6,11.9,0.87,0.37,0.08,0.08,0.88,0.26,-0.1,-0.61,-0.58,-0.38,-0.61,-0.58,-0.38,0.0,67.9,88.0,0.0,29.6,26.7,-95.1,-9.3,61.5,-156.0,14.1,21.2,-48.0,0.2,58.2,-102.8,-3.0,1.5,-1.4,13.3,-12.3,-16.1,-17.2,-17.6,20.8,-0.4,1.6,-1.7,2,4
594,11.88,-0.03,117.69,3.33,4.87,-0.04,-42.71,336.64,0.0,419.76,595.0,6.58,11.9,0.87,0.37,0.13,0.18,1.37,-0.29,-0.77,-0.96,-0.25,-1.25,-0.96,-0.25,-1.25,95.8,134.3,0.0,0.0,23.5,30.8,-99.2,-17.3,59.6,-153.6,8.7,24.9,-48.0,-6.6,59.3,-100.0,-11.4,4.9,-0.8,15.2,-20.3,17.6,-2.8,9.3,22.8,-4.2,-3.0,5.9,2,4
596,11.92,-0.03,118.08,3.36,4.89,-0.04,-42.94,337.77,0.0,421.09,597.0,6.57,11.88,0.88,0.38,0.08,0.22,-4.23,-1.21,-1.06,3.68,2.63,0.26,3.68,2.63,0.26,48.9,0.0,0.0,28.8,25.6,34.9,-99.5,-24.1,47.7,-149.8,8.7,43.0,-48.0,-12.4,47.6,-79.0,-14.2,0.4,3.1,14.2,-12.4,-19.3,1.5,-9.5,22.8,4.4,-3.2,-0.8,1,4
598,11.96,-0.03,118.48,3.39,4.91,-0.04,-43.17,338.91,0.0,422.43,599.0,6.55,11.88,0.88,0.34,0.01,0.26,-4.92,-0.92,-0.08,4.13,2.43,1.43,4.13,2.43,1.43,44.0,0.0,0.0,50.8,35.1,31.3,-95.7,-15.5,37.7,-156.0,15.2,39.1,-48.0,-5.4,43.1,-73.7,-10.8,1.4,8.2,0.8,9.0,-19.7,-1.9,-9.6,22.4,14.4,-10.2,-11.8,2,4
600,12.0,-0.03,118.87,3.42,4.92,-0.04,-43.32,340.03,0.0,423.85,601.0,6.54,11.87,0.89,0.33,0.03,0.07,0.6,1.08,0.73,-0.27,-1.37,0.3,-0.27,-1.37,0.3,0.0,0.0,100.2,85.5,42.3,20.3,-77.6,-9.6,52.4,-156.0,20.8,31.9,-48.0,2.7,48.8,-87.6,-6.7,2.9,-2.4,6.7,-4.5,-19.7,-7.5,-19.2,17.8,8.0,-14.2,-12.1,2,4
602,12.04,-0.03,119.27,3.45,4.94,-0.04,-43.48,341.15,0.0,425.25,603.0,6.53,11.86,0.88,0.51,0.09,0.06,4.75,0.92,0.64,-3.95,-2.61,-1.2,-3.95,-2.61,-1.2,0.0,0.0,90.5,74.7,41.3,7.9,-78.3,-0.5,56.3,-156.0,19.0,22.1,-48.0,3.4,49.5,-102.8,5.2,7.9,-1.7,-1.9,-0.2,-19.7,-10.6,-20.0,6.7,6.9,-12.6,-7.2,2,4
604,12.08,-0.03,119.66,3.49,4.96,-0.04,-43.57,342.28,0.0,426.74,605.0,6.51,11.85,0.88,0.51,0.13,0.11,1.55,-0.17,-0.05,-1.37,-0.38,-0.64,-1.37,-0.38,-0.64,0.0,71.0,65.5,0.0,38.9,19.4,-89.6,-4.3,61.0,-156.0,15.8,21.5,-48.0,2.3,55.0,-109.8,-4.1,2.3,-4.0,9.6,-3.8,-19.7,-15.3,-19.8,14.0,2.5,-0.7,-1.3,2,4
606,12.12,-0.03,120.06,3.53,4.97,-0.04,-43.73,343.4,0.0,428.16,607.0,6.49,11.84,0.88,0.47,0.16,0.13,2.71,-0.11,-0.53,-2.17,-0.81,-1.5,-2.17,-0.81,-1.5,95.9,80.9,63.4,0.0,28.0,34.9,-102.0,-9.7,61.9,-156.0,10.8,23.1,-48.0,0.5,62.7,-109.5,-6.0,3.6,-4.5,14.0,-19.5,9.6,-13.3,0.9,22.8,-6.0,-0.4,2.8,2,4
608,12.16,-0.03,120.45,3.57,4.99,-0.04,-43.89,344.53,0.0,429.57,609.0,6.48,11.82,0.88,0.48,0.22,0.23,-2.4,-2.24,-0.95,1.82,2.87,-0.35,1.82,2.87,-0.35,143.7,0.0,0.0,0.0,21.7,41.2,-107.7,-27.1,49.7,-139.6,4.6,39.7,-48.0,-10.3,64.0,-84.9,-16.0,0.8,5.7,16.4,-16.7,-8.6,1.5,-4.7,22.8,-0.9,-11.1,3.8,1,4
610,12.2,-0.03,120.84,3.6,5.0,-0.04,-44.22,345.67,0.0,430.83,611.0,6.46,11.81,0.88,0.44,0.14,0.32,-6.88,-2.2,-0.34,5.75,4.11,1.51,5.75,4.11,1.51,37.0,0.0,0.0,0.0,26.2,37.5,-106.7,-24.5,32.3,-156.0,11.1,48.2,-48.0,-8.3,49.1,-66.4,-11.2,-1.4,9.4,15.6,5.4,-4.1,-0.8,-10.9,22.8,6.9,-3.1,-2.6,2,4
612,12.24,-0.03,121.24,3.64,5.02,-0.04,-44.47,346.8,0.0,432.16,613.0,6.44,11.8,0.89,0.5,0.06,0.24,-1.79,-0.92,0.18,1.36,1.32,0.71,1.36,1.32,0.71,38.1,0.0,68.9,45.2,38.7,29.0,-83.6,-8.2,38.6,-156.0,20.5,39.1,-48.0,4.3,52.8,-76.5,-11.1,3.2,12.3,-2.0,9.8,-19.7,-7.4,-18.0,22.2,15.4,-13.9,-12.1,2,4
614,12.28,-0.03,121.64,3.67,5.04,-0.04,-44.67,347.93,0.0,433.54,615.0,6.43,11.79,0.89,0.35,0.16,0.05,1.02,2.75,1.35,-0.11,-3.2,0.42,-0.11,-3.2,0.42,0.0,0.0,48.3,34.7,42.6,10.9,-66.4,-2.6,57.1,-156.0,26.0,30.9,-48.0,10.7,56.1,-95.2,2.0,2.3,-5.3,0.5,-4.8,-19.7,-5.8,-18.8,16.5,4.2,-11.4,-7.6,2,4
616,12.32,-0.03,122.03,3.71,5.06,-0.04,-44.83,349.05,0.0,434.96,617.0,6.41,11.78,0.89,0.49,0.19,0.17,6.53,0.8,0.57,-5.63,-3.01,-1.67,-5.63,-3.01,-1.67,0.0,95.5,58.3,110.5,41.1,3.5,-81.2,1.9,57.4,-156.0,21.9,19.3,-48.0,10.2,52.3,-107.3,2.6,6.8,-2.2,3.9,-8.6,-19.7,-9.6,-19.0,10.8,6.3,-8.9,0.1,2,4
618,12.36,-0.03,122.43,3.75,5.07,-0.04,-44.92,350.19,0.0,436.45,619.0,6.4,11.76,0.89,0.44,0.25,0.21,1.79,0.36,-0.42,-1.3,-0.87,-1.04,-1.3,-0.87,-1.04,0.0,50.0,66.7,0.0,35.8,16.4,-95.3,-5.9,58.3,-156.0,16.2,18.0,-48.0,6.3,53.3,-108.3,-4.7,7.4,-2.1,11.7,-8.9,-19.2,-17.7,-18.0,19.2,1.4,6.7,1.1,2,4
620,12.4,-0.03,122.83,3.78,5.09,-0.05,-45.08,351.32,0.0,437.87,621.0,6.38,11.75,0.89,0.4,0.29,0.18,2.82,-0.09,-0.89,-2.15,-0.74,-1.89,-2.15,-0.74,-1.89,119.6,38.6,19.6,0.0,24.1,30.2,-104.8,-16.0,56.1,-155.4,6.7,20.8,-48.0,-0.8,62.3,-101.9,-8.6,1.4,1.9,17.1,-18.2,7.5,-5.0,6.6,22.8,-8.1,0.4,5.3,2,4
622,12.44,-0.03,123.23,3.81,5.11,-0.05,-45.25,352.44,0.0,439.26,623.0,6.37,11.73,0.89,0.4,0.2,0.18,-2.82,-1.23,-0.94,2.56,1.94,-0.0,2.56,1.94,-0.0,54.2,0.0,0.0,0.0,22.8,35.5,-104.0,-21.9,51.5,-156.0,-0.7,37.7,-48.0,-19.3,56.9,-69.6,-17.4,-0.4,4.1,20.3,-15.0,-13.0,1.9,-1.0,22.8,2.1,-6.3,5.0,2,4
624,12.48,-0.03,123.62,3.84,5.13,-0.05,-45.62,353.58,0.0,440.48,625.0,6.35,11.72,0.9,0.38,0.08,0.32,-4.33,-1.75,0.06,3.48,2.74,1.48,3.48,2.74,1.48,62.2,0.0,0.0,0.0,34.0,30.4,-91.8,-0.3,54.6,-156.0,5.3,44.1,-48.0,-11.5,44.9,-55.5,-14.8,4.5,19.5,-2.7,0.2,-19.7,3.1,-13.8,22.8,17.4,-3.1,-18.3,2,4
626,12.52,-0.03,124.02,3.87,5.15,-0.05,-45.83,354.71,0.0,441.84,627.0,6.34,11.71,0.9,0.32,0.06,-0.01,-0.95,0.23,0.99,0.77,-0.18,1.14,0.77,-0.18,1.14,0.0,0.0,56.1,32.3,41.5,9.6,-52.1,3.2,57.0,-156.0,16.7,36.6,-48.0,9.5,52.2,-86.7,-2.9,-0.8,-3.2,1.8,1.9,-19.7,-6.3,-19.7,20.9,8.5,-16.7,-10.7,3,4
628,12.56,-0.03,124.41,3.9,5.17,-0.05,-46.19,355.84,0.0,443.05,629.0,6.33,11.71,0.89,0.54,0.16,0.06,5.46,-0.47,1.01,-5.31,-1.52,-0.8,-5.31,-1.52,-0.8,0.0,0.0,80.3,124.3,47.8,-9.7,-59.0,-0.8,59.4,-156.0,25.8,21.4,-48.0,25.4,51.4,-115.3,0.7,12.4,-4.9,4.6,-4.0,-19.7,-10.3,-19.5,12.4,-1.6,-7.6,0.9,2,4
630,12.6,-0.03,124.8,3.95,5.18,-0.05,-46.35,356.97,0.0,444.48,631.0,6.32,11.69,0.88,0.56,0.11,-0.01,3.65,-0.25,-0.19,-3.22,-0.99,-1.42,-3.22,-0.99,-1.42,0.0,80.5,119.4,41.4,42.7,6.1,-88.4,-1.4,58.9,-156.0,18.2,18.0,-48.0,24.7,56.6,-126.0,-1.4,3.9,-2.6,8.2,-10.5,-19.7,-14.5,-19.7,16.1,-3.7,-4.3,4.9,2,4
632,12.64,-0.03,125.19,3.99,5.2,-0.05,-46.52,358.08,0.0,445.86,633.0,6.3,11.68,0.88,0.49,0.13,0.21,3.92,-0.8,-1.18,-3.23,-0.63,-2.57,-3.23,-0.63,-2.57,0.0,95.2,41.3,0.0,35.5,31.3,-101.4,-13.9,58.5,-156.0,8.7,19.9,-48.0,13.2,62.0,-121.3,-4.3,-4.3,3.7,12.0,-19.9,12.2,-11.4,3.9,22.7,-4.3,2.4,2.5,2,4
634,12.68,-0.03,125.58,4.02,5.22,-0.05,-46.74,359.19,0.0,447.2,635.0,6.28,11.68,0.89,0.45,0.18,0.29,-4.44,-2.52,-1.06,3.98,3.34,-0.34,3.98,3.34,-0.34,163.5,0.0,0.0,0.0,26.0,41.6,-97.6,-26.5,46.7,-134.5,4.3,39.2,-48.0,-1.4,66.1,-96.3,-13.4,-3.3,2.1,12.2,-14.4,0.1,4.0,-6.3,22.8,-3.8,-9.9,-0.0,1,4
636,12.72,-0.03,125.98,4.06,5.23,-0.05,-47.05,360.34,0.0,448.49,637.0,6.26,11.67,0.89,0.42,0.01,0.24,-5.64,-1.52,-0.46,5.19,2.65,0.63,5.19,2.65,0.63,35.6,0.0,0.0,0.0,30.6,36.7,-100.6,-24.2,27.6,-148.8,11.9,41.6,-48.0,-5.3,49.6,-83.7,-9.3,1.6,7.2,14.4,9.5,-6.2,-1.0,-6.9,22.8,6.5,-0.9,1.9,1,4
638,12.76,-0.03,126.38,4.09,5.25,-0.05,-47.34,361.5,0.0,449.81,639.0,6.24,11.67,0.9,0.47,-0.03,0.14,-2.01,-0.42,0.06,1.85,0.8,0.4,1.85,0.8,0.4,103.7,0.0,51.2,58.5,38.7,29.4,-91.6,-10.3,32.9,-156.0,23.0,33.5,-48.0,6.9,53.1,-87.1,-11.4,9.0,6.7,2.6,11.3,-19.7,-8.5,-13.7,22.6,12.4,-14.4,-2.2,2,4
640,12.8,-0.03,126.77,4.13,5.27,-0.05,-47.45,362.65,0.0,451.29,641.0,6.22,11.66,0.9,0.35,0.01,-0.03,1.62,1.79,0.34,-1.2,-2.11,-0.15,-1.2,-2.11,-0.15,0.0,0.0,49.9,27.7,40.2,21.1,-84.3,4.4,57.3,-156.0,25.2,29.4,-48.0,10.1,54.5,-94.4,2.4,0.8,-0.2,0.8,-6.0,-19.7,-6.7,-19.1,20.3,4.2,-11.2,-6.9,2,4
642,12.84,-0.03,127.16,4.16,5.29,-0.05,-47.6,363.79,0.0,452.73,643.0,6.21,11.66,0.89,0.46,0.0,-0.11,2.88,1.87,0.17,-2.3,-2.46,-0.67,-2.3,-2.46,-0.67,0.0,57.3,122.7,0.0,42.4,14.3,-81.5,6.0,59.5,-156.0,22.3,15.7,-48.0,10.4,48.6,-106.1,-2.9,5.5,2.4,6.6,-7.8,-19.7,-18.7,-15.9,6.4,-0.1,-3.8,-2.6,2,4
644,12.88,-0.03,127.56,4.19,5.31,-0.05,-47.69,364.92,0.0,454.2,645.0,6.2,11.66,0.89,0.34,0.02,0.21,1.9,0.62,-0.35,-1.52,-1.04,-0.85,-1.52,-1.04,-0.85,19.0,18.6,105.0,0.0,32.5,15.7,-78.0,-4.2,60.2,-156.0,13.4,14.7,-48.0,3.6,49.4,-107.0,-1.2,4.8,-1.0,8.2,-13.8,-19.1,-15.0,-14.2,18.4,2.5,1.4,2.4,2,4
646,12.92,-0.03,127.95,4.21,5.33,-0.05,-47.76,366.03,0.0,455.68,647.0,6.18,11.65,0.89,0.32,0.05,0.26,1.26,-0.13,-0.89,-0.83,-0.25,-1.28,-0.83,-0.25,-1.28,31.8,107.6,0.0,0.0,28.3,18.6,-78.4,-14.1,55.9,-155.6,7.1,17.3,-48.0,-1.2,49.0,-104.3,-4.3,1.7,1.7,10.3,-20.8,19.6,-4.4,9.4,22.8,-5.3,0.9,-0.5,2,4
648,12.96,-0.03,128.34,4.24,5.34,-0.05,-47.98,367.15,0.0,457.02,649.0,6.16,11.65,0.9,0.3,-0.01,0.28,-4.29,-2.04,-1.81,4.44,2.39,-0.68,4.44,2.39,-0.68,129.9,0.0,0.0,0.0,29.7,26.8,-84.1,-26.3,38.1,-134.8,6.1,36.1,-48.0,-10.2,46.2,-92.6,-17.1,2.9,0.0,15.7,-7.9,-17.9,3.1,-8.3,22.8,2.9,-3.6,2.4,1,4
650,13.0,-0.03,128.74,4.26,5.36,-0.05,-48.31,368.3,0.0,458.28,651.0,6.15,11.65,0.9,0.34,-0.14,0.09,-5.42,-1.88,-1.14,5.36,2.31,0.31,5.36,2.31,0.31,38.8,0.0,0.0,42.1,39.3,32.8,-88.0,-19.0,24.9,-156.0,14.7,36.5,-48.0,-5.0,39.9,-84.4,-12.1,0.0,2.5,2.9,12.8,-19.7,-2.0,-8.8,22.8,12.8,-8.7,-2.6,2,4
652,13.04,-0.03,129.14,4.29,5.38,-0.05,-48.44,369.43,0.0,459.73,653.0,6.14,11.66,0.9,0.35,-0.11,-0.09,-0.64,0.01,-0.11,0.65,0.04,0.01,0.65,0.04,0.01,111.4,0.0,59.4,35.4,43.7,32.1,-92.2,-7.8,46.3,-156.0,21.5,29.3,-48.0,-0.5,41.4,-87.6,-13.7,7.4,5.1,6.4,-0.2,-19.7,-7.2,-17.1,20.8,11.3,-7.1,-4.4,2,4
654,13.08,-0.03,129.54,4.32,5.4,-0.05,-48.53,370.57,0.0,461.22,655.0,6.13,11.66,0.89,0.29,-0.12,-0.24,2.62,1.7,0.35,-2.49,-1.85,-0.49,-2.49,-1.85,-0.49,0.0,0.0,114.4,63.3,39.3,24.7,-95.0,3.2,55.5,-156.0,21.0,22.5,-48.0,-0.8,43.4,-95.0,4.0,3.6,0.7,-1.3,-1.0,-19.7,-14.4,-16.7,11.3,5.0,-4.4,-1.0,2,4
656,13.12,-0.03,129.93,4.34,5.42,-0.05,-48.63,371.71,0.0,462.71,657.0,6.11,11.67,0.88,0.29,-0.15,0.13,3.28,-0.37,-0.45,-3.03,0.24,-1.36,-3.03,0.24,-1.36,0.0,20.4,92.1,96.8,35.2,21.6,-89.1,-1.5,59.6,-156.0,16.4,18.8,-48.0,-4.0,46.3,-100.6,-1.1,-2.3,0.5,9.5,-11.1,-19.7,-15.5,-18.8,13.6,7.4,-6.7,1.9,2,4
658,13.16,-0.03,130.33,4.36,5.44,-0.05,-48.69,372.86,0.0,464.22,659.0,6.1,11.67,0.89,0.26,-0.14,0.13,1.91,0.25,-0.53,-1.67,-0.33,-1.05,-1.67,-0.33,-1.05,47.6,41.8,88.6,10.3,31.1,21.1,-86.5,-7.9,58.5,-156.0,12.7,18.7,-48.0,-4.7,48.9,-102.9,-5.0,1.2,-1.9,12.9,-14.8,-15.9,-15.6,-15.6,22.0,0.5,-1.0,-1.0,2,4
660,13.2,-0.03,130.73,4.38,5.45,-0.05,-48.72,373.99,0.0,465.75,661.0,6.09,11.68,0.89,0.25,-0.12,0.16,1.28,0.03,-0.91,-0.95,-0.15,-1.24,-0.95,-0.15,-1.24,87.2,0.0,35.2,69.8,27.6,23.3,-85.4,-13.8,56.9,-156.0,8.1,21.2,-48.0,-9.3,48.8,-102.8,-9.4,4.8,-0.1,15.1,-16.0,-2.1,-3.2,-0.7,22.8,-1.4,-5.1,2.8,2,4
662,13.24,-0.03,131.12,4.4,5.47,-0.05,-48.77,375.11,0.0,467.27,663.0,6.08,11.68,0.89,0.25,-0.12,0.14,-1.87,0.08,-1.13,2.11,-0.3,-0.48,2.11,-0.3,-0.48,109.5,0.0,0.0,55.0,30.8,28.5,-85.8,-14.2,54.0,-156.0,8.1,27.0,-48.0,-12.7,43.5,-95.0,-14.5,6.1,0.8,9.9,-5.2,-19.8,0.6,-3.3,22.8,7.0,-1.8,2.8,2,4
664,13.28,-0.03,131.52,4.43,5.49,-0.05,-48.81,376.25,0.0,468.81,665.0,6.07,11.69,0.89,0.3,-0.13,0.01,-0.9,-0.15,-0.48,1.01,0.04,-0.18,1.01,0.04,-0.18,102.3,0.0,48.2,123.7,34.6,34.0,-88.9,-10.9,53.7,-156.0,9.7,26.3,-48.0,-12.5,41.3,-90.0,-12.9,6.5,1.8,0.9,1.5,-19.7,-3.3,-5.5,21.2,15.1,-8.1,-3.5,2,4
666,13.32,-0.03,131.92,4.45,5.51,-0.05,-48.86,377.4,0.0,470.34,667.0,6.06,11.7,0.88,0.29,-0.14,-0.14,-0.25,0.77,0.18,0.1,-0.78,0.27,0.1,-0.78,0.27,19.1,0.0,99.9,85.3,36.4,34.1,-91.1,-7.4,56.7,-156.0,12.7,25.7,-48.0,-9.5,44.5,-93.2,-5.5,-2.7,0.5,5.0,-1.9,-19.7,-6.1,-18.8,11.9,7.4,-12.1,-6.9,2,4
668,13.36,-0.03,132.32,4.47,5.52,-0.05,-48.93,378.53,0.0,471.83,669.0,6.05,11.7,0.88,0.25,-0.14,0.16,2.0,-0.73,-0.03,-1.79,0.87,-0.77,-1.79,0.87,-0.77,38.9,53.5,52.2,107.0,35.1,28.7,-89.6,-5.8,60.6,-156.0,14.1,21.0,-48.0,-6.3,48.7,-100.0,-0.9,6.1,2.3,6.9,-1.5,-19.7,-14.6,-20.3,9.6,8.3,-13.5,-6.3,2,4
670,13.4,-0.03,132.71,4.49,5.54,-0.05,-48.99,379.66,0.0,473.34,671.0,6.04,11.71,0.88,0.28,-0.16,0.03,1.09,-0.01,-0.09,-0.99,0.08,-0.45,-0.99,0.08,-0.45,66.0,63.7,59.7,5.2,32.3,28.3,-89.0,-7.1,61.4,-156.0,13.6,20.7,-48.0,-5.2,53.2,-106.5,-5.8,4.7,-4.2,11.7,-5.5,-19.7,-16.2,-19.6,17.1,4.1,0.0,-3.5,2,4
672,13.44,-0.03,133.11,4.52,5.55,-0.05,-49.06,380.77,0.0,474.81,673.0,6.03,11.72,0.88,0.28,-0.15,0.1,1.3,-0.27,-0.49,-1.02,0.27,-0.94,-1.02,0.27,-0.94,81.6,62.8,40.5,0.0,28.5,31.5,-94.3,-11.6,61.6,-156.0,10.7,21.7,-48.0,-6.6,56.5,-109.1,-7.6,3.6,-1.5,14.2,-19.7,7.3,-10.6,2.0,22.8,-3.6,1.4,2.9,2,4
674,13.48,-0.03,133.5,4.54,5.57,-0.05,-49.22,381.9,0.0,476.21,675.0,6.02,11.73,0.88,0.28,-0.13,0.19,-3.78,-1.94,-1.31,4.27,1.19,-0.32,4.27,1.19,-0.32,124.3,0.0,0.0,4.3,28.0,37.0,-99.1,-22.6,50.9,-143.9,9.6,37.9,-48.0,-11.2,52.5,-93.7,-13.8,1.4,4.6,12.9,-17.2,-11.0,1.5,-6.0,22.8,1.5,-7.3,0.6,1,4
676,13.52,-0.03,133.9,4.56,5.59,-0.05,-49.54,383.04,0.0,477.46,677.0,6.01,11.74,0.88,0.22,-0.24,0.18,-5.69,-1.03,-0.83,5.8,-0.01,0.72,5.8,-0.01,0.72,91.7,0.0,0.0,41.3,35.7,35.0,-103.6,-21.0,31.9,-156.0,16.2,42.6,-48.0,-9.3,43.6,-87.4,-13.9,1.1,4.7,10.1,9.9,-18.0,-1.6,-10.0,22.7,9.3,-4.1,0.4,2,4
678,13.56,-0.03,134.3,4.58,5.6,-0.05,-49.69,384.17,0.0,478.88,679.0,6.0,11.75,0.89,0.32,-0.25,0.12,0.85,-0.12,-0.44,-0.68,0.36,-0.58,-0.68,0.36,-0.58,0.0,0.0,80.7,46.5,41.3,30.6,-99.9,-9.5,43.4,-156.0,19.7,32.7,-48.0,-3.0,44.5,-89.6,-15.1,8.1,3.4,2.5,5.2,-19.7,-5.4,-17.3,19.2,13.4,-7.9,-2.0,2,4
680,13.6,-0.03,134.69,4.61,5.62,-0.05,-49.79,385.31,0.0,480.36,681.0,5.99,11.76,0.89,0.31,-0.2,-0.01,3.29,1.69,-0.59,-3.31,-0.88,-1.53,-3.31,-0.88,-1.53,0.0,0.0,85.2,28.3,35.7,28.7,-97.4,0.8,59.3,-156.0,14.7,30.5,-48.0,-7.9,44.0,-91.8,1.3,3.1,-0.2,0.2,0.4,-19.7,-8.4,-18.8,4.0,9.0,-3.9,-2.6,2,4
682,13.64,-0.03,135.09,4.64,5.64,-0.05,-49.9,386.45,0.0,481.84,683.0,5.98,11.77,0.88,0.36,-0.22,-0.02,2.09,1.15,-0.59,-2.01,-0.67,-1.26,-2.01,-0.67,-1.26,28.0,75.4,118.4,38.0,36.6,28.1,-94.9,-1.5,61.7,-156.0,12.1,24.0,-48.0,-9.2,43.0,-96.7,-3.3,-2.3,5.1,9.7,-5.9,-19.7,-18.0,-16.9,0.8,3.6,-4.0,-1.9,2,4
684,13.68,-0.03,135.49,4.66,5.65,-0.05,-49.95,387.59,0.0,483.36,685.0,5.96,11.78,0.88,0.33,-0.21,0.22,1.44,-0.25,-0.75,-0.99,0.49,-1.21,-0.99,0.49,-1.21,31.7,33.7,72.4,28.8,32.3,24.3,-85.9,-5.4,60.7,-156.0,9.1,24.3,-48.0,-10.4,46.2,-100.5,-5.0,0.1,1.8,8.4,-15.6,-5.0,-10.2,-9.2,19.2,4.1,-1.2,-0.3,2,4
686,13.72,-0.03,135.88,4.69,5.67,-0.05,-50.07,388.71,0.0,484.81,687.0,5.95,11.79,0.89,0.33,-0.15,0.34,-1.3,-1.36,-1.26,1.98,0.63,-0.88,1.98,0.63,-0.88,86.9,110.9,0.0,12.4,29.3,23.6,-83.2,-15.2,53.0,-146.6,7.1,29.1,-48.0,-11.1,48.2,-101.4,-10.5,8.5,1.1,12.5,-19.0,20.0,-0.9,2.2,22.8,-0.7,-0.3,2.2,1,4
688,13.76,-0.03,136.28,4.72,5.69,-0.05,-50.3,389.86,0.0,486.17,689.0,5.94,11.81,0.89,0.37,-0.22,0.14,-4.1,-1.78,-1.8,4.77,0.01,-0.64,4.77,0.01,-0.64,63.4,0.0,0.0,16.2,31.2,25.5,-87.8,-22.3,31.0,-145.8,8.9,37.5,-48.0,-10.4,45.1,-93.6,-15.9,0.2,-3.4,17.2,-2.5,-12.7,1.4,-4.1,22.8,1.9,-1.2,4.0,1,4
690,13.8,-0.03,136.68,4.75,5.71,-0.05,-50.58,391.0,0.0,487.48,691.0,5.93,11.82,0.89,0.49,-0.21,0.02,-3.47,-1.66,-1.46,4.08,0.19,-0.46,4.08,0.19,-0.46,0.0,0.0,106.4,39.7,39.7,25.2,-90.5,-10.7,26.3,-156.0,16.4,36.5,-48.0,-6.2,41.2,-89.0,-12.3,8.1,5.5,-1.4,14.0,-19.7,-3.5,-16.3,21.0,16.5,-6.4,-3.7,2,4
692,13.84,-0.03,137.08,4.79,5.73,-0.05,-50.72,392.13,0.0,488.92,693.0,5.91,11.84,0.89,0.45,-0.11,-0.16,1.28,0.42,-0.36,-1.21,0.28,-0.63,-1.21,0.28,-0.63,0.0,0.0,52.6,52.8,42.4,26.2,-78.4,-5.1,57.5,-156.0,20.1,40.3,-48.0,-3.9,47.1,-94.7,-12.1,6.9,1.6,4.6,-5.5,-19.7,-6.5,-19.6,17.2,13.1,-10.4,-7.2,2,4
694,13.88,-0.03,137.48,4.82,5.74,-0.05,-50.87,393.26,0.0,490.35,695.0,5.9,11.85,0.88,0.35,-0.06,-0.34,2.44,3.18,0.25,-3.54,-1.69,-0.85,-3.54,-1.69,-0.85,0.0,0.0,67.4,37.2,43.4,20.5,-85.3,1.2,59.6,-156.0,19.6,34.4,-48.0,-4.3,47.0,-103.5,-3.9,5.9,0.8,3.0,0.1,-19.7,-12.5,-20.4,6.7,8.9,-5.6,-1.3,2,4
696,13.92,-0.03,137.87,4.85,5.76,-0.05,-51.0,394.41,0.0,491.8,697.0,5.89,11.86,0.87,0.28,-0.09,0.31,3.93,0.44,-0.4,-3.39,1.38,-1.56,-3.39,1.38,-1.56,0.0,26.9,64.0,60.5,35.9,19.1,-92.8,1.6,63.1,-156.0,12.3,28.9,-48.0,-9.2,47.8,-108.3,-2.7,5.2,-1.2,9.7,-7.8,-19.7,-11.6,-20.2,13.1,10.5,-0.8,3.1,2,4
698,13.96,-0.03,138.27,4.87,5.77,-0.05,-51.1,395.55,0.0,493.28,699.0,5.88,11.87,0.88,0.32,-0.06,0.25,2.8,0.41,-1.06,-2.23,0.77,-1.89,-2.23,0.77,-1.89,0.0,11.7,54.9,0.0,29.6,26.4,-99.4,-3.0,62.6,-156.0,7.4,27.0,-48.0,-5.5,53.7,-107.9,-7.0,4.2,1.3,13.3,-18.2,3.2,-10.9,-4.4,22.0,-6.4,2.0,0.7,2,4
700,14.0,-0.03,138.67,4.9,5.79,-0.05,-51.28,396.68,0.0,494.67,701.0,5.87,11.88,0.89,0.3,-0.03,0.3,-1.76,-1.6,-1.79,2.68,-0.07,-1.29,2.68,-0.07,-1.29,117.5,0.0,0.0,0.0,24.5,33.5,-101.5,-19.6,51.7,-142.9,1.1,40.2,-48.0,-10.7,59.6,-92.3,-15.0,1.2,4.5,14.5,-14.7,0.1,4.0,-6.2,22.8,-0.3,-10.7,4.5,1,4
702,14.04,-0.03,139.06,4.92,5.81,-0.05,-51.56,397.83,0.0,495.98,703.0,5.86,11.89,0.89,0.27,-0.15,0.23,-5.06,-1.21,-1.4,4.92,-2.21,0.01,4.92,-2.21,0.01,41.9,0.0,0.0,0.0,28.4,32.3,-103.1,-22.5,32.0,-155.5,9.2,45.3,-48.0,-8.8,45.2,-75.7,-11.8,-0.2,6.7,15.5,5.1,-8.6,-1.2,-7.5,22.8,6.1,-0.1,-0.2,2,4
704,14.08,-0.03,139.46,4.95,5.83,-0.05,-51.84,398.92,0.0,497.24,705.0,5.85,11.9,0.9,0.35,-0.16,0.15,-2.41,-0.99,-0.75,2.61,-0.72,-0.03,2.61,-0.72,-0.03,21.6,0.0,83.2,40.7,38.7,26.8,-89.1,-8.2,32.7,-156.0,19.2,34.5,-48.0,1.9,46.0,-81.0,-12.5,5.5,6.3,-1.8,12.6,-19.7,-4.8,-16.2,21.8,15.8,-12.5,-8.5,2,4
706,14.12,-0.03,139.86,4.97,5.85,-0.05,-52.04,400.06,0.0,498.61,707.0,5.85,11.91,0.9,0.26,-0.03,-0.05,2.82,1.64,0.23,-3.16,0.54,-0.67,-3.16,0.54,-0.67,0.0,0.0,54.7,38.1,39.7,14.9,-75.9,-1.0,56.7,-156.0,22.1,29.6,-48.0,5.3,49.9,-94.5,-2.3,8.4,-8.2,2.3,-4.1,-19.7,-8.2,-19.3,11.5,6.6,-8.5,-4.3,2,4
708,14.16,-0.03,140.26,4.99,5.87,-0.05,-52.18,401.19,0.0,500.05,709.0,5.84,11.92,0.89,0.38,-0.0,-0.21,3.46,2.19,-0.19,-3.85,0.47,-1.33,-3.85,0.47,-1.33,0.0,121.2,110.6,105.1,39.3,13.0,-88.2,0.9,57.7,-156.0,17.2,18.0,-48.0,2.1,45.1,-104.5,-2.3,5.4,2.3,5.8,-4.0,-19.7,-14.4,-17.3,5.3,5.4,-5.5,-2.0,2,4
710,14.2,-0.03,140.66,5.01,5.89,-0.05,-52.31,402.33,0.0,501.5,711.0,5.83,11.93,0.89,0.24,-0.02,0.22,1.03,0.33,-0.93,-0.75,0.18,-1.2,-0.75,0.18,-1.2,126.8,44.0,105.2,36.4,32.6,21.0,-87.9,-5.1,58.3,-156.0,12.5,16.9,-48.0,-1.8,45.6,-104.2,-4.5,2.6,-1.8,9.4,-9.0,-19.3,-13.0,-15.4,15.7,6.0,0.1,2.5,2,4
712,14.24,-0.03,141.05,5.04,5.91,-0.05,-52.35,403.46,0.0,503.02,713.0,5.82,11.94,0.9,0.26,0.0,0.19,1.85,0.01,-1.04,-1.05,0.89,-1.61,-1.05,0.89,-1.61,82.9,60.3,44.1,0.0,29.6,23.0,-89.5,-11.3,54.6,-156.0,8.0,17.4,-48.0,-2.5,48.8,-102.2,-8.1,1.7,-1.5,14.7,-16.7,1.8,-8.8,1.6,22.6,-5.4,-2.4,-1.1,2,4
714,14.28,-0.03,141.45,5.06,5.93,-0.05,-52.46,404.59,0.0,504.48,715.0,5.82,11.95,0.9,0.29,0.02,0.14,-0.66,-0.66,-1.09,1.07,-0.39,-0.87,1.07,-0.39,-0.87,124.1,0.0,0.0,0.0,28.0,26.8,-88.0,-13.6,53.0,-156.0,3.7,25.0,-48.0,-10.4,46.0,-93.3,-15.5,4.4,-2.4,15.6,-16.8,-11.1,1.5,-0.7,22.8,0.6,-3.7,4.2,2,4
716,14.32,-0.03,141.85,5.08,5.95,-0.05,-52.6,405.72,0.0,505.92,717.0,5.81,11.96,0.9,0.33,0.0,0.03,-2.36,-1.03,-0.58,2.33,-1.22,0.13,2.33,-1.22,0.13,69.3,0.0,0.0,73.1,31.0,27.7,-88.1,-9.0,52.8,-156.0,6.7,29.3,-48.0,-9.1,40.4,-81.5,-11.3,5.8,3.0,1.6,-3.5,-19.8,2.6,-6.2,22.2,11.9,-7.4,-4.2,2,4
718,14.36,-0.03,142.25,5.11,5.96,-0.05,-52.66,406.87,0.0,507.45,719.0,5.8,11.97,0.89,0.31,-0.03,-0.14,-0.82,0.22,0.07,0.31,-0.74,0.29,0.31,-0.74,0.29,81.2,0.0,50.8,115.0,36.0,26.0,-87.6,-5.3,52.9,-156.0,14.7,26.7,-48.0,-1.5,45.5,-87.4,-10.1,5.4,4.9,4.0,2.9,-19.7,-6.4,-16.3,19.9,11.3,-12.8,-7.3,2,4
720,14.4,-0.03,142.65,5.14,5.98,-0.05,-52.73,408.01,0.0,508.97,721.0,5.79,11.98,0.88,0.35,0.01,-0.26,1.64,1.1,0.22,-1.88,0.54,-0.33,-1.88,0.54,-0.33,0.0,117.5,117.8,75.3,36.4,19.8,-87.3,-0.9,59.5,-156.0,17.5,21.7,-48.0,3.0,50.8,-96.8,-1.0,5.6,0.1,3.3,-3.4,-19.7,-12.7,-18.8,6.9,3.4,-9.2,-2.7,2,4
722,14.44,-0.03,143.05,5.16,6.0,-0.05,-52.81,409.15,0.0,510.45,723.0,5.79,11.98,0.88,0.27,0.02,0.12,1.33,-0.1,-0.36,-0.66,0.93,-0.78,-0.66,0.93,-0.78,0.0,51.6,52.0,75.0,32.3,23.0,-87.8,-4.5,62.0,-156.0,14.4,20.5,-48.0,1.0,53.9,-99.9,-2.2,-2.4,-1.4,9.1,-7.3,-19.7,-15.1,-19.4,12.5,3.7,-9.5,-2.8,2,4
724,14.48,-0.03,143.44,5.18,6.01,-0.05,-52.87,410.28,0.0,511.95,725.0,5.78,11.99,0.88,0.26,0.02,0.09,2.02,0.42,-0.55,-1.44,1.05,-1.17,-1.44,1.05,-1.17,57.1,63.5,69.1,6.0,29.3,24.9,-90.3,-10.6,60.0,-156.0,10.8,20.6,-48.0,-0.5,55.2,-103.6,-5.8,1.8,-2.2,13.8,-13.0,-10.1,-14.7,-12.9,20.3,-1.1,-0.7,-0.5,2,4
726,14.52,-0.03,143.84,5.2,6.03,-0.05,-52.98,411.39,0.0,513.4,727.0,5.77,12.0,0.88,0.28,0.06,0.14,0.22,-0.51,-0.96,0.38,0.1,-1.04,0.38,0.1,-1.04,116.3,85.4,0.0,0.0,25.9,29.9,-92.6,-18.8,56.6,-152.8,5.9,25.3,-48.0,-7.7,56.2,-100.0,-13.7,3.6,-2.3,15.8,-19.4,11.4,-0.7,6.2,22.8,-2.1,-4.4,5.4,2,4
728,14.56,-0.03,144.24,5.23,6.05,-0.05,-53.24,412.53,0.0,514.71,729.0,5.76,12.01,0.88,0.31,0.04,0.16,-3.52,-1.37,-0.71,3.1,-2.23,0.34,3.1,-2.23,0.34,42.4,0.0,0.0,108.9,29.7,33.6,-93.0,-20.7,48.5,-156.0,7.7,37.5,-48.0,-10.5,46.8,-83.7,-14.1,0.6,1.8,13.2,-6.5,-18.4,1.3,-8.3,22.8,5.1,-1.7,-0.4,2,4
730,14.6,-0.03,144.63,5.25,6.06,-0.05,-53.34,413.67,0.0,516.19,731.0,5.76,12.02,0.89,0.31,0.01,0.03,-2.53,-0.25,0.03,1.53,-1.89,0.76,1.53,-1.89,0.76,44.1,0.0,121.9,96.4,37.6,32.3,-90.1,-11.0,47.5,-156.0,13.4,31.5,-48.0,-2.8,47.8,-82.9,-11.9,-1.1,6.8,1.0,4.3,-19.7,-3.2,-12.9,21.1,12.4,-11.4,-9.3,2,4
732,14.64,-0.03,145.03,5.27,6.08,-0.05,-53.46,414.8,0.0,517.64,733.0,5.75,12.03,0.88,0.3,0.06,-0.13,2.67,1.45,0.42,-2.69,1.37,-0.52,-2.69,1.37,-0.52,0.0,0.0,85.0,120.3,39.7,19.4,-79.2,-6.1,53.8,-156.0,17.5,24.9,-48.0,2.7,51.6,-98.2,-6.0,7.1,-4.8,4.3,-1.3,-19.7,-7.3,-17.9,13.5,7.7,-14.7,-5.5,2,4
734,14.68,-0.03,145.42,5.3,6.1,-0.05,-53.55,415.94,0.0,519.13,735.0,5.74,12.04,0.88,0.33,0.06,0.12,1.46,0.08,-0.12,-0.82,1.04,-0.61,-0.82,1.04,-0.61,0.0,87.3,102.1,88.2,34.8,18.9,-83.6,-6.2,59.9,-156.0,15.0,21.6,-48.0,2.4,55.1,-102.7,0.9,5.8,-0.0,6.5,-0.8,-19.7,-14.2,-20.0,6.8,3.0,-12.3,-5.5,2,4
736,14.72,-0.03,145.82,5.33,6.11,-0.05,-53.61,417.07,0.0,520.64,737.0,5.73,12.05,0.88,0.33,0.05,0.11,0.98,0.23,-0.21,-0.68,0.56,-0.52,-0.68,0.56,-0.52,45.2,76.9,94.0,0.0,31.8,26.3,-89.6,-8.8,60.4,-156.0,13.0,20.9,-48.0,1.5,56.7,-104.9,-3.8,2.1,-3.7,12.0,-4.9,-19.7,-15.7,-19.6,16.2,2.9,0.2,-2.4,2,4
738,14.76,-0.03,146.21,5.35,6.13,-0.05,-53.68,418.19,0.0,522.11,739.0,5.72,12.06,0.88,0.34,0.08,0.13,1.8,-0.34,-0.59,-0.59,1.35,-1.24,-0.59,1.35,-1.24,101.5,119.0,25.3,0.0,27.1,29.7,-97.4,-12.8,60.5,-155.8,9.9,21.9,-48.0,-0.6,58.4,-105.2,-8.1,4.0,0.4,13.6,-19.8,14.5,-8.2,4.7,22.8,-6.3,2.1,2.1,2,4
740,14.8,-0.03,146.61,5.38,6.14,-0.05,-53.9,419.31,0.0,523.46,741.0,5.71,12.07,0.88,0.35,0.11,0.22,-3.97,-2.05,-1.19,3.79,-2.65,-0.06,3.79,-2.65,-0.06,74.9,0.0,0.0,0.0,25.7,33.3,-99.3,-23.9,48.4,-141.8,7.0,38.9,-48.0,-10.1,54.8,-89.9,-14.6,2.1,3.4,14.8,-14.8,-16.4,1.6,-8.3,22.8,0.9,-6.0,2.2,1,4
742,14.84,-0.03,147.01,5.41,6.16,-0.05,-54.2,420.44,0.0,524.73,743.0,5.7,12.09,0.88,0.37,0.04,0.22,-5.59,-1.79,-0.6,4.24,-3.99,0.96,4.24,-3.99,0.96,0.0,0.0,0.0,27.7,33.0,31.4,-97.6,-18.5,36.0,-156.0,12.0,40.8,-48.0,-6.4,45.8,-78.4,-11.9,2.0,4.8,8.7,8.3,-19.7,-0.9,-8.3,22.4,8.7,-4.5,-8.5,2,4
744,14.88,-0.03,147.4,5.44,6.18,-0.05,-54.35,421.57,0.0,526.15,745.0,5.69,12.1,0.89,0.34,0.03,0.06,0.09,0.22,0.32,-0.32,-0.0,0.24,-0.32,-0.0,0.24,12.2,0.0,69.1,47.8,40.8,27.7,-83.8,-8.4,48.7,-156.0,18.1,36.6,-48.0,0.8,50.6,-85.6,-11.9,4.0,8.4,3.3,-1.6,-19.7,-5.9,-17.2,20.4,12.2,-12.6,-12.8,2,4
746,14.92,-0.03,147.8,5.46,6.19,-0.05,-54.54,422.7,0.0,527.53,747.0,5.68,12.11,0.88,0.28,0.12,-0.14,2.01,2.77,1.0,-3.54,0.43,-0.01,-3.54,0.43,-0.01,0.0,0.0,87.9,43.6,42.9,13.9,-74.9,-0.9,56.3,-156.0,19.0,28.2,-48.0,2.6,50.3,-99.4,-1.0,7.4,-7.1,1.4,-0.5,-19.7,-7.4,-18.7,14.1,7.5,-7.0,-5.1,2,4
748,14.96,-0.03,148.2,5.5,6.21,-0.05,-54.67,423.83,0.0,528.98,749.0,5.67,12.12,0.88,0.43,0.1,0.19,1.46,0.57,-0.01,-1.18,0.9,-0.52,-1.18,0.9,-0.52,0.0,72.0,88.6,84.3,37.5,14.2,-88.4,-1.6,60.4,-156.0,14.8,23.3,-48.0,0.9,51.9,-104.3,-2.9,-0.5,-1.0,8.2,-9.0,-19.7,-13.3,-20.1,12.3,6.3,-7.8,-0.3,2,4
750,15.0,-0.03,148.59,5.53,6.22,-0.05,-54.74,424.97,0.0,530.49,751.0,5.66,12.13,0.88,0.42,0.11,0.2,1.27,0.85,-0.22,-1.29,0.53,-0.67,-1.29,0.53,-0.67,0.0,66.3,87.3,0.0,34.1,17.9,-97.3,-5.5,58.6,-156.0,12.0,22.5,-48.0,0.2,51.4,-103.6,-5.6,5.4,-1.4,13.6,-10.3,-18.9,-17.0,-18.5,19.7,1.5,4.2,-0.8,2,4
752,15.04,-0.03,148.99,5.56,6.24,-0.05,-54.85,426.09,0.0,531.95,753.0,5.64,12.15,0.88,0.44,0.15,0.22,1.82,0.33,-0.8,-1.0,1.0,-1.44,-1.0,1.0,-1.44,0.0,24.4,15.2,0.0,26.5,25.6,-102.6,-13.7,56.4,-154.7,3.7,25.5,-48.0,-3.7,55.4,-101.7,-9.0,4.5,1.4,16.3,-17.9,6.7,-2.5,3.7,22.8,-7.2,0.1,4.7,2,4
754,15.08,-0.03,149.38,5.6,6.26,-0.05,-54.99,427.22,0.0,533.39,755.0,5.63,12.16,0.88,0.44,0.08,0.19,-2.18,-0.58,-0.77,1.52,-1.82,0.12,1.52,-1.82,0.12,123.1,0.0,0.0,0.0,27.2,31.0,-101.4,-17.2,52.2,-156.0,1.7,37.0,-48.0,-14.5,48.2,-76.6,-16.3,-0.9,5.0,18.0,-7.3,-19.3,0.7,-6.1,22.8,2.3,-2.7,5.6,2,4
756,15.12,-0.03,149.78,5.64,6.27,-0.05,-55.32,428.35,0.0,534.63,757.0,5.62,12.18,0.89,0.47,-0.02,0.25,-2.45,-1.74,0.47,2.46,-1.13,1.39,2.46,-1.13,1.39,34.5,0.0,0.0,0.0,33.5,27.1,-89.1,-2.6,55.2,-156.0,8.3,35.5,-48.0,-6.2,40.3,-68.8,-10.2,-0.2,14.5,0.4,-2.8,-19.7,1.3,-7.8,22.2,13.2,-4.3,-15.2,2,4
758,15.16,-0.03,150.17,5.67,6.29,-0.06,-55.55,429.48,0.0,535.97,759.0,5.61,12.2,0.89,0.39,-0.01,-0.01,0.08,1.16,1.1,-1.3,-0.24,0.9,-1.3,-0.24,0.9,0.0,0.0,78.5,137.1,39.3,12.0,-58.1,0.2,57.0,-156.0,18.1,32.1,-48.0,4.0,51.4,-87.5,-4.4,1.9,-5.7,3.5,-1.3,-19.7,-9.5,-19.2,17.8,9.4,-16.1,-10.5,2,4
760,15.2,-0.03,150.56,5.71,6.31,-0.06,-55.8,430.61,0.0,537.29,761.0,5.61,12.21,0.88,0.49,0.02,0.13,6.57,0.6,0.99,-3.82,5.19,-1.73,-3.82,5.19,-1.73,0.0,69.1,109.5,57.6,39.6,-1.3,-67.3,-1.0,58.5,-156.0,18.9,19.8,-48.0,9.4,54.1,-105.4,4.1,13.7,-2.5,1.5,-0.3,-19.7,-9.6,-20.0,6.2,3.6,-13.6,-3.3,2,4
762,15.24,-0.03,150.95,5.75,6.32,-0.06,-55.92,431.72,0.0,538.73,763.0,5.6,12.23,0.88,0.51,0.01,0.15,2.92,-0.03,-0.08,-1.38,2.23,-1.29,-1.38,2.23,-1.29,0.0,58.3,101.0,0.0,37.5,18.7,-86.2,-6.2,61.9,-156.0,14.2,18.1,-48.0,6.6,58.1,-110.3,-3.6,2.9,-3.7,9.5,-7.0,-19.7,-15.1,-15.9,10.0,-0.7,-1.2,-2.9,2,4
764,15.28,-0.03,151.34,5.79,6.34,-0.06,-56.05,432.82,0.0,540.15,765.0,5.59,12.25,0.88,0.49,0.04,0.28,1.78,-1.01,-0.55,0.04,1.55,-1.44,0.04,1.55,-1.44,7.3,144.8,0.0,0.0,27.1,42.9,-99.0,-14.9,60.7,-155.0,8.3,22.7,-48.0,0.3,63.3,-108.5,-4.4,-4.7,1.3,11.4,-21.1,22.8,-5.7,13.9,22.8,-4.8,2.9,5.1,2,4
766,15.32,-0.03,151.73,5.82,6.35,-0.06,-56.3,433.93,0.0,541.45,767.0,5.57,12.26,0.88,0.44,0.07,0.35,-4.22,-2.69,-0.62,4.31,-2.6,0.37,4.31,-2.6,0.37,133.0,0.0,0.0,0.0,22.8,49.0,-109.6,-32.7,38.7,-122.8,6.0,51.7,-48.0,-8.2,66.5,-86.5,-16.8,-5.0,3.6,16.2,-14.1,-12.3,5.1,-12.9,22.8,0.2,-10.3,-0.1,1,4
768,15.36,-0.03,152.13,5.86,6.37,-0.06,-56.65,435.07,0.0,542.69,769.0,5.57,12.28,0.89,0.44,-0.13,0.31,-8.11,-2.13,0.05,5.46,-5.97,2.21,5.46,-5.97,2.21,36.7,0.0,0.0,0.0,30.7,34.9,-107.8,-22.9,11.9,-152.3,20.3,50.3,-48.0,-2.4,50.4,-74.0,-9.8,1.1,5.2,15.5,9.8,-5.6,-0.8,-7.3,22.8,7.3,-5.0,-4.7,2,4
770,15.4,-0.03,152.53,5.9,6.39,-0.06,-57.03,436.2,0.0,543.9,771.0,5.56,12.31,0.9,0.62,-0.18,0.17,-3.61,-1.81,0.51,3.01,-2.24,1.57,3.01,-2.24,1.57,0.0,0.0,55.0,51.6,46.5,25.6,-83.1,-2.7,28.3,-156.0,31.6,33.4,-48.0,12.2,52.9,-82.8,-16.6,4.5,6.9,1.7,11.5,-19.7,-4.9,-17.6,22.4,14.1,-12.1,-5.9,2,4
772,15.44,-0.03,152.93,5.94,6.41,-0.06,-57.32,437.33,0.0,545.2,773.0,5.55,12.33,0.9,0.43,-0.04,-0.02,3.4,1.46,1.42,-3.34,2.09,0.45,-3.34,2.09,0.45,0.0,0.0,62.6,25.0,45.3,12.6,-71.1,10.1,73.0,-156.0,35.5,28.6,-48.0,16.8,59.0,-97.0,6.8,4.9,-6.5,-1.1,-8.2,-19.7,-11.6,-19.9,5.3,1.3,-9.8,-6.3,2,4
774,15.48,-0.03,153.32,5.98,6.43,-0.06,-57.5,438.47,0.0,546.61,775.0,5.54,12.34,0.89,0.52,-0.03,-0.15,5.61,2.01,0.68,-4.78,3.47,-1.03,-4.78,3.47,-1.03,0.0,5.9,34.8,21.0,48.2,7.6,-82.0,4.8,67.7,-156.0,28.7,12.7,-48.0,12.6,50.3,-113.5,-8.5,6.6,-0.0,6.5,-3.7,-19.7,-16.6,-7.7,2.2,2.0,-2.6,3.5,2,4
776,15.52,-0.03,153.72,6.02,6.45,-0.06,-57.67,439.6,0.0,548.03,777.0,5.53,12.36,0.89,0.54,-0.04,0.25,1.57,-0.08,-0.66,-0.68,1.1,-1.1,-0.68,1.1,-1.1,0.0,4.3,33.7,9.6,36.6,22.9,-88.0,-4.6,59.7,-156.0,18.7,14.8,-48.0,2.4,51.7,-115.2,-6.0,3.8,-4.7,9.3,-16.9,-13.8,-11.1,-2.3,19.5,4.4,6.2,9.9,2,4
778,15.56,-0.03,154.11,6.07,6.46,-0.06,-57.84,440.73,0.0,549.44,779.0,5.52,12.38,0.89,0.54,0.01,0.24,1.93,-0.7,-0.87,-0.34,1.63,-1.48,-0.34,1.63,-1.48,97.7,52.9,0.0,0.0,26.6,31.9,-96.3,-18.1,53.8,-150.4,7.7,22.6,-48.0,-2.8,61.0,-101.7,-11.2,-0.3,-2.2,16.8,-18.2,9.1,-4.4,5.5,22.8,-6.8,-4.2,1.7,1,4
780,15.6,-0.03,154.51,6.11,6.48,-0.06,-58.07,441.87,0.0,550.81,781.0,5.51,12.4,0.89,0.52,-0.07,0.2,-5.24,-1.16,-0.74,3.49,-4.12,0.48,3.49,-4.12,0.48,57.0,0.0,0.0,0.0,28.4,33.9,-96.6,-21.1,45.3,-155.8,-0.4,34.8,-48.0,-12.3,53.0,-82.8,-16.8,0.0,3.0,17.8,-10.3,-10.0,5.4,-4.7,22.8,2.6,-4.1,4.1,2,4
782,15.64,-0.03,154.91,6.15,6.5,-0.06,-58.35,443.02,0.0,552.14,783.0,5.51,12.42,0.9,0.51,-0.16,0.13,-3.03,-1.16,0.18,2.37,-2.05,0.89,2.37,-2.05,0.89,41.4,0.0,79.1,79.9,39.5,29.5,-89.6,-5.3,43.8,-156.0,12.0,36.5,-48.0,-0.3,43.9,-77.2,-10.8,6.0,11.4,-1.8,5.6,-19.7,-0.2,-15.3,22.3,16.3,-9.4,-7.0,2,4
784,15.68,-0.03,155.31,6.18,6.52,-0.06,-58.5,444.16,0.0,553.57,785.0,5.51,12.44,0.89,0.41,-0.14,-0.1,1.23,1.03,0.92,-1.67,0.61,0.49,-1.67,0.61,0.49,0.0,0.0,69.5,95.9,45.6,14.3,-65.4,-0.9,56.0,-156.0,22.3,32.0,-48.0,11.2,52.2,-95.1,-8.2,5.2,-8.0,7.1,-3.4,-19.7,-6.3,-20.0,19.4,6.6,-12.5,-8.4,2,4
786,15.72,-0.03,155.7,6.22,6.54,-0.06,-58.81,445.31,0.0,554.86,787.0,5.5,12.46,0.88,0.51,-0.12,-0.02,8.17,0.57,0.39,-4.65,6.48,-1.86,-4.65,6.48,-1.86,0.0,165.9,105.2,15.1,43.6,2.2,-78.4,5.7,57.6,-156.0,21.1,18.7,-48.0,15.1,50.8,-111.8,0.4,12.6,-0.1,2.5,-6.3,-19.7,-9.1,-18.0,12.7,2.5,-9.1,0.6,2,4
788,15.76,-0.03,156.09,6.25,6.55,-0.06,-58.93,446.44,0.0,556.31,789.0,5.5,12.48,0.88,0.42,-0.13,0.22,2.35,0.62,-0.64,-1.68,1.41,-1.21,-1.68,1.41,-1.21,0.0,53.7,92.0,24.6,37.2,14.9,-86.3,-3.8,58.3,-156.0,14.4,17.2,-48.0,9.5,52.5,-114.6,-2.9,2.1,-0.1,8.8,-10.0,-19.7,-15.9,-16.6,13.6,-1.2,0.2,6.1,2,4
790,15.8,-0.03,156.48,6.28,6.57,-0.06,-59.03,447.55,0.0,557.76,791.0,5.49,12.49,0.89,0.38,-0.09,0.33,2.31,-0.31,-1.0,-0.86,1.64,-1.73,-0.86,1.64,-1.73,38.4,138.3,0.0,0.0,29.8,22.5,-83.2,-15.4,53.5,-154.1,6.5,21.2,-48.0,0.3,51.5,-108.0,-5.3,-0.3,1.3,10.5,-20.8,21.0,-5.5,11.2,22.6,-3.7,4.3,1.2,2,4
792,15.84,-0.03,156.87,6.31,6.59,-0.06,-59.28,448.67,0.0,559.08,793.0,5.49,12.51,0.9,0.38,-0.12,0.37,-4.14,-2.13,-1.25,3.63,-3.15,-0.43,3.63,-3.15,-0.43,102.1,0.0,0.0,0.0,29.2,28.6,-86.7,-28.0,33.9,-124.3,3.8,42.1,-48.0,-6.4,54.1,-97.6,-15.9,1.0,-0.5,14.1,-5.6,-17.7,3.2,-14.7,22.8,2.8,-9.0,-0.4,1,4
794,15.88,-0.03,157.27,6.35,6.61,-0.06,-59.61,449.83,0.0,560.35,795.0,5.49,12.53,0.9,0.41,-0.23,0.08,-5.04,-1.45,-0.66,3.33,-4.09,0.44,3.33,-4.09,0.44,41.9,0.0,0.0,47.9,37.3,30.1,-88.8,-21.4,17.0,-156.0,13.5,34.3,-48.0,-2.5,45.2,-94.5,-13.1,3.1,-1.9,4.0,11.2,-13.7,-1.4,-3.1,22.8,8.9,-8.1,1.0,2,4
796,15.92,-0.03,157.66,6.39,6.63,-0.06,-59.79,450.97,0.0,561.77,797.0,5.49,12.55,0.9,0.52,-0.19,-0.07,-1.69,-0.36,0.35,0.89,-1.36,0.69,0.89,-1.36,0.69,65.6,0.0,56.5,58.1,41.5,33.7,-99.8,-8.1,36.6,-156.0,22.8,30.1,-48.0,2.1,46.6,-93.1,-15.8,9.0,7.7,5.9,7.3,-19.7,-4.8,-16.6,21.3,12.2,-8.5,0.7,2,4
798,15.96,-0.03,158.06,6.42,6.65,-0.06,-59.95,452.12,0.0,563.2,799.0,5.49,12.57,0.89,0.36,-0.2,-0.18,3.31,2.02,0.7,-3.26,2.2,-0.23,-3.26,2.2,-0.23,0.0,0.0,113.5,14.7,35.3,32.8,-108.0,8.6,62.3,-156.0,21.3,26.6,-48.0,0.5,48.9,-93.4,5.5,-0.1,5.6,-2.0,-1.8,-19.7,-11.3,-18.3,7.7,4.1,-4.5,-2.6,2,4
800,16.0,-0.03,158.46,6.45,6.66,-0.06,-60.15,453.26,0.0,564.6,801.0,5.5,12.59,0.88,0.39,-0.24,0.07,2.83,0.19,0.15,-1.34,2.41,-0.68,-1.34,2.41,-0.68,109.2,21.6,98.3,28.2,36.4,26.2,-91.5,1.8,64.2,-156.0,17.5,19.3,-48.0,-1.4,48.8,-97.4,-4.2,-1.8,2.0,6.3,-12.7,-19.7,-17.3,-18.6,6.9,3.8,-5.5,-3.1,2,4
802,16.04,-0.03,158.85,6.48,6.68,-0.06,-60.21,454.4,0.0,566.11,803.0,5.5,12.61,0.88,0.33,-0.22,0.23,1.81,-0.24,-0.16,-0.51,1.61,-0.7,-0.51,1.61,-0.7,54.4,29.5,72.1,9.9,29.9,21.6,-82.1,-4.7,62.7,-156.0,12.8,19.7,-48.0,-5.4,51.2,-100.1,-4.9,4.5,0.4,9.9,-17.4,-7.5,-12.5,-8.5,20.1,2.3,0.4,-2.1,2,4
804,16.08,-0.03,159.25,6.5,6.7,-0.06,-60.28,455.53,0.0,567.61,805.0,5.5,12.62,0.89,0.32,-0.17,0.33,-0.23,-0.88,-0.72,0.87,-0.11,-0.75,0.87,-0.11,-0.75,80.8,134.8,0.0,35.7,26.0,22.7,-79.1,-14.6,56.6,-151.6,8.5,24.3,-48.0,-9.9,51.8,-101.9,-8.2,7.9,0.2,12.5,-20.3,18.2,-2.5,6.2,22.8,0.1,-3.2,0.6,2,4
806,16.12,-0.03,159.65,6.53,6.72,-0.06,-60.48,456.68,0.0,569.01,807.0,5.5,12.64,0.9,0.34,-0.23,0.17,-5.04,-1.14,-1.11,2.91,-4.41,0.05,2.91,-4.41,0.05,59.8,0.0,0.0,27.7,31.4,26.3,-83.3,-20.5,38.2,-149.2,10.7,37.1,-48.0,-12.4,43.8,-96.4,-16.0,4.6,-3.6,10.2,-5.8,-18.4,2.8,-6.4,22.8,7.1,-3.1,-1.3,1,4
808,16.16,-0.03,160.05,6.56,6.74,-0.06,-60.74,457.82,0.0,570.34,809.0,5.51,12.66,0.9,0.45,-0.21,-0.08,-4.35,-1.5,-0.07,2.86,-3.48,0.98,2.86,-3.48,0.98,0.0,0.0,26.0,46.0,37.8,26.5,-94.5,-12.3,31.9,-156.0,18.7,31.8,-48.0,-8.2,37.9,-91.0,-11.3,5.6,2.6,1.5,8.9,-19.7,-2.5,-8.3,21.5,14.0,-2.6,-2.1,2,4
810,16.2,-0.04,160.45,6.6,6.76,-0.06,-60.97,458.96,0.0,571.69,811.0,5.51,12.68,0.89,0.4,-0.2,-0.18,1.61,-0.06,0.07,-0.53,1.51,-0.15,-0.53,1.51,-0.15,37.4,0.0,32.6,47.9,38.9,30.9,-91.6,-4.0,53.3,-156.0,21.4,35.4,-48.0,-6.7,44.8,-93.9,-10.7,7.9,4.2,3.7,-4.3,-19.7,-8.4,-18.7,15.7,13.2,-10.7,-5.6,2,4
812,16.24,-0.04,160.84,6.62,6.77,-0.06,-61.07,460.1,0.0,573.17,813.0,5.51,12.69,0.88,0.31,-0.17,-0.46,1.27,2.27,0.82,-2.69,0.39,0.23,-2.69,0.39,0.23,0.0,0.0,66.5,33.3,39.1,28.3,-93.8,0.6,58.2,-156.0,19.4,32.6,-48.0,-8.7,46.6,-99.0,-1.6,3.7,1.8,5.1,-1.9,-19.7,-15.3,-20.3,7.8,9.4,-7.3,-2.0,2,4
814,16.28,-0.04,161.24,6.64,6.79,-0.06,-61.17,461.25,0.0,574.65,815.0,5.52,12.7,0.87,0.2,-0.23,0.25,3.19,0.08,0.16,-1.25,2.86,-0.71,-1.25,2.86,-0.71,0.0,47.7,19.7,28.1,35.2,26.2,-91.5,-2.3,64.3,-156.0,14.1,27.1,-48.0,-11.2,48.9,-101.4,-3.6,2.5,-1.3,9.7,-7.9,-19.7,-13.4,-20.1,12.7,8.8,-0.7,0.0,2,4
816,16.32,-0.04,161.64,6.66,6.8,-0.06,-61.22,462.39,0.0,576.18,817.0,5.52,12.72,0.88,0.21,-0.22,0.21,1.79,0.18,-0.15,-0.82,1.48,-0.63,-0.82,1.48,-0.63,0.0,10.9,56.7,9.3,29.4,26.6,-90.9,-6.2,62.2,-156.0,10.2,27.0,-48.0,-10.2,52.8,-104.1,-4.7,1.9,1.6,13.2,-18.3,-0.6,-14.1,-6.7,22.1,-1.4,-2.7,-1.5,2,4
818,16.36,-0.04,162.04,6.67,6.82,-0.06,-61.29,463.53,0.0,577.67,819.0,5.53,12.73,0.88,0.21,-0.2,0.23,-1.37,-0.48,-0.62,0.95,-1.24,-0.26,0.95,-1.24,-0.26,107.6,0.0,0.0,46.5,27.9,28.7,-89.1,-12.6,57.0,-150.6,7.2,31.8,-48.0,-14.1,49.9,-99.1,-14.1,3.5,1.3,13.2,-17.4,-4.7,1.1,-0.7,22.8,1.0,-4.6,4.4,1,4
820,16.4,-0.04,162.44,6.69,6.83,-0.06,-61.39,464.68,0.0,579.16,821.0,5.53,12.74,0.89,0.23,-0.23,0.17,-3.34,-0.54,-0.33,1.64,-2.92,0.55,1.64,-2.92,0.55,45.6,0.0,0.0,38.2,33.3,29.4,-90.6,-13.3,47.6,-156.0,9.5,34.3,-48.0,-13.3,41.6,-88.0,-14.3,2.8,2.9,8.4,1.5,-19.8,0.0,-5.3,22.2,8.0,-2.5,0.2,2,4
822,16.44,-0.04,162.83,6.71,6.85,-0.06,-61.47,465.82,0.0,580.66,823.0,5.54,12.76,0.89,0.27,-0.22,-0.03,0.37,0.23,0.38,-0.41,0.33,0.25,-0.41,0.33,0.25,56.0,0.0,44.1,38.7,36.6,27.8,-89.7,-6.9,52.4,-156.0,14.1,33.3,-48.0,-8.5,42.9,-89.4,-11.8,11.8,7.2,-1.3,3.3,-19.7,-6.1,-12.7,19.5,15.5,-7.9,-5.6,2,4
824,16.48,-0.04,163.23,6.73,6.87,-0.06,-61.53,466.97,0.0,582.18,825.0,5.54,12.77,0.88,0.25,-0.22,-0.26,1.58,1.35,0.58,-1.88,1.06,0.06,-1.88,1.06,0.06,0.0,0.0,58.0,40.8,36.7,23.6,-87.0,-2.8,60.1,-156.0,14.2,30.5,-48.0,-8.1,46.0,-97.3,-1.8,2.2,-3.0,2.0,-2.2,-19.7,-7.7,-19.5,10.3,8.9,-8.0,-4.0,2,4
826,16.52,-0.04,163.63,6.75,6.88,-0.06,-61.62,468.11,0.0,583.65,827.0,5.55,12.78,0.87,0.21,-0.25,0.19,2.68,-0.76,0.38,-0.3,2.74,-0.55,-0.3,2.74,-0.55,0.0,42.1,50.4,88.8,34.5,23.3,-88.2,-1.7,64.3,-156.0,11.6,25.7,-48.0,-8.8,48.9,-102.6,0.8,3.2,0.9,6.4,-3.6,-19.7,-14.4,-19.9,5.8,8.5,-8.5,-3.1,2,4
828,16.56,-0.04,164.02,6.77,6.9,-0.06,-61.71,469.24,0.0,585.12,829.0,5.56,12.79,0.88,0.21,-0.26,0.1,1.41,0.01,0.3,-0.55,1.32,-0.16,-0.55,1.32,-0.16,49.3,56.2,53.4,26.7,31.5,28.4,-90.6,-4.1,63.5,-156.0,10.0,26.1,-48.0,-7.5,53.5,-108.6,-5.6,2.6,-2.0,10.6,-7.6,-15.7,-14.8,-17.9,16.4,3.5,-0.6,0.4,2,4
830,16.6,-0.04,164.41,6.79,6.91,-0.06,-61.8,470.36,0.0,586.58,831.0,5.56,12.8,0.88,0.23,-0.23,0.16,0.25,-0.6,-0.25,0.45,0.34,-0.41,0.45,0.34,-0.41,94.7,164.3,0.0,0.0,27.9,31.0,-93.6,-14.1,59.1,-152.8,5.9,29.5,-48.0,-8.5,57.1,-105.3,-10.8,5.3,1.2,12.0,-20.9,22.2,-1.2,9.2,22.8,-2.7,0.1,5.0,2,4
832,16.64,-0.04,164.81,6.8,6.93,-0.06,-62.07,471.5,0.0,587.88,833.0,5.57,12.82,0.88,0.2,-0.28,0.19,-3.98,-1.98,-0.7,3.3,-3.05,0.17,3.3,-3.05,0.17,60.1,0.0,0.0,22.1,29.1,35.7,-98.7,-27.1,36.6,-126.7,8.7,46.1,-48.0,-8.3,52.5,-89.7,-16.4,-1.2,3.0,15.9,-6.4,-19.2,2.6,-13.0,22.8,1.3,-5.0,0.1,1,4
834,16.68,-0.04,165.21,6.82,6.95,-0.06,-62.37,472.65,0.0,589.16,835.0,5.57,12.83,0.88,0.24,-0.32,0.08,-4.91,-1.63,0.09,3.22,-3.87,1.19,3.22,-3.87,1.19,43.6,0.0,0.0,45.1,37.7,33.8,-98.7,-17.6,23.9,-156.0,18.8,36.8,-48.0,-4.9,46.4,-85.5,-12.5,5.0,0.8,1.8,10.7,-18.0,-2.2,-3.8,22.2,12.2,-8.3,-1.6,2,4
836,16.72,-0.04,165.61,6.85,6.96,-0.06,-62.54,473.79,0.0,590.58,837.0,5.58,12.85,0.89,0.29,-0.28,-0.04,1.38,-0.36,0.66,-0.35,1.45,0.51,-0.35,1.45,0.51,50.1,0.0,72.8,53.5,37.9,37.3,-102.8,-7.0,51.2,-156.0,21.9,35.6,-48.0,-2.3,49.3,-83.6,-16.0,12.0,2.5,6.0,-3.3,-19.7,-6.7,-17.5,17.3,11.8,-10.5,-2.3,2,4
838,16.76,-0.04,166.01,6.86,6.98,-0.06,-62.68,474.94,0.0,592.01,839.0,5.59,12.86,0.88,0.18,-0.25,-0.31,3.41,1.76,0.95,-3.11,2.43,0.2,-3.11,2.43,0.2,0.0,0.0,63.4,25.8,32.0,37.6,-105.9,3.9,62.5,-156.0,16.9,35.0,-48.0,-7.7,50.2,-84.2,4.5,-2.3,1.7,-0.9,1.2,-19.7,-11.5,-18.7,-3.0,6.3,-4.3,-4.7,2,4
840,16.8,-0.04,166.4,6.87,6.99,-0.06,-62.81,476.1,0.0,593.46,841.0,5.6,12.86,0.86,0.11,-0.27,0.05,1.62,0.16,0.56,-0.89,1.47,0.12,-0.89,1.47,0.12,0.0,24.6,101.9,51.5,35.3,28.8,-89.2,-2.8,68.0,-156.0,12.4,29.5,-48.0,-10.6,51.0,-89.1,-2.4,-4.5,3.3,8.8,-14.4,-19.7,-15.3,-17.1,1.9,4.6,-5.1,-5.6,2,4
842,16.84,-0.04,166.8,6.88,7.01,-0.06,-62.92,477.24,0.0,594.91,843.0,5.6,12.87,0.87,0.06,-0.24,0.26,0.73,-0.26,0.52,-0.13,0.88,0.3,-0.13,0.88,0.3,20.7,72.7,59.4,27.7,30.2,23.8,-76.7,-6.9,63.5,-155.3,10.5,28.7,-48.0,-10.9,52.5,-92.3,-6.1,0.1,2.3,9.1,-19.6,8.5,-9.1,-5.7,21.9,0.7,-0.9,-5.1,2,4
844,16.88,-0.04,167.2,6.88,7.02,-0.06,-63.1,478.39,0.0,596.3,845.0,5.61,12.88,0.88,0.01,-0.22,0.37,-2.75,-1.41,-0.2,2.53,-1.75,0.33,2.53,-1.75,0.33,117.5,0.0,0.0,0.6,26.9,23.6,-80.3,-22.0,47.7,-134.1,8.7,34.4,-48.0,-11.9,52.6,-97.5,-12.4,8.2,3.6,14.2,-13.3,-1.9,0.8,-1.0,22.8,0.6,-4.6,1.8,1,4
846,16.92,-0.04,167.6,6.88,7.04,-0.06,-63.37,479.52,0.0,597.57,847.0,5.62,12.89,0.89,0.07,-0.37,0.07,-5.17,-1.42,-0.56,3.65,-3.94,0.46,3.65,-3.94,0.46,0.0,0.0,0.0,26.8,32.4,24.3,-88.9,-20.6,26.9,-148.5,13.2,38.7,-48.0,-11.7,42.6,-91.5,-13.6,4.0,3.8,11.6,11.2,-6.3,-2.3,-7.2,22.4,8.9,-1.4,0.0,1,4
848,16.96,-0.04,167.99,6.9,7.06,-0.06,-63.63,480.66,0.0,598.88,849.0,5.63,12.9,0.89,0.18,-0.35,-0.14,-1.14,-1.41,0.11,1.69,-0.36,0.57,1.69,-0.36,0.57,32.6,0.0,46.8,51.0,37.7,32.6,-94.1,-8.0,43.7,-156.0,18.4,39.8,-48.0,-6.9,43.5,-85.8,-14.6,10.5,5.7,-1.0,1.5,-19.7,-4.0,-17.5,20.8,17.5,-5.3,-8.7,2,4
850,17.0,-0.04,168.39,6.9,7.08,-0.06,-63.76,481.81,0.0,600.32,851.0,5.64,12.91,0.89,0.04,-0.33,-0.26,1.58,-0.03,0.53,-0.84,1.38,0.4,-0.84,1.38,0.4,0.0,0.0,55.8,36.1,35.3,36.7,-97.8,-2.8,61.3,-156.0,19.3,41.9,-48.0,-6.7,51.1,-89.5,-1.7,-0.5,-0.2,3.3,-5.2,-19.7,-6.1,-19.8,13.7,10.0,-5.9,-3.8,2,4
852,17.04,-0.04,168.79,6.9,7.09,-0.06,-63.87,482.96,0.0,601.78,853.0,5.66,12.92,0.88,-0.03,-0.29,-0.49,2.1,2.9,1.08,-3.7,0.4,0.38,-3.7,0.4,0.38,0.0,0.0,78.8,132.9,38.6,28.1,-98.6,1.8,60.1,-156.0,18.0,34.6,-48.0,-7.6,50.0,-97.0,-6.5,7.5,3.9,7.9,-6.2,-19.7,-16.6,-19.8,8.3,11.0,-10.1,-1.7,2,4
854,17.08,-0.04,169.19,6.9,7.11,-0.06,-63.97,484.11,0.0,603.24,855.0,5.67,12.92,0.87,-0.1,-0.35,0.28,2.74,0.08,0.37,-1.48,2.32,-0.3,-1.48,2.32,-0.3,0.0,30.5,76.9,39.8,34.3,25.7,-91.2,-1.5,62.3,-156.0,11.0,27.8,-48.0,-11.6,47.4,-96.2,-4.8,3.3,-0.7,10.2,-8.9,-19.7,-11.4,-19.7,15.1,9.6,-0.8,-1.9,2,4
856,17.12,-0.04,169.59,6.9,7.12,-0.06,-64.04,485.26,0.0,604.74,857.0,5.68,12.93,0.88,-0.1,-0.34,0.25,1.08,-0.22,0.14,-0.37,1.04,-0.15,-0.37,1.04,-0.15,50.2,56.9,53.3,10.4,30.1,23.7,-85.9,-7.2,59.9,-154.8,8.1,26.9,-48.0,-10.9,48.8,-100.7,-5.7,4.3,4.8,11.4,-18.8,8.7,-8.8,-2.7,22.3,-2.2,-1.3,-1.0,2,4
858,17.16,-0.04,169.98,6.9,7.14,-0.06,-64.21,486.41,0.0,606.13,859.0,5.7,12.93,0.89,-0.1,-0.36,0.2,-1.59,-0.38,-0.3,1.15,-1.2,0.04,1.15,-1.2,0.04,123.1,0.0,0.0,53.0,30.7,24.8,-82.1,-11.4,52.1,-151.4,8.1,31.0,-48.0,-13.3,44.1,-98.0,-14.8,6.2,-1.3,9.8,-14.7,-16.2,1.8,-3.4,22.8,3.2,-4.2,-0.4,2,4
860,17.2,-0.04,170.38,6.9,7.16,-0.06,-64.36,487.57,0.0,607.56,861.0,5.71,12.94,0.9,-0.03,-0.39,-0.07,-1.3,-1.04,0.17,1.53,-0.53,0.44,1.53,-0.53,0.44,122.6,0.0,43.8,88.7,32.6,30.4,-91.9,-13.2,45.7,-156.0,12.4,29.2,-48.0,-14.5,38.3,-89.3,-14.9,13.8,-1.2,0.8,3.8,-19.7,-1.3,-1.2,21.3,14.0,-2.0,-1.9,2,4
862,17.24,-0.04,170.78,6.9,7.18,-0.06,-64.45,488.74,0.0,609.05,863.0,5.72,12.95,0.89,-0.0,-0.39,-0.27,0.38,-0.45,0.77,0.1,0.65,0.71,0.1,0.65,0.71,56.8,0.0,46.2,119.3,28.2,40.3,-109.0,-7.9,54.2,-156.0,15.0,31.8,-48.0,-13.6,44.8,-84.8,-10.1,12.6,7.6,3.4,1.2,-19.7,-7.5,-13.8,16.8,12.8,-11.0,-2.1,2,4
864,17.28,-0.04,171.18,6.9,7.2,-0.06,-64.54,489.9,0.0,610.54,865.0,5.74,12.95,0.87,-0.04,-0.43,-0.45,0.71,1.29,0.6,-1.52,-0.03,0.47,-1.52,-0.03,0.47,3.2,0.0,122.5,66.6,26.7,40.8,-116.3,-4.7,62.4,-156.0,16.1,28.6,-48.0,-12.1,49.4,-87.6,2.9,-1.1,6.8,5.4,-2.7,-19.7,-16.3,-17.4,7.4,6.4,-5.1,-0.4,2,4
866,17.32,-0.04,171.58,6.9,7.21,-0.06,-64.63,491.06,0.0,612.02,867.0,5.76,12.96,0.87,-0.15,-0.44,0.23,0.99,-0.6,0.09,-0.06,1.15,-0.17,-0.06,1.15,-0.17,6.7,29.6,36.4,97.7,31.0,33.3,-101.2,-3.9,66.3,-156.0,15.9,24.8,-48.0,-10.9,50.2,-89.2,-2.7,-5.7,3.4,9.5,-9.8,-19.7,-16.4,-20.0,10.7,6.6,-12.6,-6.0,2,4
868,17.36,-0.04,171.97,6.9,7.22,-0.06,-64.74,492.2,0.0,613.47,869.0,5.78,12.96,0.88,-0.16,-0.43,0.21,1.77,-0.27,0.18,-0.77,1.61,-0.23,-0.77,1.61,-0.23,19.5,0.0,54.8,38.3,29.6,25.2,-84.4,-5.5,62.7,-156.0,14.8,23.7,-48.0,-10.8,50.2,-91.2,-2.4,-0.2,5.6,9.4,-18.1,-6.0,-16.2,-14.3,19.6,0.4,-3.5,-9.9,2,4
870,17.4,-0.04,172.37,6.9,7.24,-0.06,-64.89,493.34,0.0,614.87,871.0,5.79,12.97,0.89,-0.17,-0.39,0.3,-1.86,-1.1,-0.49,1.95,-1.02,-0.25,1.95,-1.02,-0.25,59.9,67.5,0.0,42.0,27.5,22.7,-75.9,-16.5,53.9,-144.5,11.7,26.8,-48.0,-13.8,50.2,-99.2,-7.0,8.7,1.8,11.9,-18.1,12.3,-0.4,3.3,22.7,2.9,-5.8,0.2,1,4
872,17.44,-0.04,172.76,6.9,7.26,-0.06,-65.14,494.51,0.0,616.2,873.0,5.81,12.98,0.89,-0.09,-0.45,-0.01,-3.79,-1.45,-0.56,3.3,-2.43,0.02,3.3,-2.43,0.02,55.4,0.0,0.0,23.8,33.8,25.7,-82.7,-18.1,36.4,-154.3,16.3,35.1,-48.0,-12.4,42.1,-96.2,-15.5,12.1,-6.7,7.2,9.3,-8.2,-1.1,-7.1,22.5,8.7,0.6,-1.2,2,4
874,17.48,-0.04,173.16,6.91,7.28,-0.06,-65.38,495.68,0.0,617.54,875.0,5.82,12.98,0.89,0.06,-0.38,-0.3,-0.4,-2.4,0.28,2.17,0.98,0.56,2.17,0.98,0.56,62.2,0.0,41.8,67.0,29.5,37.5,-104.9,-10.6,46.6,-156.0,19.6,34.2,-48.0,-13.4,45.5,-88.5,-13.3,16.2,4.0,-0.9,4.7,-19.7,-7.8,-10.2,19.5,14.6,-5.3,1.2,2,4
876,17.52,-0.04,173.56,6.91,7.29,-0.06,-65.5,496.86,0.0,619.02,877.0,5.84,12.99,0.88,-0.07,-0.39,-0.42,0.36,-0.51,0.45,0.19,0.57,0.48,0.19,0.57,0.48,28.5,0.0,57.6,79.8,18.3,58.0,-126.4,-3.9,61.5,-156.0,19.6,40.2,-48.0,-14.7,55.2,-78.3,3.1,-4.4,10.5,3.1,-2.7,-19.7,-10.7,-17.9,12.4,9.8,-6.8,-8.1,2,4
878,17.56,-0.04,173.95,6.91,7.3,-0.06,-65.69,498.04,0.0,620.42,879.0,5.86,13.0,0.86,-0.22,-0.4,-0.43,-0.18,2.65,0.67,-2.11,-1.67,0.51,-2.11,-1.67,0.51,0.0,0.0,93.1,123.6,30.3,43.6,-117.7,-5.6,66.2,-156.0,22.9,33.3,-48.0,-10.7,57.1,-81.4,-3.6,-0.2,6.8,13.3,-11.8,-19.7,-19.0,-17.8,12.9,8.4,-17.1,-4.7,2,4
880,17.6,-0.04,174.35,6.91,7.32,-0.06,-65.82,499.21,0.0,621.87,881.0,5.88,13.0,0.86,-0.34,-0.38,0.34,1.31,1.88,0.13,-2.29,-0.05,-0.16,-2.29,-0.05,-0.16,0.0,50.2,100.4,80.4,33.7,28.4,-97.1,-2.1,67.0,-156.0,21.1,24.4,-48.0,-7.4,48.3,-74.1,-4.8,-5.4,1.5,13.7,-15.2,-19.7,-18.3,-21.1,15.4,4.6,-9.5,-13.7,2,4
882,17.64,-0.04,174.75,6.91,7.33,-0.06,-65.96,500.36,0.0,623.29,883.0,5.89,12.99,0.88,-0.37,-0.34,0.3,1.41,1.12,-0.49,-1.65,0.36,-0.79,-1.65,0.36,-0.79,0.0,0.0,86.2,48.6,30.6,16.8,-80.6,-7.8,60.0,-156.0,16.4,18.8,-48.0,-8.9,44.7,-81.1,-4.6,6.9,2.8,15.3,-16.2,-14.7,-15.9,-16.5,20.4,-3.0,-4.9,-12.0,2,4
884,17.68,-0.04,175.15,6.91,7.35,-0.06,-66.08,501.51,0.0,624.73,885.0,5.91,12.99,0.89,-0.29,-0.36,0.15,-1.12,0.34,-1.02,0.43,-1.34,-0.65,0.43,-1.34,-0.65,121.8,0.0,0.0,0.0,31.6,19.9,-76.5,-8.9,55.4,-156.0,14.0,21.5,-48.0,-17.5,37.7,-101.0,-13.7,7.6,-4.9,12.7,-2.7,-18.2,2.1,1.1,22.0,2.5,-0.8,3.5,2,4
886,17.72,-0.04,175.55,6.91,7.37,-0.06,-66.28,502.66,0.0,626.1,887.0,5.93,13.0,0.89,-0.07,-0.38,-0.15,0.4,-1.0,-0.91,0.77,0.64,-0.99,0.77,0.64,-0.99,135.0,0.0,0.0,86.2,32.3,35.8,-91.2,-3.1,67.9,-156.0,16.8,28.8,-48.0,-21.9,31.3,-100.1,-17.7,17.4,-1.2,0.7,-2.1,-19.7,-3.3,-2.1,20.8,14.8,0.8,3.0,2,4
888,17.76,-0.04,175.94,6.91,7.39,-0.06,-66.44,503.81,0.0,627.51,889.0,5.94,13.0,0.89,0.01,-0.37,-0.27,0.34,-1.08,-0.32,0.8,0.75,-0.44,0.8,0.75,-0.44,32.7,0.0,114.7,45.6,25.2,65.4,-105.8,-11.2,69.3,-156.0,11.9,31.6,-48.0,-28.1,41.7,-82.5,-10.5,-4.0,3.0,3.8,-1.0,-19.7,-7.2,-8.2,15.7,15.8,-8.7,-5.2,2,4
890,17.8,-0.04,176.34,6.91,7.4,-0.06,-66.68,504.96,0.0,628.82,891.0,5.96,13.0,0.87,-0.15,-0.47,-0.52,0.18,1.73,0.45,-1.61,-0.58,0.53,-1.61,-0.58,0.53,0.0,0.0,64.7,51.6,29.2,64.4,-106.6,-8.3,67.3,-156.0,12.5,32.0,-48.0,-27.2,47.8,-78.0,0.2,-4.7,0.9,7.4,-6.2,-19.7,-14.5,-19.1,9.1,13.3,-9.1,-4.5,2,4
892,17.84,-0.04,176.73,6.91,7.41,-0.06,-66.83,506.1,0.0,630.22,893.0,5.98,13.0,0.85,-0.19,-0.44,-0.06,-4.73,1.23,-0.08,1.31,-4.48,1.47,1.31,-4.48,1.47,0.0,75.6,90.7,73.7,37.7,40.9,-101.5,-4.0,68.2,-156.0,24.5,19.5,-48.0,-12.4,49.5,-82.1,-3.2,0.5,1.8,6.8,-3.8,-19.7,-18.3,-20.1,11.7,2.4,-9.4,-15.0,2,4
894,17.88,-0.04,177.12,6.91,7.42,-0.07,-67.0,507.24,0.0,631.59,895.0,6.0,13.01,0.87,-0.18,-0.36,0.28,3.59,-0.64,-0.63,-1.08,3.04,-1.8,-1.08,3.04,-1.8,8.4,31.6,87.3,46.4,32.0,33.1,-92.3,-4.1,64.9,-156.0,24.0,17.6,-48.0,-10.4,52.9,-91.9,-2.3,0.4,3.4,12.4,-12.8,-7.6,-18.5,-14.7,18.3,2.8,-5.2,-7.5,2,4
896,17.92,-0.04,177.51,6.91,7.44,-0.07,-67.15,508.37,0.0,632.98,897.0,6.01,13.01,0.88,-0.14,-0.31,0.29,1.2,-0.31,-0.9,-0.22,0.83,-1.27,-0.22,0.83,-1.27,60.2,81.8,0.0,0.0,24.9,33.6,-89.6,-14.8,59.7,-149.4,17.4,19.8,-48.0,-14.9,56.4,-101.9,-6.7,4.2,-0.8,14.5,-20.1,11.6,-2.7,6.6,22.8,-2.6,-6.0,5.7,1,4
898,17.96,-0.04,177.91,6.91,7.46,-0.07,-67.35,509.51,0.0,634.32,899.0,6.02,13.02,0.89,-0.1,-0.41,0.22,-4.22,-0.2,-1.61,2.14,-3.97,-0.24,2.14,-3.97,-0.24,54.2,0.0,0.0,29.6,29.0,35.7,-94.2,-20.0,45.2,-155.8,18.4,33.8,-48.0,-16.3,45.1,-90.1,-14.5,-0.1,4.4,13.9,3.2,-16.6,-2.6,-6.7,22.8,6.5,-2.1,5.6,2,4
900,18.0,-0.04,178.3,6.91,7.48,-0.07,-67.58,510.64,0.0,635.65,901.0,6.04,13.02,0.9,-0.02,-0.4,0.1,-0.07,-0.23,-0.53,0.35,-0.08,-0.46,0.35,-0.08,-0.46,61.2,0.0,0.0,33.6,34.5,36.2,-96.6,-10.5,44.2,-156.0,14.6,33.3,-48.0,-11.4,38.6,-79.8,-16.1,8.2,4.0,-3.2,3.4,-19.7,-2.3,-8.2,19.6,14.6,-5.5,-6.2,2,4
902,18.04,-0.04,178.69,6.91,7.49,-0.07,-67.68,511.79,0.0,637.1,903.0,6.05,13.03,0.9,-0.01,-0.33,-0.14,2.82,0.69,0.11,-1.72,2.22,-0.73,-1.72,2.22,-0.73,15.4,0.0,55.8,111.8,27.8,32.4,-99.8,-10.3,52.9,-156.0,13.6,29.2,-48.0,-12.0,43.5,-85.3,-2.9,7.0,0.6,3.3,-3.2,-19.7,-11.2,-15.6,7.4,9.9,-11.7,-1.7,2,4
904,18.08,-0.04,179.09,6.91,7.51,-0.07,-67.77,512.92,0.0,638.57,905.0,6.06,13.03,0.89,0.06,-0.36,-0.36,0.74,2.42,-0.13,-2.49,-0.35,-0.32,-2.49,-0.35,-0.32,34.1,0.0,119.7,55.2,28.6,27.7,-103.3,-9.1,57.0,-156.0,14.5,20.1,-48.0,-10.1,43.2,-89.3,0.4,5.2,5.2,5.3,-0.4,-19.7,-15.8,-17.5,5.2,6.8,-6.7,-4.8,2,4
906,18.12,-0.04,179.49,6.91,7.53,-0.07,-67.86,514.05,0.0,640.01,907.0,6.08,13.04,0.88,0.02,-0.35,0.16,1.91,-1.16,-0.47,0.43,1.85,-1.26,0.43,1.85,-1.26,50.2,54.3,115.7,20.7,29.7,24.8,-95.5,-6.7,61.3,-156.0,15.0,17.2,-48.0,-7.4,47.0,-94.9,-2.8,5.6,-1.1,7.6,-3.5,-19.7,-12.9,-18.1,10.2,5.0,-1.6,-5.8,2,4
908,18.16,-0.04,179.88,6.92,7.55,-0.07,-67.94,515.16,0.0,641.46,909.0,6.09,13.04,0.88,0.07,-0.32,0.14,2.29,-1.15,-0.83,0.3,2.03,-1.75,0.3,2.03,-1.75,43.5,144.7,26.0,5.0,24.4,26.2,-94.1,-10.5,60.7,-155.4,11.5,19.5,-48.0,-6.6,54.6,-104.5,-3.5,2.2,1.2,11.9,-20.4,19.7,-9.6,7.4,22.6,-4.9,-1.6,1.1,2,4
910,18.2,-0.04,180.28,6.93,7.56,-0.07,-68.12,516.3,0.0,642.83,911.0,6.1,13.05,0.89,0.08,-0.3,0.22,-5.09,-3.09,-1.78,4.4,-4.35,-0.56,4.4,-4.35,-0.56,147.7,0.0,0.0,0.0,23.7,29.8,-96.2,-23.1,43.5,-132.0,9.6,41.4,-48.0,-10.1,53.4,-96.9,-15.1,5.0,4.2,13.8,-14.2,-15.7,2.7,-11.0,22.8,1.8,-6.3,1.1,1,4
912,18.24,-0.04,180.67,6.94,7.58,-0.07,-68.5,517.44,0.0,644.03,913.0,6.11,13.06,0.9,0.13,-0.37,0.17,-4.78,-2.5,-1.88,3.78,-4.23,-0.65,3.78,-4.23,-0.65,0.0,0.0,0.0,42.1,33.6,29.8,-97.1,-14.5,24.3,-156.0,15.8,43.9,-48.0,-9.0,42.7,-87.5,-13.4,3.8,6.5,4.0,14.8,-13.6,-3.3,-11.1,22.2,11.3,-3.5,-1.2,2,4
914,18.28,-0.04,181.07,6.95,7.6,-0.07,-68.68,518.59,0.0,645.43,915.0,6.12,13.07,0.9,0.21,-0.31,-0.07,0.56,-0.75,-0.43,0.72,0.69,-0.27,0.72,0.69,-0.27,38.8,0.0,54.5,52.4,37.9,30.6,-89.0,-5.7,44.6,-156.0,19.5,42.0,-48.0,-6.3,43.7,-89.3,-17.0,15.3,0.3,2.3,3.6,-19.7,-7.0,-17.6,20.0,16.6,-5.4,-0.9,2,4
916,18.32,-0.04,181.47,6.97,7.62,-0.07,-68.8,519.74,0.0,646.9,917.0,6.13,13.08,0.9,0.13,-0.26,-0.21,1.84,0.78,-0.37,-1.01,1.65,-0.65,-1.01,1.65,-0.65,0.0,0.0,57.8,31.8,32.5,33.7,-94.1,-0.1,60.4,-156.0,16.8,42.9,-48.0,-9.4,48.1,-90.5,3.5,-1.6,-1.4,0.2,-1.8,-19.7,-9.2,-19.2,6.8,8.8,-3.1,-1.9,2,4
918,18.36,-0.04,181.87,6.97,7.64,-0.07,-68.91,520.9,0.0,648.37,919.0,6.14,13.09,0.89,0.1,-0.27,-0.44,3.93,3.79,0.1,-4.35,3.19,-0.85,-4.35,3.19,-0.85,0.0,0.0,132.1,128.7,34.0,30.6,-94.2,3.9,60.8,-156.0,12.7,33.2,-48.0,-12.7,44.3,-96.5,-3.2,-0.9,2.6,5.3,-6.8,-19.7,-16.0,-17.0,4.4,10.7,-2.8,1.8,2,4
920,18.4,-0.04,182.27,6.98,7.65,-0.07,-69.05,522.05,0.0,649.79,921.0,6.16,13.09,0.87,0.1,-0.32,0.12,2.49,-0.08,-0.55,-0.27,2.2,-1.27,-0.27,2.2,-1.27,0.0,47.7,76.0,21.5,35.5,25.9,-92.4,-1.4,64.5,-156.0,11.1,25.6,-48.0,-11.8,43.9,-98.0,-5.7,0.3,1.7,8.2,-14.9,-18.5,-12.8,-17.3,17.3,6.8,0.4,-1.5,2,4
922,18.44,-0.04,182.67,6.99,7.67,-0.07,-69.15,523.18,0.0,651.26,923.0,6.17,13.1,0.88,0.09,-0.27,0.32,1.67,-1.31,-0.99,1.03,1.44,-1.53,1.03,1.44,-1.53,50.1,150.6,2.6,17.2,29.4,25.2,-85.1,-7.7,60.8,-154.4,6.7,28.6,-48.0,-13.5,48.5,-103.5,-7.0,6.3,2.9,8.9,-20.8,21.6,-2.7,6.1,22.6,-1.0,-0.1,2.7,2,4
924,18.48,-0.04,183.06,6.99,7.69,-0.07,-69.41,524.34,0.0,652.57,925.0,6.18,13.1,0.89,0.04,-0.35,0.24,-3.92,-1.8,-1.71,2.0,-4.07,-0.95,2.0,-4.07,-0.95,109.7,0.0,0.0,49.7,29.4,27.5,-86.3,-18.2,42.9,-135.6,9.4,41.0,-48.0,-15.3,44.1,-97.2,-16.7,3.9,-2.8,13.2,-8.0,-19.4,2.3,-10.2,22.8,5.6,-2.2,0.4,1,4
926,18.52,-0.04,183.46,7.0,7.71,-0.07,-69.58,525.5,0.0,653.98,927.0,6.19,13.11,0.9,0.17,-0.39,0.05,-3.06,-1.81,-1.26,1.98,-3.16,-0.59,1.98,-3.16,-0.59,0.0,0.0,113.6,33.6,34.2,26.7,-93.3,-10.2,38.5,-156.0,16.8,33.8,-48.0,-12.3,36.8,-89.5,-10.8,6.6,6.8,-1.5,5.9,-19.7,-2.1,-6.2,21.4,14.1,-3.3,-1.6,2,4
928,18.56,-0.04,183.86,7.02,7.73,-0.07,-69.72,526.65,0.0,655.43,929.0,6.21,13.12,0.9,0.24,-0.28,-0.14,0.69,-0.46,-1.14,0.67,0.58,-1.09,0.67,0.58,-1.09,83.4,0.0,48.1,47.2,33.2,34.4,-97.3,-5.2,55.6,-156.0,19.2,38.3,-48.0,-11.0,42.7,-88.4,-17.0,17.1,-0.0,5.5,-0.1,-19.7,-4.6,-18.3,15.5,14.0,-3.6,-0.4,2,4
930,18.6,-0.04,184.26,7.03,7.75,-0.07,-69.86,527.81,0.0,656.88,931.0,6.22,13.12,0.89,0.12,-0.26,-0.43,1.55,1.43,-0.3,-1.29,1.59,-0.61,-1.29,1.59,-0.61,0.0,0.0,68.1,86.8,27.9,41.5,-106.9,3.6,61.3,-156.0,18.3,39.2,-48.0,-12.7,49.7,-85.4,4.3,-5.1,3.5,1.7,-0.7,-19.7,-15.9,-19.3,6.1,8.2,-8.5,-4.0,2,4
932,18.64,-0.04,184.66,7.04,7.76,-0.07,-69.94,528.97,0.0,658.37,933.0,6.23,13.12,0.87,0.1,-0.24,-0.55,0.95,3.82,-0.47,-3.71,1.08,-0.92,-3.71,1.08,-0.92,0.0,0.0,120.3,60.3,35.2,30.4,-98.1,-0.4,65.3,-156.0,20.1,27.8,-48.0,-10.1,49.4,-88.3,-7.4,-5.1,2.2,10.7,-13.1,-19.7,-17.6,-19.5,10.2,6.7,-7.4,-4.0,2,4
934,18.68,-0.04,185.06,7.04,7.77,-0.07,-70.05,530.12,0.0,659.83,935.0,6.24,13.12,0.87,0.04,-0.26,0.35,2.32,-0.54,-1.3,0.73,1.8,-1.89,0.73,1.8,-1.89,0.0,5.7,36.2,30.3,32.2,25.4,-85.9,-3.1,67.3,-156.0,15.3,23.4,-48.0,-10.9,50.1,-91.0,-6.0,0.7,-1.9,12.4,-16.6,-15.4,-15.8,-18.6,20.1,2.6,-1.1,-7.2,2,4
936,18.72,-0.04,185.45,7.05,7.79,-0.07,-70.16,531.26,0.0,661.28,937.0,6.25,13.13,0.88,0.05,-0.19,0.4,-0.24,-0.96,-1.78,0.65,-0.84,-1.73,0.65,-0.84,-1.73,82.1,75.9,0.0,6.5,26.6,24.8,-80.3,-12.6,59.5,-151.4,11.3,26.8,-48.0,-14.8,51.0,-96.7,-8.1,7.6,-0.8,13.4,-18.7,12.8,-2.1,4.3,22.7,-0.4,-2.8,2.3,2,4
938,18.76,-0.04,185.85,7.05,7.81,-0.07,-70.35,532.42,0.0,662.67,939.0,6.26,13.13,0.89,0.07,-0.29,0.2,-3.71,-0.72,-2.18,-0.38,-4.14,-1.34,-0.38,-4.14,-1.34,54.1,0.0,0.0,35.3,29.2,26.7,-84.9,-19.4,42.6,-153.1,12.4,37.6,-48.0,-16.3,41.9,-88.7,-14.0,3.1,-0.7,13.6,1.1,-18.3,-0.8,-6.7,22.6,6.8,-1.3,2.1,2,4
940,18.8,-0.04,186.25,7.06,7.83,-0.07,-70.58,533.56,0.0,664.02,941.0,6.27,13.13,0.9,0.19,-0.27,0.0,-2.33,-0.96,-1.47,0.29,-2.78,-0.85,0.29,-2.78,-0.85,0.0,0.0,132.1,101.0,34.8,25.0,-89.6,-10.7,39.4,-156.0,15.0,33.2,-48.0,-10.0,38.0,-83.7,-12.8,12.9,7.9,-3.3,8.7,-19.7,-4.0,-7.7,20.6,16.7,-4.9,-5.5,2,4
942,18.84,-0.04,186.65,7.08,7.85,-0.07,-70.69,534.7,0.0,665.48,943.0,6.29,13.14,0.89,0.23,-0.17,-0.22,1.36,-0.09,-1.28,0.71,0.95,-1.44,0.71,0.95,-1.44,28.6,0.0,53.8,33.1,32.8,29.5,-91.4,-8.4,54.8,-156.0,15.6,36.0,-48.0,-9.7,45.0,-86.5,-6.9,8.9,2.5,4.7,-4.2,-19.7,-6.4,-17.9,14.3,11.0,-5.2,-5.5,2,4
944,18.88,-0.04,187.04,7.1,7.86,-0.07,-70.8,535.85,0.0,666.95,945.0,6.3,13.14,0.88,0.19,-0.14,-0.48,0.24,2.39,-0.64,-2.05,1.03,-0.95,-2.05,1.03,-0.95,0.0,0.0,77.5,104.6,34.6,29.9,-98.7,-3.3,57.6,-156.0,16.1,32.1,-48.0,-8.5,49.5,-91.0,-2.7,3.1,4.3,6.2,-0.4,-19.7,-13.5,-20.4,9.1,9.1,-11.9,-6.0,2,4
946,18.92,-0.04,187.44,7.11,7.88,-0.07,-70.87,537.0,0.0,668.44,947.0,6.3,13.14,0.87,0.13,-0.18,0.12,3.6,0.58,-1.23,0.98,2.99,-2.21,0.98,2.99,-2.21,0.0,45.1,88.1,70.5,35.4,26.9,-97.3,-4.4,63.8,-156.0,15.2,25.5,-48.0,-7.7,50.3,-94.4,-4.4,1.6,-0.6,11.4,-9.0,-19.7,-15.9,-20.7,13.4,9.4,-6.9,-2.9,2,4
948,18.96,-0.04,187.84,7.12,7.89,-0.07,-70.95,538.14,0.0,669.94,949.0,6.31,13.14,0.88,0.12,-0.15,0.27,2.33,-0.2,-1.55,1.05,1.47,-2.15,1.05,1.47,-2.15,0.0,35.0,76.8,15.3,28.6,26.4,-97.9,-6.1,63.0,-156.0,11.7,25.0,-48.0,-7.5,54.3,-99.9,-4.2,4.5,1.4,14.7,-16.1,-11.5,-16.0,-16.5,21.5,-0.8,-2.5,-2.6,2,4
950,19.0,-0.04,188.24,7.13,7.91,-0.07,-71.05,539.29,0.0,671.41,951.0,6.32,13.15,0.88,0.15,-0.11,0.27,-0.81,-0.67,-2.22,-0.38,-1.44,-1.96,-0.38,-1.44,-1.96,84.9,0.0,0.0,69.5,25.2,29.4,-95.3,-11.6,58.3,-150.5,8.3,29.8,-48.0,-11.8,52.2,-99.2,-10.7,4.6,3.4,13.0,-18.8,1.9,0.9,1.7,22.8,-0.3,-6.4,4.8,1,4
952,19.04,-0.04,188.64,7.15,7.93,-0.07,-71.36,540.44,0.0,672.68,953.0,6.33,13.15,0.89,0.17,-0.16,0.22,-2.51,-0.74,-2.06,-1.32,-2.75,-1.34,-1.32,-2.75,-1.34,47.8,0.0,0.0,51.0,30.5,31.4,-93.4,-11.8,49.8,-156.0,8.1,36.3,-48.0,-13.7,41.6,-83.4,-14.0,3.2,2.7,8.2,-0.5,-19.9,1.4,-5.2,22.6,7.0,-2.9,0.5,2,4
954,19.08,-0.04,189.03,7.16,7.94,-0.07,-71.44,541.58,0.0,674.17,955.0,6.34,13.15,0.9,0.21,-0.15,0.03,0.52,0.05,-1.23,0.21,0.11,-1.31,0.21,0.11,-1.31,63.1,0.0,32.1,101.9,33.6,29.8,-90.4,-6.8,49.5,-156.0,11.0,34.6,-48.0,-10.0,41.9,-83.4,-11.7,11.4,6.8,-2.4,6.5,-19.7,-6.3,-14.2,20.1,16.7,-8.7,-6.4,2,4
956,19.12,-0.04,189.43,7.18,7.96,-0.07,-71.55,542.73,0.0,675.64,957.0,6.35,13.15,0.89,0.24,-0.05,-0.2,1.88,1.71,-1.28,-0.02,2.19,-1.81,-0.02,2.19,-1.81,0.0,0.0,50.9,70.1,33.3,21.7,-89.3,-6.7,55.4,-156.0,12.9,29.7,-48.0,-8.0,45.2,-94.6,-2.0,9.3,-2.9,3.9,-0.4,-19.7,-9.3,-16.1,12.0,8.7,-4.9,0.6,2,4
958,19.16,-0.04,189.83,7.2,7.98,-0.07,-71.66,543.87,0.0,677.11,959.0,6.36,13.16,0.88,0.27,-0.04,0.0,2.71,0.52,-1.53,1.25,1.68,-2.36,1.25,1.68,-2.36,0.0,49.6,121.0,71.6,35.0,23.7,-94.6,-4.2,60.3,-156.0,12.0,23.6,-48.0,-7.5,45.0,-99.0,-0.9,2.4,1.9,5.2,-3.5,-19.7,-15.0,-19.4,7.9,7.3,-8.7,-3.1,2,4
960,19.2,-0.04,190.23,7.22,8.0,-0.07,-71.71,545.01,0.0,678.63,961.0,6.37,13.16,0.88,0.22,-0.02,0.16,1.11,-0.08,-1.64,0.41,0.26,-1.92,0.41,0.26,-1.92,36.3,55.7,53.4,13.8,32.1,23.8,-91.3,-4.6,60.5,-156.0,10.8,23.4,-48.0,-7.4,47.6,-102.1,-4.6,3.8,-3.0,9.2,-4.8,-19.6,-15.7,-19.2,15.2,4.6,-0.2,-2.6,2,4
962,19.24,-0.04,190.63,7.24,8.01,-0.07,-71.79,546.14,0.0,680.11,963.0,6.38,13.17,0.88,0.25,0.02,0.14,1.88,-0.07,-2.06,0.85,0.63,-2.58,0.85,0.63,-2.58,71.2,130.4,31.7,0.0,28.6,25.1,-91.4,-10.5,58.5,-155.5,6.8,24.5,-48.0,-6.9,51.6,-106.3,-7.8,5.4,0.4,12.5,-18.9,14.8,-6.2,0.1,22.6,-3.3,-0.3,3.4,2,4
964,19.28,-0.04,191.02,7.26,8.03,-0.07,-72.01,547.27,0.0,681.46,965.0,6.39,13.17,0.89,0.26,0.02,0.14,-1.73,-1.32,-2.62,-1.77,-2.12,-2.0,-1.77,-2.12,-2.0,128.5,0.0,0.0,0.0,28.4,30.6,-92.8,-19.3,49.0,-145.2,4.1,33.0,-48.0,-10.1,48.4,-90.1,-16.1,3.3,0.3,14.8,-14.1,-17.4,2.6,-0.6,22.8,0.3,-5.6,2.2,1,4
966,19.32,-0.04,191.42,7.28,8.05,-0.07,-72.18,548.41,0.0,682.87,967.0,6.4,13.18,0.89,0.27,-0.03,0.08,-3.33,-1.12,-2.18,-3.14,-2.45,-1.09,-3.14,-2.45,-1.09,49.0,0.0,0.0,93.5,36.3,34.7,-91.4,-15.3,42.0,-156.0,9.1,35.8,-48.0,-9.2,42.2,-80.1,-14.9,-0.7,5.9,5.9,4.7,-19.7,-0.7,-7.2,21.8,10.0,-5.6,-5.3,2,4
968,19.36,-0.04,191.82,7.3,8.07,-0.07,-72.29,549.55,0.0,684.33,969.0,6.41,13.18,0.89,0.22,0.0,-0.09,1.55,0.77,-1.24,1.0,0.85,-1.68,1.0,0.85,-1.68,94.3,0.0,77.5,134.2,41.5,28.8,-77.9,-9.7,49.4,-156.0,13.7,34.2,-48.0,-3.8,47.7,-91.0,-13.7,6.9,0.4,3.2,0.0,-19.7,-6.1,-15.9,19.0,12.8,-14.9,-5.9,2,4
970,19.4,-0.04,192.21,7.32,8.08,-0.07,-72.44,550.68,0.0,685.75,971.0,6.41,13.18,0.88,0.32,0.05,-0.06,3.62,1.3,-1.04,2.76,1.83,-2.23,2.76,1.83,-2.23,0.0,0.0,64.2,106.4,40.1,18.3,-79.4,-6.0,54.9,-156.0,13.9,26.1,-48.0,-2.7,47.7,-102.8,-1.5,6.6,-0.6,5.4,-1.9,-19.7,-10.9,-18.7,6.7,6.7,-7.3,-0.6,2,4
972,19.44,-0.04,192.61,7.34,8.1,-0.07,-72.51,551.82,0.0,687.25,973.0,6.43,13.19,0.88,0.27,0.05,0.12,0.91,0.67,-1.74,0.15,0.72,-1.94,0.15,0.72,-1.94,2.3,76.9,88.1,63.1,35.2,22.9,-87.6,-5.4,59.1,-156.0,11.6,24.0,-48.0,-3.1,50.2,-105.4,-3.4,-1.9,-2.0,7.9,-4.1,-19.7,-12.5,-20.4,11.5,5.9,-6.1,-1.8,2,4
974,19.48,-0.04,193.01,7.37,8.11,-0.07,-72.57,552.95,0.0,688.75,975.0,6.44,13.19,0.88,0.29,0.07,0.1,2.23,0.31,-1.7,1.42,0.49,-2.39,1.42,0.49,-2.39,77.6,73.7,84.7,0.0,32.7,25.8,-94.5,-7.6,58.9,-156.0,9.4,23.5,-48.0,-1.1,52.9,-108.2,-6.2,4.4,-4.2,14.3,-8.8,-13.3,-16.1,-17.4,20.9,-1.5,2.9,0.9,2,4
976,19.52,-0.04,193.4,7.39,8.13,-0.07,-72.7,554.08,0.0,690.19,977.0,6.45,13.19,0.88,0.3,0.13,0.14,1.3,-0.8,-2.31,0.32,-0.54,-2.7,0.32,-0.54,-2.7,112.9,106.7,0.0,0.0,27.4,31.7,-97.9,-16.7,56.8,-153.4,3.1,28.2,-48.0,-5.9,57.4,-101.1,-13.1,3.4,-0.6,15.0,-19.9,14.7,2.0,7.1,22.8,-4.2,-2.3,6.9,2,4
978,19.56,-0.04,193.8,7.41,8.15,-0.07,-72.87,555.21,0.0,691.59,979.0,6.46,13.2,0.88,0.28,0.09,0.17,-3.38,-1.9,-2.37,-4.15,-1.36,-1.23,-4.15,-1.36,-1.23,53.1,0.0,0.0,0.0,28.7,35.8,-98.8,-23.0,46.4,-156.0,5.8,42.3,-48.0,-12.0,47.8,-75.4,-14.7,-1.5,3.6,16.1,-6.2,-15.2,0.4,-8.3,22.8,3.7,-3.6,1.5,2,4
980,19.6,-0.04,194.19,7.44,8.16,-0.07,-73.07,556.35,0.0,692.96,981.0,6.48,13.2,0.89,0.28,0.03,0.15,-3.09,-1.21,-1.66,-3.57,-0.72,-0.7,-3.57,-0.72,-0.7,33.0,0.0,0.0,22.9,35.0,31.6,-90.7,-12.9,44.7,-156.0,12.8,36.1,-48.0,-3.7,46.0,-73.6,-10.1,0.6,11.0,1.0,5.9,-19.7,-2.8,-7.5,21.8,14.4,-13.3,-9.4,2,4
982,19.64,-0.04,194.59,7.45,8.18,-0.07,-73.23,557.49,0.0,694.37,983.0,6.49,13.2,0.88,0.22,0.12,-0.03,1.81,1.81,-1.11,1.78,1.23,-1.77,1.78,1.23,-1.77,0.0,0.0,96.2,52.0,39.6,18.8,-74.6,-9.1,52.8,-156.0,18.6,30.6,-48.0,3.0,52.2,-90.1,-6.6,10.2,-7.8,6.0,-1.9,-19.7,-9.7,-16.6,15.8,6.6,-12.4,-4.3,2,4
984,19.68,-0.04,194.99,7.48,8.2,-0.07,-73.37,558.62,0.0,695.8,985.0,6.5,13.2,0.88,0.29,0.14,0.05,4.7,0.81,-1.5,3.95,-0.5,-3.02,3.95,-0.5,-3.02,0.0,0.0,42.7,46.3,37.5,15.8,-84.1,-5.7,57.4,-156.0,15.1,23.2,-48.0,1.3,50.3,-95.5,0.9,5.3,-0.5,4.7,-2.4,-19.7,-11.7,-19.6,6.3,4.3,-8.8,-7.0,2,4
986,19.72,-0.04,195.39,7.5,8.21,-0.07,-73.45,559.76,0.0,697.29,987.0,6.51,13.2,0.88,0.26,0.15,0.11,1.1,0.1,-1.8,0.45,0.0,-2.07,0.45,0.0,-2.07,0.0,76.8,40.7,11.3,32.2,22.6,-90.3,-7.7,59.5,-156.0,12.1,22.1,-48.0,0.0,53.2,-99.1,-2.9,2.4,-2.1,9.6,-4.0,-19.7,-15.0,-19.8,13.0,3.1,-0.8,-4.7,2,4
988,19.76,-0.04,195.78,7.52,8.23,-0.07,-73.54,560.89,0.0,698.77,989.0,6.52,13.2,0.88,0.26,0.19,0.05,2.48,0.07,-2.02,1.53,-0.5,-2.76,1.53,-0.5,-2.76,89.6,64.6,76.9,0.0,27.2,27.2,-98.5,-12.2,59.4,-156.0,8.4,22.4,-48.0,0.9,58.2,-104.5,-7.7,4.7,-3.5,15.6,-16.2,-1.3,-12.1,-9.2,22.3,-4.8,-0.6,1.7,2,4
990,19.8,-0.04,196.18,7.54,8.24,-0.07,-73.67,562.01,0.0,700.19,991.0,6.54,13.2,0.88,0.27,0.21,0.07,0.24,-0.91,-2.23,-0.82,-0.22,-2.27,-0.82,-0.22,-2.27,118.5,0.0,0.0,0.0,23.5,31.5,-99.2,-16.6,59.0,-155.6,3.7,28.4,-48.0,-10.0,56.6,-90.8,-13.7,4.2,-0.9,16.2,-18.7,-2.9,1.7,4.9,22.8,-0.3,-8.5,3.4,2,4
992,19.84,-0.04,196.57,7.56,8.26,-0.07,-73.84,563.15,0.0,701.59,993.0,6.55,13.2,0.88,0.26,0.16,0.09,-2.97,-1.6,-1.79,-3.63,0.84,-0.86,-3.63,0.84,-0.86,87.5,0.0,0.0,0.0,26.9,30.4,-94.9,-8.9,60.3,-156.0,5.4,38.7,-48.0,-13.0,42.3,-70.0,-12.5,4.9,8.4,9.6,-4.8,-19.8,1.0,-10.1,22.5,8.3,-2.4,-2.4,2,4
994,19.88,-0.04,196.97,7.58,8.28,-0.07,-74.04,564.3,0.0,702.97,995.0,6.56,13.2,0.88,0.21,0.15,-0.07,-0.29,-0.24,-1.37,-0.68,0.19,-1.23,-0.68,0.19,-1.23,35.1,0.0,84.3,44.2,34.0,22.2,-71.9,-0.3,61.7,-156.0,11.4,34.4,-48.0,-3.2,50.6,-78.8,-6.6,2.0,7.0,-4.0,0.5,-19.7,-5.4,-15.9,21.4,14.9,-16.5,-11.3,2,4
996,19.92,-0.04,197.36,7.6,8.29,-0.07,-74.3,565.44,0.0,704.27,997.0,6.57,13.2,0.87,0.3,0.24,0.0,3.43,0.12,-0.92,2.25,-2.0,-1.9,2.25,-2.0,-1.9,0.0,0.0,82.7,82.7,38.1,10.2,-60.7,-4.4,59.9,-156.0,16.7,27.0,-48.0,4.2,57.3,-96.0,4.6,2.2,-7.0,3.8,-4.7,-19.7,-3.7,-19.8,14.6,8.8,-15.6,-10.9,2,4
998,19.96,-0.04,197.76,7.62,8.3,-0.07,-74.4,566.58,0.0,705.75,999.0,6.58,13.2,0.87,0.23,0.29,0.07,1.17,0.12,-1.85,0.52,-0.25,-2.11,0.52,-0.25,-2.11,0.0,67.8,68.1,69.6,35.9,14.8,-80.3,-5.8,62.9,-156.0,15.4,25.3,-48.0,4.6,60.7,-99.6,-1.1,4.9,-0.4,7.1,-5.8,-19.7,-15.4,-19.8,8.7,1.4,-11.4,-7.8,2,4
1000,20.0,-0.04,198.16,7.63,8.32,-0.07,-74.46,567.72,0.0,707.24,1001.0,6.6,13.21,0.87,0.17,0.35,0.05,1.22,0.01,-1.8,0.49,-0.35,-2.09,0.49,-0.35,-2.09,0.0,79.3,125.6,12.6,30.1,28.6,-94.5,-9.1,63.1,-156.0,12.4,25.4,-48.0,2.5,61.9,-102.5,-2.0,-0.1,-2.7,13.2,-7.1,-18.4,-17.6,-19.4,18.7,2.0,-0.7,-2.4,2,4
1002,20.04,-0.04,198.55,7.64,8.33,-0.07,-74.58,568.84,0.0,708.67,1003.0,6.61,13.21,0.87,0.12,0.38,0.07,1.33,-0.37,-2.17,0.19,-0.51,-2.52,0.19,-0.51,-2.52,105.3,66.4,31.5,0.0,24.8,33.5,-103.3,-13.4,62.0,-155.9,8.6,25.6,-48.0,-1.3,61.9,-101.8,-9.8,1.6,1.4,15.9,-18.8,8.0,-6.1,1.2,22.8,-6.7,-0.6,3.5,2,4
1004,20.08,-0.04,198.94,7.65,8.35,-0.07,-74.72,569.98,0.0,710.08,1005.0,6.63,13.21,0.88,0.13,0.36,0.11,-2.4,-1.27,-2.01,-2.4,2.0,-1.27,-2.4,2.0,-1.27,138.2,0.0,0.0,0.0,24.7,34.8,-101.4,-11.8,60.7,-156.0,6.3,35.3,-48.0,-14.2,52.4,-78.3,-16.2,1.3,3.5,17.2,-11.0,-18.9,-1.1,-4.8,22.8,1.3,-3.9,5.4,2,4
1006,20.12,-0.04,199.34,7.66,8.36,-0.07,-74.95,571.13,0.0,711.43,1007.0,6.65,13.21,0.88,0.13,0.34,0.04,0.22,-1.47,-1.4,-1.42,-0.54,-1.36,-1.42,-0.54,-1.36,99.1,0.0,32.2,63.5,30.0,28.9,-85.4,6.4,66.8,-156.0,9.5,38.1,-48.0,-11.5,42.3,-65.0,-10.0,10.1,14.5,-6.2,-1.5,-19.7,-3.6,-8.5,21.8,16.0,-3.5,-14.1,2,4
1008,20.16,-0.04,199.73,7.67,8.38,-0.07,-75.13,572.29,0.0,712.82,1009.0,6.66,13.21,0.87,0.02,0.34,-0.28,-1.75,1.04,-1.04,0.19,2.18,-0.69,0.19,2.18,-0.69,0.0,0.0,57.3,49.5,37.4,15.9,-55.4,-1.2,64.1,-156.0,17.9,35.3,-48.0,-3.1,55.4,-88.3,-0.6,-1.9,-0.5,5.2,-2.6,-19.7,-9.3,-18.3,20.5,11.1,-14.9,-11.2,2,4
1010,20.2,-0.04,200.13,7.67,8.39,-0.07,-75.37,573.43,0.0,714.14,1011.0,6.67,13.22,0.87,0.02,0.4,0.08,3.61,0.07,-1.0,1.13,-3.0,-1.92,1.13,-3.0,-1.92,0.0,0.0,121.8,105.4,39.7,8.3,-66.8,-1.2,63.7,-156.0,18.8,27.7,-48.0,1.8,60.0,-101.2,1.0,8.7,-2.1,6.1,-7.2,-19.7,-11.2,-20.2,11.4,7.5,-13.7,-8.1,2,4
1012,20.24,-0.04,200.53,7.67,8.41,-0.07,-75.47,574.58,0.0,715.6,1013.0,6.69,13.23,0.87,0.01,0.36,0.03,1.32,0.54,-1.67,0.79,-0.62,-1.95,0.79,-0.62,-1.95,0.0,28.3,53.0,60.7,37.1,18.3,-85.2,-5.0,63.1,-156.0,16.8,24.6,-48.0,1.1,60.7,-104.4,-2.7,0.8,-1.1,9.0,-7.0,-19.7,-17.7,-19.6,13.3,2.1,-7.8,-3.8,2,4
1014,20.28,-0.04,200.92,7.67,8.42,-0.07,-75.57,575.72,0.0,717.05,1015.0,6.7,13.23,0.87,-0.01,0.34,0.03,1.4,0.59,-1.99,0.85,-0.59,-2.29,0.85,-0.59,-2.29,0.0,36.6,52.5,0.0,29.4,29.6,-99.5,-9.4,61.7,-156.0,13.2,23.6,-48.0,1.5,61.3,-106.6,-7.7,3.9,-7.4,16.7,-12.1,-15.4,-17.7,-18.6,22.0,-2.2,-1.6,2.8,2,4
1016,20.32,-0.04,201.32,7.67,8.43,-0.07,-75.73,576.86,0.0,718.44,1017.0,6.71,13.23,0.88,-0.02,0.34,-0.01,1.37,-0.7,-2.05,-0.4,-0.72,-2.43,-0.4,-0.72,-2.43,116.9,39.9,42.5,0.0,24.0,33.7,-105.8,-13.2,61.6,-156.0,8.4,25.8,-48.0,-7.5,59.7,-96.4,-13.1,0.5,0.1,20.2,-11.1,-11.3,-5.3,-1.3,22.8,-5.5,-5.2,6.9,2,4
1018,20.36,-0.04,201.72,7.67,8.45,-0.07,-75.92,578.0,0.0,719.81,1019.0,6.73,13.23,0.88,-0.0,0.27,0.1,-2.74,-2.67,-2.31,-2.64,3.17,-1.71,-2.64,3.17,-1.71,119.2,35.0,25.6,0.0,27.7,33.0,-93.5,6.5,70.1,-156.0,8.1,34.1,-48.0,-21.4,47.3,-65.9,-15.2,10.2,5.9,10.2,-1.6,-19.7,0.0,-3.6,22.8,10.9,-4.4,-2.1,2,4
1020,20.4,-0.04,202.11,7.67,8.47,-0.07,-76.28,579.17,0.0,721.03,1021.0,6.74,13.23,0.88,-0.05,0.23,-0.17,-0.39,-1.96,-1.75,-1.9,0.76,-1.68,-1.9,0.76,-1.68,59.0,0.0,87.0,152.5,33.0,30.7,-68.2,7.9,71.2,-156.0,10.5,42.3,-48.0,-15.5,47.9,-76.9,-7.2,2.1,4.4,-4.4,-0.8,-19.7,-3.6,-16.6,21.4,18.8,-14.5,-14.0,2,4
1022,20.44,-0.04,202.51,7.67,8.48,-0.07,-76.51,580.34,0.0,722.37,1023.0,6.75,13.24,0.87,-0.25,0.27,-0.37,-1.87,2.48,-0.94,2.62,1.72,-0.82,2.62,1.72,-0.82,0.0,0.0,55.2,60.1,43.5,16.8,-60.2,-3.9,65.2,-156.0,21.8,36.6,-48.0,-3.7,53.5,-102.4,-0.2,2.3,-1.4,6.8,-1.8,-19.7,-14.6,-19.0,14.3,7.6,-7.9,0.4,2,4
1024,20.48,-0.04,202.9,7.67,8.49,-0.07,-76.75,581.49,0.0,723.69,1025.0,6.76,13.24,0.87,-0.23,0.23,0.07,3.54,0.74,-1.11,0.23,-3.3,-1.84,0.23,-3.3,-1.84,0.0,0.0,105.3,62.5,38.9,13.2,-80.1,2.2,63.7,-156.0,16.1,29.9,-48.0,-6.4,52.4,-106.2,0.1,2.5,-1.6,9.1,-11.7,-19.7,-8.8,-20.0,16.2,11.9,-8.5,0.6,2,4
1026,20.52,-0.04,203.3,7.67,8.51,-0.07,-76.84,582.64,0.0,725.16,1027.0,6.77,13.25,0.87,-0.25,0.16,0.01,1.06,0.41,-1.59,0.35,-0.72,-1.78,0.35,-0.72,-1.78,0.0,62.6,89.8,8.9,37.0,16.5,-95.2,-1.0,61.9,-156.0,13.9,26.7,-48.0,-6.3,49.8,-105.6,-0.9,5.0,1.1,10.6,-6.4,-19.7,-19.6,-20.1,15.3,4.2,0.4,-2.2,2,4
1028,20.56,-0.04,203.69,7.67,8.52,-0.07,-76.91,583.78,0.0,726.63,1029.0,6.77,13.26,0.88,-0.25,0.12,-0.02,2.17,0.3,-1.79,0.02,-1.67,-2.29,0.02,-1.67,-2.29,0.0,0.0,65.4,0.0,32.0,22.4,-96.6,-8.8,58.9,-156.0,7.3,27.0,-48.0,-6.8,51.2,-106.0,-7.5,1.7,-0.3,14.8,-16.1,-1.3,-7.7,-11.8,22.8,-2.8,2.4,2.7,2,4
1030,20.6,-0.04,204.08,7.67,8.54,-0.07,-77.03,584.83,0.0,727.97,1031.0,6.78,13.27,0.88,-0.26,0.07,-0.0,-1.07,-0.59,-1.81,0.22,1.58,-1.48,0.22,1.58,-1.48,107.2,0.0,0.0,0.0,30.6,26.6,-95.1,-11.9,56.8,-156.0,4.4,30.9,-48.0,-12.1,46.8,-93.0,-12.5,4.5,3.5,13.8,-3.8,-18.8,2.9,-5.4,22.8,2.2,-6.2,2.9,2,4
1032,20.64,-0.04,204.48,7.67,8.56,-0.08,-77.2,585.97,0.0,729.35,1033.0,6.79,13.28,0.88,-0.22,0.03,-0.13,0.02,-0.65,-1.48,-0.32,0.56,-1.48,-0.32,0.56,-1.48,96.3,9.9,0.0,100.6,33.5,29.2,-92.9,-2.4,61.4,-156.0,7.6,31.0,-48.0,-11.7,42.3,-84.9,-10.5,12.1,3.3,-3.3,-2.4,-19.7,1.3,-5.3,22.1,11.6,-6.1,-0.2,2,4
1034,20.68,-0.04,204.87,7.67,8.57,-0.08,-77.24,587.11,0.0,730.87,1035.0,6.79,13.29,0.87,-0.21,-0.02,-0.33,0.39,-0.13,-1.02,-0.11,-0.09,-1.09,-0.11,-0.09,-1.09,22.6,0.0,91.5,85.7,35.1,30.9,-94.2,-4.0,61.4,-156.0,10.4,31.1,-48.0,-9.3,46.6,-88.4,-3.2,3.5,0.8,4.5,-1.1,-19.7,-9.8,-13.7,18.9,7.9,-10.1,-3.7,2,4
1036,20.72,-0.04,205.27,7.67,8.58,-0.08,-77.3,588.26,0.0,732.36,1037.0,6.8,13.3,0.87,-0.28,-0.04,-0.02,0.09,-0.59,-1.29,-0.28,0.43,-1.33,-0.28,0.43,-1.33,23.8,62.1,84.9,78.3,34.2,30.2,-93.4,-3.6,63.1,-156.0,10.5,29.2,-48.0,-8.5,49.3,-91.4,-2.1,2.2,3.5,6.3,-2.7,-19.7,-12.7,-19.0,11.7,7.8,-8.8,-4.9,2,4
1038,20.76,-0.04,205.66,7.67,8.6,-0.08,-77.36,589.4,0.0,733.84,1039.0,6.8,13.31,0.87,-0.29,-0.08,-0.03,1.29,-0.4,-1.32,-0.72,-0.64,-1.63,-0.72,-0.64,-1.63,7.4,60.9,84.1,53.7,33.9,25.9,-86.4,-6.0,61.7,-156.0,10.4,27.5,-48.0,-8.5,48.9,-92.2,-1.9,-1.0,0.1,8.6,-7.2,-19.7,-15.9,-20.2,11.7,4.7,-7.6,-7.3,2,4
1040,20.8,-0.04,206.05,7.67,8.61,-0.08,-77.39,590.53,0.0,735.36,1041.0,6.8,13.32,0.87,-0.31,-0.12,-0.03,0.56,-0.33,-1.16,-0.28,-0.12,-1.3,-0.28,-0.12,-1.3,0.0,62.2,81.5,56.0,32.5,21.9,-81.8,-8.3,60.7,-156.0,9.8,25.7,-48.0,-8.8,48.8,-93.1,-4.0,-2.2,0.3,14.4,-14.7,-15.7,-17.2,-20.2,21.5,3.0,-8.5,-6.6,2,4
1042,20.84,-0.04,206.44,7.67,8.63,-0.08,-77.44,591.67,0.0,736.85,1043.0,6.81,13.33,0.87,-0.32,-0.15,0.01,0.63,-0.34,-1.49,-0.21,-0.15,-1.63,-0.21,-0.15,-1.63,0.0,0.0,55.3,49.6,32.1,19.5,-77.7,-10.0,59.0,-156.0,9.8,24.6,-48.0,-9.2,47.7,-94.5,-5.6,4.6,2.5,10.5,-17.6,-0.5,-5.4,-5.2,22.8,-0.7,-10.1,-5.1,2,4
1044,20.88,-0.04,206.83,7.67,8.64,-0.08,-77.5,592.8,0.0,738.32,1045.0,6.81,13.35,0.87,-0.25,-0.2,-0.15,-0.75,-1.04,-1.45,0.18,1.34,-1.38,0.18,1.34,-1.38,138.9,0.0,0.0,70.0,33.8,24.0,-80.0,-10.9,57.3,-156.0,12.7,26.6,-48.0,-10.7,45.5,-91.9,-13.2,17.0,-4.0,4.6,2.9,-19.8,1.0,-1.2,22.4,7.7,-4.6,-3.9,2,4
1046,20.92,-0.04,207.23,7.67,8.65,-0.08,-77.62,593.94,0.0,739.75,1047.0,6.81,13.36,0.86,-0.19,-0.27,-0.23,0.27,-2.57,-1.55,-1.5,1.73,-1.95,-1.5,1.73,-1.95,171.9,32.2,0.0,110.0,32.8,41.6,-96.6,-7.7,65.7,-156.0,15.8,27.9,-48.0,-15.0,50.2,-89.4,-14.0,18.3,-2.7,-1.2,1.7,-19.7,-6.8,-1.3,21.0,11.6,-5.4,3.0,2,4
1048,20.96,-0.05,207.62,7.67,8.67,-0.08,-77.7,595.09,0.0,741.22,1049.0,6.81,13.37,0.86,-0.29,-0.28,0.02,0.57,-0.69,-1.5,-0.56,0.08,-1.66,-0.56,0.08,-1.66,0.0,0.0,101.2,69.9,31.8,54.3,-105.5,-8.0,67.2,-156.0,12.7,32.6,-48.0,-19.8,51.5,-88.6,-1.8,-4.7,-0.5,5.9,-2.9,-19.7,-13.7,-15.5,13.3,9.1,-4.1,-0.2,2,4
1050,21.0,-0.05,208.01,7.67,8.68,-0.08,-77.84,596.24,0.0,742.64,1051.0,6.82,13.39,0.86,-0.34,-0.37,0.05,-1.07,0.67,-1.25,1.5,-0.04,-0.96,1.5,-0.04,-0.96,0.0,8.4,88.9,113.3,34.2,44.2,-100.3,-6.0,66.7,-156.0,14.1,28.9,-48.0,-17.0,49.1,-86.1,-0.9,-5.2,5.2,8.4,-11.5,-19.7,-17.8,-20.3,15.6,7.9,-13.4,-6.7,2,4
1052,21.04,-0.05,208.4,7.67,8.69,-0.08,-77.93,597.38,0.0,744.09,1053.0,6.82,13.41,0.86,-0.37,-0.4,0.11,-0.55,0.85,-1.39,1.2,-0.47,-1.13,1.2,-0.47,-1.13,0.0,0.0,85.9,69.8,34.8,19.3,-79.1,-4.5,62.9,-156.0,16.4,25.5,-48.0,-13.2,42.9,-81.5,1.8,2.2,6.0,9.6,-16.6,-18.0,-18.6,-20.1,19.1,3.2,-10.6,-12.7,2,4
1054,21.08,-0.05,208.79,7.67,8.7,-0.08,-78.1,598.52,0.0,745.46,1055.0,6.82,13.44,0.87,-0.34,-0.42,0.18,0.69,0.55,-2.01,0.22,-0.88,-2.0,0.22,-0.88,-2.0,0.0,13.6,52.1,48.5,35.8,9.1,-52.8,-9.9,56.7,-152.4,13.4,24.0,-48.0,-15.3,39.2,-91.0,-1.9,6.1,5.2,11.1,-20.2,12.7,-11.1,-7.8,22.5,1.6,-7.1,-8.0,3,4
1056,21.12,-0.05,209.18,7.67,8.72,-0.08,-78.4,599.66,0.0,746.7,1057.0,6.83,13.46,0.88,-0.25,-0.48,0.06,-2.76,0.1,-2.67,3.21,1.01,-1.84,3.21,1.01,-1.84,168.8,0.0,0.0,0.0,41.9,21.1,-59.3,-15.9,43.4,-144.8,15.3,29.0,-48.0,-13.2,31.8,-108.5,-16.9,14.2,-6.7,7.1,-4.3,-19.7,6.2,1.7,22.8,5.9,1.4,1.2,1,4
1058,21.16,-0.05,209.57,7.67,8.73,-0.08,-78.62,600.81,0.0,748.05,1059.0,6.82,13.48,0.87,-0.02,-0.39,-0.21,1.05,-1.84,-1.68,-1.18,1.52,-1.9,-1.18,1.52,-1.9,76.4,0.0,0.0,170.4,45.1,43.6,-84.1,-15.1,43.7,-156.0,24.1,38.8,-48.0,-14.1,34.0,-109.2,-18.8,11.6,-7.0,1.3,3.1,-19.7,-5.8,-6.6,22.2,13.8,0.6,8.3,2,4
1060,21.2,-0.05,209.97,7.67,8.75,-0.08,-78.74,601.97,0.0,749.49,1061.0,6.82,13.49,0.86,-0.05,-0.38,-0.2,1.25,-0.27,-1.11,-1.03,-0.08,-1.34,-1.03,-0.08,-1.34,40.5,0.0,0.0,48.4,34.4,70.1,-113.6,-11.3,62.1,-156.0,17.2,31.6,-48.0,-27.0,39.2,-91.4,-9.5,2.0,4.9,2.6,0.8,-19.7,-7.0,-5.3,15.6,15.7,0.1,5.2,2,4
1062,21.24,-0.05,210.37,7.67,8.76,-0.08,-79.07,603.12,0.0,750.72,1063.0,6.82,13.51,0.86,-0.2,-0.49,0.22,0.96,0.34,-1.16,-0.58,-0.59,-1.3,-0.58,-0.59,-1.3,0.0,54.5,131.7,139.8,34.9,71.7,-118.0,-6.9,68.0,-156.0,14.5,29.1,-48.0,-22.4,44.6,-81.0,4.1,-9.0,5.3,4.5,-7.3,-19.7,-17.9,-17.8,2.3,3.8,-12.4,-10.3,2,4
1064,21.28,-0.05,210.76,7.67,8.77,-0.08,-79.2,604.26,0.0,752.13,1065.0,6.83,13.53,0.87,-0.22,-0.51,0.06,-0.96,0.99,-0.99,1.33,-0.88,-0.6,1.33,-0.88,-0.6,0.0,88.4,87.8,114.0,43.5,36.7,-89.1,-7.0,64.9,-156.0,15.6,24.6,-48.0,-18.7,42.8,-81.6,-4.9,-2.2,-0.7,11.3,-6.9,-19.7,-16.4,-20.4,15.7,10.0,-16.0,-10.7,2,4
1066,21.32,-0.05,211.16,7.67,8.78,-0.08,-79.34,605.39,0.0,753.54,1067.0,6.83,13.55,0.87,-0.2,-0.48,0.09,0.43,0.53,-1.52,0.11,-0.63,-1.53,0.11,-0.63,-1.53,0.0,13.1,79.7,58.2,37.7,12.6,-66.6,-6.3,60.8,-155.4,17.9,22.3,-48.0,-14.5,41.4,-86.4,-0.9,8.4,7.3,12.2,-19.9,4.1,-17.2,-16.6,22.3,0.2,-6.5,-14.0,2,4
1068,21.36,-0.05,211.55,7.67,8.8,-0.08,-79.57,606.53,0.0,754.86,1069.0,6.84,13.57,0.88,-0.14,-0.45,0.19,-2.2,-0.34,-2.81,2.96,0.36,-1.98,2.96,0.36,-1.98,127.8,0.0,0.0,0.0,38.2,18.9,-61.0,-14.7,49.8,-142.8,16.3,26.7,-48.0,-15.2,37.7,-107.5,-13.8,13.2,1.6,10.9,-17.7,2.9,6.3,6.9,22.8,1.9,1.6,0.3,1,4
1070,21.4,-0.05,211.95,7.67,8.82,-0.08,-79.84,607.67,0.0,756.14,1071.0,6.84,13.59,0.88,0.05,-0.4,-0.16,-1.58,-1.29,-2.33,2.25,1.35,-1.64,2.25,1.35,-1.64,76.2,0.0,0.0,74.3,45.6,37.4,-77.1,-20.7,30.2,-156.0,23.8,39.7,-48.0,-11.9,31.0,-112.6,-18.1,2.0,-14.2,9.1,10.3,-4.3,-3.6,-6.3,22.8,8.9,4.1,6.9,2,4
1072,21.44,-0.05,212.35,7.68,8.83,-0.08,-79.98,608.8,0.0,757.56,1073.0,6.84,13.6,0.87,0.07,-0.33,-0.19,-0.01,0.02,-1.01,0.28,0.08,-0.97,0.28,0.08,-0.97,71.4,0.0,0.0,89.4,45.6,49.9,-92.2,-19.3,34.5,-156.0,22.6,33.5,-48.0,-18.0,30.5,-102.6,-19.4,5.6,-0.7,4.7,9.0,-19.7,-5.8,-7.3,21.3,18.1,-2.3,9.7,2,4
1074,21.48,-0.05,212.74,7.69,8.84,-0.08,-80.15,609.94,0.0,758.94,1075.0,6.84,13.62,0.87,0.1,-0.31,-0.19,0.84,1.52,-0.58,-0.84,-1.33,-0.94,-0.84,-1.33,-0.94,0.0,0.0,112.4,46.0,40.1,63.5,-108.4,-12.9,54.7,-156.0,15.7,30.8,-48.0,-24.0,32.4,-88.8,1.1,-15.6,5.2,4.1,-2.0,-19.7,-10.2,-18.3,2.8,13.0,1.2,-2.9,2,4
1076,21.52,-0.05,213.13,7.69,8.86,-0.08,-80.32,611.07,0.0,760.31,1077.0,6.84,13.63,0.87,-0.01,-0.4,0.19,1.84,0.09,-0.74,-1.46,0.25,-1.31,-1.46,0.25,-1.31,0.0,118.7,61.5,110.6,39.3,47.0,-99.7,-5.5,63.6,-156.0,14.4,26.5,-48.0,-21.9,36.8,-89.9,-0.5,4.3,3.9,7.3,0.9,-19.7,-15.9,-20.1,3.4,14.1,-8.8,-8.3,2,4
1078,21.56,-0.05,213.53,7.69,8.87,-0.08,-80.45,612.21,0.0,761.73,1079.0,6.84,13.65,0.87,0.07,-0.37,0.02,1.14,-0.14,-0.47,-0.86,0.36,-0.82,-0.86,0.36,-0.82,64.8,79.4,27.3,28.0,37.4,36.2,-90.5,-1.2,63.8,-156.0,17.9,23.6,-48.0,-15.6,43.5,-100.2,-7.4,5.7,0.1,8.1,-3.9,-19.4,-16.1,-18.1,18.7,7.3,1.8,-5.2,2,4
1080,21.6,-0.05,213.92,7.7,8.89,-0.08,-80.55,613.35,0.0,763.19,1081.0,6.84,13.66,0.87,0.11,-0.33,0.08,2.12,-0.56,-1.25,-1.39,0.89,-1.9,-1.39,0.89,-1.9,75.5,159.5,31.4,23.7,32.7,33.7,-88.2,-7.2,63.1,-155.3,15.4,23.7,-48.0,-14.5,50.3,-109.1,-8.0,6.0,0.3,12.4,-20.5,19.1,-8.9,4.7,22.8,0.9,0.4,3.2,2,4
1082,21.64,-0.05,214.32,7.71,8.9,-0.08,-80.78,614.49,0.0,764.52,1083.0,6.84,13.68,0.88,0.13,-0.32,0.15,-2.87,-1.71,-1.95,3.68,0.6,-1.04,3.68,0.6,-1.04,68.8,0.0,0.0,70.3,33.2,37.0,-91.1,-17.9,49.5,-141.0,13.8,36.5,-48.0,-15.4,48.2,-97.5,-16.7,2.5,-0.1,11.2,-18.2,-16.7,3.4,-2.1,22.8,2.6,-7.6,-0.5,1,4
1084,21.68,-0.05,214.72,7.72,8.92,-0.08,-81.04,615.63,0.0,765.82,1085.0,6.83,13.69,0.88,0.16,-0.3,0.08,-3.21,-1.3,-1.23,3.67,0.09,-0.25,3.67,0.09,-0.25,52.0,0.0,0.0,45.9,38.1,35.5,-97.2,-17.8,32.3,-156.0,16.7,39.3,-48.0,-14.5,38.0,-89.9,-16.4,2.4,0.0,6.1,8.2,-19.7,-1.8,-9.0,21.7,11.9,-2.8,2.3,2,4
1086,21.72,-0.05,215.11,7.74,8.93,-0.08,-81.19,616.76,0.0,767.23,1087.0,6.83,13.7,0.88,0.29,-0.25,-0.0,1.61,-0.63,-0.7,-1.05,1.31,-0.81,-1.05,1.31,-0.81,19.4,0.0,70.1,108.6,35.6,36.4,-102.5,-12.2,45.5,-156.0,17.5,36.5,-48.0,-12.7,41.0,-88.5,-16.6,10.0,7.0,4.6,2.3,-19.7,-5.5,-18.3,15.7,15.6,-8.2,-3.2,2,4
1088,21.76,-0.05,215.51,7.76,8.95,-0.08,-81.31,617.9,0.0,768.69,1089.0,6.83,13.72,0.88,0.19,-0.22,-0.17,1.88,1.4,-0.81,-2.06,-0.42,-1.32,-2.06,-0.42,-1.32,0.0,0.0,59.9,37.7,31.1,35.7,-102.8,-1.6,59.8,-156.0,14.9,36.7,-48.0,-16.3,44.2,-91.6,5.2,0.0,0.6,-0.8,-2.3,-19.7,-12.4,-19.4,4.2,11.1,-4.4,-2.3,2,4
1090,21.8,-0.05,215.9,7.78,8.96,-0.08,-81.43,619.04,0.0,770.14,1091.0,6.83,13.73,0.87,0.21,-0.19,-0.15,2.93,1.91,-0.79,-3.11,-0.44,-1.73,-3.11,-0.44,-1.73,0.0,122.7,135.7,62.9,37.6,32.5,-97.0,-0.9,64.7,-156.0,16.1,27.1,-48.0,-14.5,44.1,-97.7,-3.5,-4.3,-0.2,8.0,-5.4,-19.7,-15.4,-19.2,7.4,9.0,-3.3,-2.8,2,4
1092,21.84,-0.05,216.3,7.79,8.98,-0.08,-81.5,620.19,0.0,771.63,1093.0,6.82,13.74,0.87,0.16,-0.18,0.24,1.75,-0.33,-1.18,-0.98,0.99,-1.63,-0.98,0.99,-1.63,34.4,20.1,51.7,4.8,32.6,28.8,-91.3,-0.9,65.0,-156.0,14.4,25.5,-48.0,-13.5,47.6,-101.6,-5.1,1.4,-1.8,9.8,-14.6,-13.9,-16.0,-15.1,19.1,4.2,2.0,-1.7,2,4
1094,21.88,-0.05,216.7,7.81,9.0,-0.08,-81.62,621.34,0.0,773.09,1095.0,6.82,13.75,0.88,0.2,-0.11,0.3,0.49,-0.95,-1.75,0.51,0.75,-1.84,0.51,0.75,-1.84,88.4,99.1,0.0,0.0,27.2,28.9,-89.8,-12.5,57.7,-148.9,9.8,29.1,-48.0,-13.5,52.1,-100.8,-10.6,6.8,1.1,14.0,-18.7,14.9,-1.1,5.3,22.8,-2.1,-2.0,4.9,1,4
1096,21.92,-0.05,217.09,7.82,9.01,-0.08,-81.81,622.49,0.0,774.49,1097.0,6.81,13.76,0.89,0.25,-0.12,0.21,-2.75,-1.6,-1.72,3.42,-0.55,-1.04,3.42,-0.55,-1.04,50.2,0.0,0.0,0.0,26.6,29.0,-89.3,-19.4,43.8,-156.0,7.8,40.3,-48.0,-14.4,46.2,-77.9,-15.3,1.8,0.4,17.1,-1.5,-10.6,0.2,-5.3,22.8,1.8,-3.0,4.5,2,4
1098,21.96,-0.05,217.49,7.85,9.03,-0.08,-82.07,623.64,0.0,775.81,1099.0,6.8,13.77,0.9,0.3,-0.11,0.05,-0.66,-0.9,-1.21,1.31,0.3,-0.95,1.31,0.3,-0.95,49.0,0.0,29.0,45.8,30.6,27.1,-83.7,-6.5,48.3,-156.0,11.3,40.6,-48.0,-7.5,46.3,-73.3,-10.7,6.4,8.0,-6.4,2.1,-19.7,-3.0,-16.4,20.1,16.1,-11.9,-11.8,2,4
1100,22.0,-0.05,217.89,7.87,9.05,-0.08,-82.22,624.8,0.0,777.25,1101.0,6.8,13.78,0.89,0.23,-0.05,-0.2,1.41,1.0,-0.83,-1.53,0.22,-1.13,-1.53,0.22,-1.13,0.0,0.0,51.5,61.0,31.4,21.7,-74.2,-7.9,55.9,-156.0,13.9,38.8,-48.0,-5.0,53.8,-84.8,-8.1,5.5,-4.6,7.0,-3.4,-19.7,-5.6,-19.6,13.8,10.1,-15.4,-9.5,2,4
1102,22.04,-0.05,218.29,7.89,9.07,-0.08,-82.34,625.94,0.0,778.72,1103.0,6.79,13.78,0.88,0.25,0.03,-0.41,0.42,3.43,-0.37,-2.56,-2.23,-0.76,-2.56,-2.23,-0.76,0.0,0.0,69.6,93.3,37.3,13.0,-87.8,-4.3,57.8,-156.0,16.8,28.5,-48.0,-0.9,52.7,-96.1,-4.8,10.6,1.6,8.1,-3.8,-19.7,-15.5,-18.7,9.8,5.9,-10.1,-2.8,2,4
1104,22.08,-0.05,218.68,7.9,9.08,-0.08,-82.48,627.09,0.0,780.15,1105.0,6.79,13.79,0.88,0.18,0.03,0.33,1.68,-0.7,-1.46,-0.27,1.37,-1.87,-0.27,1.37,-1.87,0.0,48.4,72.0,40.1,33.6,17.4,-93.4,-5.2,61.3,-156.0,12.7,24.2,-48.0,-2.2,52.4,-96.8,-4.5,2.9,-1.0,10.5,-5.9,-19.7,-13.5,-20.4,13.3,6.9,-4.8,-3.9,2,4
1106,22.12,-0.05,219.08,7.92,9.1,-0.08,-82.55,628.24,0.0,781.66,1107.0,6.78,13.79,0.88,0.17,0.07,0.15,2.17,0.1,-1.42,-1.17,1.21,-1.97,-1.17,1.21,-1.97,0.0,37.1,78.3,0.0,28.4,22.3,-102.8,-5.9,60.7,-156.0,9.8,24.8,-48.0,-2.6,54.9,-100.6,-6.7,5.6,0.8,15.5,-14.9,-11.3,-14.2,-15.8,21.6,-3.3,3.2,-1.6,2,4
1108,22.16,-0.05,219.48,7.93,9.12,-0.08,-82.7,629.38,0.0,783.08,1109.0,6.77,13.8,0.89,0.18,0.09,0.08,-0.11,0.07,-2.0,0.23,-0.67,-1.87,0.23,-0.67,-1.87,58.5,0.0,0.0,0.0,23.7,29.4,-102.0,-8.1,60.7,-156.0,5.5,29.1,-48.0,-11.1,53.4,-97.2,-11.0,1.4,0.8,16.0,-16.1,-6.7,0.0,0.6,22.8,-1.5,-6.7,4.9,2,4
1110,22.2,-0.05,219.88,7.95,9.13,-0.08,-82.9,630.53,0.0,784.46,1111.0,6.77,13.8,0.89,0.21,0.07,0.07,-1.15,-0.85,-1.42,1.48,-0.85,-1.07,1.48,-0.85,-1.07,93.1,61.2,0.0,119.9,27.6,30.2,-96.5,1.4,63.7,-156.0,4.7,34.0,-48.0,-16.0,39.9,-79.0,-12.7,6.9,8.1,6.0,-2.5,-19.7,2.1,-4.6,22.2,7.9,-4.0,1.3,2,4
1112,22.24,-0.05,220.28,7.96,9.15,-0.08,-82.99,631.68,0.0,785.95,1113.0,6.76,13.81,0.89,0.19,0.07,-0.12,-0.19,-0.07,-1.18,0.3,-0.38,-1.1,0.3,-0.38,-1.1,93.6,0.0,91.6,95.4,32.0,28.4,-86.0,0.6,62.9,-156.0,7.4,35.3,-48.0,-13.1,43.7,-83.0,-10.9,3.4,7.6,-0.7,-0.0,-19.7,-3.9,-16.4,19.9,15.5,-10.7,-8.7,2,4
1114,22.28,-0.05,220.67,7.98,9.17,-0.08,-83.11,632.83,0.0,787.41,1115.0,6.75,13.81,0.88,0.19,0.11,-0.29,1.08,1.79,-0.73,-1.97,-0.03,-1.02,-1.97,-0.03,-1.02,0.0,0.0,104.5,81.8,36.8,17.5,-80.5,-3.5,61.2,-156.0,11.5,28.2,-48.0,-8.0,47.2,-98.1,-2.5,6.9,-2.8,4.6,-3.3,-19.7,-9.7,-18.4,10.4,8.4,-8.1,-3.9,2,4
1116,22.32,-0.05,221.07,7.99,9.18,-0.08,-83.21,633.98,0.0,788.87,1117.0,6.75,13.82,0.87,0.17,0.1,0.17,0.5,-0.35,-1.38,0.26,0.16,-1.48,0.26,0.16,-1.48,0.0,58.7,86.0,87.8,34.2,20.9,-86.2,-3.3,62.3,-156.0,10.9,26.9,-48.0,-7.8,50.0,-101.8,-1.8,2.9,-0.1,6.0,-0.7,-19.7,-12.0,-20.1,8.0,7.1,-8.8,-4.8,2,4
1118,22.36,-0.05,221.47,8.0,9.2,-0.08,-83.27,635.11,0.0,790.38,1119.0,6.74,13.82,0.88,0.17,0.12,0.01,1.28,0.52,-1.26,-0.84,0.57,-1.58,-0.84,0.57,-1.58,52.7,74.4,87.0,0.0,32.6,26.2,-91.6,-5.4,61.6,-156.0,10.6,25.4,-48.0,-6.2,52.0,-106.0,-4.7,3.2,-1.6,10.9,-6.3,-14.6,-16.6,-18.1,15.3,2.7,1.5,-2.0,2,4
1120,22.4,-0.05,221.86,8.02,9.21,-0.08,-83.37,636.24,0.0,791.84,1121.0,6.73,13.83,0.88,0.17,0.14,0.1,1.81,-0.32,-1.62,-0.19,1.15,-2.16,-0.19,1.15,-2.16,111.1,106.9,36.3,0.0,28.9,28.9,-94.8,-11.9,60.0,-155.9,6.1,26.3,-48.0,-5.7,56.2,-105.2,-10.6,5.7,-2.4,15.4,-18.7,10.8,-5.2,-0.2,22.8,-5.5,1.8,4.3,2,4
1122,22.44,-0.05,222.26,8.03,9.23,-0.08,-83.61,637.37,0.0,793.16,1123.0,6.73,13.83,0.88,0.19,0.13,0.09,-2.41,-1.09,-1.92,1.53,-2.65,-1.16,1.53,-2.65,-1.16,133.4,0.0,0.0,0.0,28.7,33.0,-96.4,-18.3,53.0,-151.5,4.5,35.7,-48.0,-11.4,51.3,-83.9,-15.7,2.3,1.6,15.2,-13.4,-18.4,2.2,-3.8,22.8,1.9,-5.6,2.8,2,4
1124,22.48,-0.05,222.66,8.05,9.24,-0.08,-83.82,638.52,0.0,794.52,1125.0,6.72,13.84,0.88,0.19,0.09,0.02,-2.5,-1.05,-1.35,1.49,-2.56,-0.61,1.49,-2.56,-0.61,102.5,0.0,0.0,99.9,34.4,32.8,-93.4,-11.7,51.4,-156.0,10.0,35.3,-48.0,-6.7,45.2,-75.4,-11.3,2.8,4.8,1.0,0.3,-19.7,-0.1,-6.3,21.5,10.6,-8.3,-10.6,2,4
1126,22.52,-0.05,223.05,8.06,9.26,-0.08,-83.9,639.67,0.0,796.01,1127.0,6.72,13.85,0.87,0.14,0.12,-0.16,2.03,1.13,-0.81,-1.23,1.63,-1.37,-1.23,1.63,-1.37,0.0,0.0,83.4,112.0,38.1,24.4,-83.6,-8.5,55.1,-156.0,15.0,31.2,-48.0,-1.1,52.1,-89.0,-8.5,8.5,-1.2,5.1,-2.8,-19.7,-8.7,-15.7,16.3,8.3,-15.4,-7.0,2,4
1128,22.56,-0.05,223.45,8.08,9.27,-0.08,-84.02,640.82,0.0,797.46,1129.0,6.71,13.85,0.87,0.18,0.15,0.07,1.5,0.26,-0.85,-0.35,1.17,-1.24,-0.35,1.17,-1.24,0.0,0.0,86.8,84.8,34.4,19.6,-83.6,-7.2,60.6,-156.0,13.7,26.3,-48.0,-1.0,55.8,-96.4,0.5,8.2,-0.4,5.8,-3.4,-19.7,-13.7,-18.9,7.8,4.8,-11.6,-3.2,2,4
1130,22.6,-0.05,223.85,8.09,9.29,-0.08,-84.09,641.96,0.0,798.96,1131.0,6.7,13.86,0.87,0.15,0.16,0.12,0.62,0.58,-1.41,-0.65,0.15,-1.51,-0.65,0.15,-1.51,2.8,67.2,88.2,47.3,32.0,25.2,-87.0,-8.5,61.0,-156.0,12.6,23.9,-48.0,-1.2,55.2,-96.5,-3.3,-2.3,-2.2,10.4,-5.8,-19.7,-14.2,-20.0,12.1,3.9,-6.6,-5.8,2,4
1132,22.64,-0.05,224.24,8.1,9.3,-0.08,-84.15,643.09,0.0,800.46,1133.0,6.7,13.87,0.88,0.15,0.17,0.09,0.95,0.35,-1.37,-0.42,0.46,-1.59,-0.42,0.46,-1.59,0.0,74.1,87.7,15.6,29.8,25.1,-94.9,-10.5,59.9,-156.0,11.4,22.4,-48.0,-0.0,55.5,-98.8,-6.2,1.8,-1.6,16.0,-11.7,-17.2,-16.5,-18.7,21.2,-1.1,-2.5,-2.1,2,4
1134,22.68,-0.05,224.64,8.11,9.32,-0.08,-84.24,644.22,0.0,801.92,1135.0,6.69,13.87,0.88,0.15,0.19,0.07,1.3,-0.08,-1.68,-0.03,0.64,-2.03,-0.03,0.64,-2.03,0.0,24.1,47.3,0.9,25.8,27.3,-99.5,-13.4,59.3,-156.0,8.5,23.3,-48.0,-6.2,53.3,-98.7,-9.3,2.7,0.4,19.0,-11.4,-11.3,-6.2,-1.7,22.8,-5.9,-4.2,3.7,2,4
1136,22.72,-0.05,225.04,8.13,9.33,-0.08,-84.36,645.35,0.0,803.35,1137.0,6.69,13.88,0.88,0.21,0.17,0.08,-1.62,-1.3,-1.64,0.81,-2.27,-1.09,0.81,-2.27,-1.09,110.5,66.5,0.0,45.8,28.1,28.6,-94.7,-5.1,62.4,-156.0,9.8,29.1,-48.0,-15.9,41.8,-82.1,-13.8,7.7,2.3,10.5,-3.0,-19.8,-1.5,-3.1,22.6,6.3,-1.8,2.4,2,4
1138,22.76,-0.05,225.43,8.14,9.35,-0.08,-84.52,646.5,0.0,804.77,1139.0,6.68,13.89,0.88,0.22,0.15,-0.07,0.93,-0.99,-1.55,1.05,0.22,-1.76,1.05,0.22,-1.76,70.6,0.0,87.7,112.9,31.8,29.3,-81.0,3.3,65.8,-156.0,10.4,34.3,-48.0,-15.2,45.1,-82.5,-10.1,0.8,10.4,-6.6,-1.9,-19.7,-1.5,-14.4,20.4,16.0,-11.3,-7.9,2,4
1140,22.8,-0.05,225.83,8.16,9.36,-0.08,-84.67,647.64,0.0,806.19,1141.0,6.68,13.9,0.87,0.15,0.18,-0.32,-0.11,2.02,-0.81,-2.04,0.28,-0.71,-2.04,0.28,-0.71,0.0,0.0,103.2,107.9,37.2,20.3,-70.5,-4.4,63.4,-156.0,14.1,29.5,-48.0,-10.9,48.7,-100.2,-3.7,4.0,-7.7,6.4,-3.2,-19.7,-9.6,-19.0,10.7,10.5,-10.5,-5.1,2,4
1142,22.84,-0.05,226.22,8.17,9.38,-0.08,-84.76,648.78,0.0,807.66,1143.0,6.67,13.91,0.87,0.13,0.19,0.23,0.67,-0.41,-1.31,0.4,0.08,-1.47,0.4,0.08,-1.47,0.0,63.2,86.1,86.4,34.7,20.4,-80.0,-3.6,63.0,-156.0,13.9,26.9,-48.0,-9.8,51.1,-103.6,-2.0,5.8,-0.5,6.1,-1.8,-19.7,-12.6,-20.3,8.7,9.0,-9.0,-5.7,2,4
1144,22.88,-0.05,226.61,8.18,9.39,-0.08,-84.81,649.92,0.0,809.16,1145.0,6.67,13.92,0.87,0.17,0.19,0.01,1.28,0.48,-1.22,-0.21,0.97,-1.55,-0.21,0.97,-1.55,33.8,83.4,86.2,7.2,32.0,28.0,-90.7,-5.2,62.6,-156.0,12.8,25.6,-48.0,-8.8,53.2,-108.2,-3.7,4.1,-3.2,10.5,-4.4,-14.6,-16.9,-18.3,14.2,3.9,0.9,-2.5,2,4
1146,22.92,-0.05,227.01,8.2,9.41,-0.08,-84.93,651.04,0.0,810.59,1147.0,6.66,13.93,0.87,0.18,0.19,0.09,0.97,-0.15,-1.71,0.09,0.29,-1.95,0.09,0.29,-1.95,119.7,134.5,35.0,0.0,28.7,32.7,-96.4,-13.4,60.7,-155.2,7.7,26.9,-48.0,-7.6,57.9,-107.3,-12.3,5.7,-3.6,14.3,-19.4,17.7,-7.3,0.8,22.8,-4.3,3.6,5.8,2,4
1148,22.96,-0.05,227.4,8.21,9.42,-0.08,-85.18,652.17,0.0,811.9,1149.0,6.66,13.94,0.87,0.18,0.21,0.15,-2.81,-1.61,-1.9,-0.39,-3.6,-1.0,-0.39,-3.6,-1.0,144.6,0.0,0.0,0.0,27.2,37.9,-100.5,-24.7,48.5,-140.3,4.5,37.4,-48.0,-11.6,57.9,-77.8,-16.1,-2.7,3.4,18.1,-8.9,-18.7,0.9,-3.3,22.8,-0.7,-8.4,4.1,1,4
1150,23.0,-0.05,227.8,8.23,9.44,-0.08,-85.52,653.31,0.0,813.12,1151.0,6.66,13.95,0.88,0.19,0.14,0.2,-4.43,-2.37,-1.15,-0.44,-5.13,0.24,-0.44,-5.13,0.24,43.4,0.0,0.0,0.0,35.9,32.6,-92.1,-9.5,48.3,-156.0,11.0,40.6,-48.0,-4.8,47.3,-65.5,-13.2,1.9,12.2,3.6,-0.5,-19.7,1.2,-8.8,22.1,10.6,-5.2,-13.7,2,4
1152,23.04,-0.05,228.19,8.24,9.45,-0.08,-85.7,654.45,0.0,814.51,1153.0,6.66,13.96,0.88,0.09,0.17,0.02,1.21,0.3,-0.39,0.45,1.04,-0.66,0.45,1.04,-0.66,0.0,0.0,57.3,51.7,40.3,19.1,-61.9,-3.5,55.3,-156.0,19.8,38.5,-48.0,5.0,56.4,-84.0,-5.7,3.9,-3.0,1.2,-1.5,-19.7,-9.2,-17.7,19.9,10.6,-16.2,-10.5,2,4
1154,23.08,-0.05,228.59,8.25,9.47,-0.08,-85.95,655.59,0.0,815.82,1155.0,6.65,13.96,0.88,0.24,0.28,-0.09,5.51,1.03,-0.25,2.26,4.81,-1.79,2.26,4.81,-1.79,0.0,0.0,83.9,121.7,42.3,4.4,-64.8,-3.8,56.6,-156.0,22.3,27.0,-48.0,10.2,57.3,-101.7,-0.6,8.6,-3.8,3.2,-2.8,-19.7,-10.6,-18.3,11.8,3.5,-10.4,-4.2,2,4
1156,23.12,-0.05,228.99,8.26,9.48,-0.08,-86.05,656.74,0.0,817.29,1157.0,6.65,13.98,0.87,0.14,0.3,0.08,2.42,0.21,-1.06,0.99,1.76,-1.71,0.99,1.76,-1.71,0.0,76.9,67.0,85.4,37.0,10.7,-84.9,-5.1,62.0,-156.0,16.0,23.5,-48.0,7.4,59.9,-105.1,-2.6,1.6,-1.4,8.4,-9.8,-19.7,-14.8,-19.5,10.9,1.9,-9.8,-1.6,2,4
1158,23.16,-0.05,229.38,8.27,9.5,-0.08,-86.11,657.87,0.0,818.78,1159.0,6.64,13.99,0.88,0.09,0.33,0.07,1.44,-0.08,-1.4,0.55,0.76,-1.78,0.55,0.76,-1.78,0.0,60.7,118.2,0.0,28.9,27.5,-98.4,-9.1,61.2,-156.0,12.0,22.7,-48.0,5.2,60.0,-105.8,-1.2,-0.6,-0.6,13.9,-13.2,-11.9,-17.5,-15.4,21.2,-1.6,0.2,0.2,2,4
1160,23.2,-0.05,229.78,8.27,9.52,-0.08,-86.25,659.0,0.0,820.18,1161.0,6.63,14.0,0.88,0.06,0.35,0.06,0.68,-0.96,-1.71,0.56,-0.43,-1.95,0.56,-0.43,-1.95,98.0,89.1,0.0,0.0,24.0,32.5,-100.8,-17.9,57.9,-153.2,6.0,26.0,-48.0,-4.3,59.7,-99.2,-12.4,0.6,-0.2,15.2,-19.7,12.9,-0.0,8.6,22.8,-4.3,-3.5,5.2,2,4
1162,23.24,-0.05,230.18,8.28,9.53,-0.08,-86.49,660.14,0.0,821.51,1163.0,6.63,14.01,0.89,0.05,0.32,0.19,-4.45,-1.86,-1.26,-2.26,-4.43,-0.18,-2.26,-4.43,-0.18,44.8,0.0,0.0,0.0,26.4,33.1,-98.8,-17.7,51.4,-156.0,7.9,38.4,-48.0,-12.6,48.3,-75.4,-12.1,2.6,6.0,15.9,0.1,-18.5,-1.2,-8.8,22.8,4.8,-2.5,2.7,2,4
1164,23.28,-0.05,230.58,8.28,9.55,-0.08,-86.72,661.3,0.0,822.86,1165.0,6.62,14.02,0.89,0.05,0.27,0.03,-1.05,-1.19,-1.02,-0.11,-1.74,-0.72,-0.11,-1.74,-0.72,39.2,0.0,36.5,42.8,33.6,27.7,-83.0,0.4,57.7,-156.0,13.3,36.8,-48.0,-4.3,49.4,-79.2,-7.7,3.9,12.6,-6.7,2.0,-19.7,-3.0,-15.2,21.6,15.0,-14.5,-7.7,2,4
1166,23.32,-0.05,230.98,8.28,9.57,-0.09,-86.86,662.45,0.0,824.28,1167.0,6.61,14.03,0.88,-0.05,0.33,-0.25,0.09,1.66,-0.52,-1.01,1.25,-0.69,-1.01,1.25,-0.69,0.0,0.0,96.0,98.2,40.2,16.9,-66.5,-1.9,58.9,-156.0,18.8,32.0,-48.0,2.4,54.1,-97.0,-3.5,2.4,-6.6,6.5,-2.1,-19.7,-7.2,-19.0,17.4,6.8,-9.4,-5.9,2,4
1168,23.36,-0.05,231.37,8.28,9.58,-0.09,-87.01,663.6,0.0,825.69,1169.0,6.6,14.04,0.88,-0.04,0.32,0.12,4.34,-0.21,-0.68,3.37,2.23,-1.75,3.37,2.23,-1.75,0.0,61.0,88.1,119.1,37.8,12.4,-79.8,0.3,61.8,-156.0,15.5,23.8,-48.0,2.0,53.1,-104.7,0.9,6.9,-1.2,8.6,-9.9,-19.7,-11.8,-19.3,13.2,7.2,-10.1,1.0,2,4
1170,23.4,-0.05,231.77,8.28,9.6,-0.09,-87.09,664.75,0.0,827.18,1171.0,6.59,14.05,0.88,-0.1,0.31,0.08,0.22,0.63,-1.19,-0.45,0.49,-1.19,-0.45,0.49,-1.19,0.0,58.8,95.4,13.3,34.4,16.4,-88.0,-4.1,58.9,-156.0,12.7,22.3,-48.0,-0.3,50.5,-102.3,-4.1,3.9,-0.8,10.9,-5.7,-19.7,-17.5,-20.2,14.9,4.6,-0.2,-2.5,2,4
1172,23.44,-0.05,232.16,8.28,9.62,-0.09,-87.11,665.89,0.0,828.71,1173.0,6.59,14.05,0.89,-0.1,0.3,-0.0,0.94,0.45,-1.18,0.22,0.73,-1.38,0.22,0.73,-1.38,0.0,42.6,83.5,0.0,31.5,18.3,-97.0,-9.2,56.1,-156.0,8.7,21.5,-48.0,-1.3,49.1,-103.1,-9.3,5.2,-1.3,16.9,-10.4,-16.2,-12.6,-18.0,21.9,-2.2,2.3,-0.4,2,4
1174,23.48,-0.05,232.56,8.28,9.63,-0.09,-87.24,667.03,0.0,830.13,1175.0,6.58,14.06,0.89,-0.1,0.27,-0.05,-0.29,-0.79,-1.3,-0.26,-0.94,-1.21,-0.26,-0.94,-1.21,0.0,89.5,30.5,0.0,28.8,21.3,-102.1,-10.1,56.8,-156.0,6.7,22.5,-48.0,-10.7,48.2,-97.7,-11.2,7.0,5.1,19.7,-1.1,-18.9,-3.4,1.4,22.8,-2.9,-4.4,4.2,2,4
1176,23.52,-0.05,232.96,8.28,9.65,-0.09,-87.42,668.19,0.0,831.52,1177.0,6.57,14.07,0.89,0.03,0.27,-0.08,-0.48,-2.66,-1.7,0.34,-2.78,-1.54,0.34,-2.78,-1.54,143.6,46.0,12.2,0.0,33.4,30.1,-91.7,7.4,71.8,-156.0,10.4,31.0,-48.0,-16.5,39.3,-85.7,-14.9,16.5,5.9,-4.2,1.4,-19.7,-0.1,-6.3,21.5,12.5,0.0,-6.0,2,4
1178,23.56,-0.05,233.36,8.28,9.67,-0.09,-87.58,669.36,0.0,832.95,1179.0,6.57,14.08,0.88,-0.06,0.24,-0.35,-1.27,-1.49,-1.18,-0.77,-1.92,-0.97,-0.77,-1.92,-0.97,6.7,0.0,57.8,44.7,36.0,40.3,-83.1,-0.7,78.2,-156.0,9.4,41.8,-48.0,-17.6,47.6,-89.2,-5.0,-2.6,-0.6,2.3,-5.1,-19.7,-8.8,-17.1,18.9,13.4,-8.0,-5.9,2,4
1180,23.6,-0.05,233.75,8.28,9.68,-0.09,-87.78,670.53,0.0,834.33,1181.0,6.55,14.09,0.86,-0.19,0.31,-0.16,4.57,0.69,-0.54,3.97,2.08,-1.23,3.97,2.08,-1.23,16.4,0.0,88.4,166.0,40.6,34.8,-82.5,-1.6,68.4,-156.0,14.2,40.0,-48.0,-12.4,52.0,-100.9,-3.5,4.5,-3.1,8.9,-3.5,-19.7,-14.9,-20.4,15.1,11.6,-4.5,3.5,2,4
1182,23.64,-0.05,234.15,8.28,9.69,-0.09,-87.93,671.7,0.0,835.75,1183.0,6.54,14.09,0.86,-0.24,0.27,0.18,-0.48,1.04,-0.94,-0.94,0.77,-0.85,-0.94,0.77,-0.85,0.0,60.1,0.0,92.7,36.8,31.6,-91.9,6.1,68.9,-156.0,12.7,34.4,-48.0,-11.1,52.3,-101.6,-4.4,-0.5,-1.1,7.3,-6.9,-19.7,-15.4,-21.4,14.9,9.8,-8.9,-3.8,2,4
1184,23.68,-0.05,234.55,8.28,9.71,-0.09,-88.0,672.85,0.0,837.26,1185.0,6.53,14.1,0.87,-0.25,0.25,0.1,0.27,1.0,-0.98,-0.25,0.93,-1.05,-0.25,0.93,-1.05,0.0,43.1,0.6,17.1,37.1,29.0,-97.5,4.3,65.1,-156.0,11.9,30.2,-48.0,-9.3,46.9,-98.7,-5.5,-1.9,1.7,12.9,-10.2,-19.7,-18.1,-21.1,17.9,3.4,-1.7,-6.1,2,4
1186,23.72,-0.05,234.95,8.28,9.72,-0.09,-88.06,674.0,0.0,838.76,1187.0,6.52,14.11,0.88,-0.24,0.24,0.06,0.75,0.45,-1.13,0.3,0.53,-1.3,0.3,0.53,-1.3,28.3,41.6,15.9,0.0,33.9,28.5,-99.7,-0.3,62.6,-156.0,7.5,28.2,-48.0,-9.5,46.6,-103.9,-7.4,1.8,0.2,16.9,-9.6,-15.0,-8.1,-15.4,22.4,-6.0,-3.1,0.7,2,4
1188,23.76,-0.05,235.34,8.28,9.74,-0.09,-88.17,675.15,0.0,840.22,1189.0,6.51,14.11,0.88,-0.19,0.22,-0.03,-0.72,-1.31,-1.24,-0.74,-1.51,-0.98,-0.74,-1.51,-0.98,112.6,72.0,0.0,0.0,35.0,28.8,-96.5,5.7,65.4,-156.0,9.9,30.7,-48.0,-17.4,37.3,-94.1,-12.3,11.7,1.1,5.5,6.0,-19.8,-0.0,-3.0,22.8,8.1,-2.5,3.0,2,4
1190,23.8,-0.05,235.74,8.28,9.76,-0.09,-88.33,676.31,0.0,841.63,1191.0,6.5,14.12,0.88,-0.1,0.23,-0.19,0.51,-1.6,-1.35,0.48,-1.61,-1.34,0.48,-1.61,-1.34,67.8,3.2,25.7,89.2,35.6,37.7,-94.8,5.5,76.8,-156.0,12.2,35.7,-48.0,-19.4,37.8,-89.4,-14.3,14.0,6.4,-4.7,0.1,-19.7,-2.5,-8.1,21.0,15.5,-1.3,-0.2,2,4
1192,23.84,-0.05,236.14,8.28,9.77,-0.09,-88.42,677.48,0.0,843.11,1193.0,6.5,14.13,0.87,-0.18,0.22,-0.4,-0.85,-0.3,-0.98,-0.94,-0.44,-0.84,-0.94,-0.44,-0.84,0.0,0.0,58.0,105.9,38.0,43.1,-92.6,-6.1,77.0,-156.0,13.1,40.8,-48.0,-18.7,46.9,-96.6,-0.4,-2.2,-1.6,3.6,-3.3,-19.7,-10.7,-17.4,14.4,13.0,-5.9,-0.3,2,4
1194,23.88,-0.05,236.54,8.28,9.78,-0.09,-88.58,678.64,0.0,844.53,1195.0,6.48,14.14,0.86,-0.29,0.27,-0.03,1.0,0.81,-0.73,0.83,0.83,-0.89,0.83,0.83,-0.89,0.0,58.5,114.3,128.4,36.5,38.8,-94.5,4.3,68.5,-156.0,13.1,37.6,-48.0,-17.9,49.6,-102.6,-3.7,1.3,0.5,4.0,-1.7,-19.7,-16.1,-20.0,16.7,14.1,-7.6,3.4,2,4
1196,23.92,-0.05,236.94,8.28,9.8,-0.09,-88.69,679.8,0.0,845.99,1197.0,6.47,14.15,0.87,-0.35,0.26,0.15,-1.34,1.26,-1.01,-1.55,1.16,-0.81,-1.55,1.16,-0.81,0.0,60.8,1.3,54.1,37.4,32.7,-96.9,5.1,66.3,-156.0,14.3,32.4,-48.0,-14.0,44.5,-97.7,-3.4,-1.1,1.8,7.4,-4.1,-19.7,-18.0,-21.5,14.4,8.0,-5.2,-6.9,2,4
1198,23.96,-0.05,237.34,8.28,9.81,-0.09,-88.75,680.95,0.0,847.49,1199.0,6.46,14.16,0.88,-0.34,0.25,0.09,0.25,0.68,-1.01,-0.0,0.59,-1.09,-0.0,0.59,-1.09,0.0,69.8,5.0,19.3,37.4,28.8,-97.3,3.9,63.4,-156.0,13.0,28.2,-48.0,-11.6,42.0,-99.5,-7.2,-1.8,-2.4,16.3,-9.4,-19.5,-17.1,-21.4,20.8,3.2,-0.7,-3.0,2,4
1200,24.0,-0.05,237.74,8.28,9.83,-0.09,-88.83,682.09,0.0,848.97,1201.0,6.45,14.17,0.88,-0.34,0.23,0.05,0.09,0.08,-1.47,-0.3,-0.0,-1.44,-0.3,-0.0,-1.44,6.3,73.1,27.1,0.0,35.6,27.3,-99.4,1.5,60.8,-156.0,10.9,26.5,-48.0,-11.7,38.7,-104.4,-7.0,4.5,2.3,16.5,-1.7,-18.8,-5.6,-11.7,22.5,-4.4,-2.7,3.6,2,4
1202,24.04,-0.05,238.13,8.28,9.84,-0.09,-88.97,683.23,0.0,850.38,1203.0,6.44,14.18,0.88,-0.18,0.23,-0.11,0.55,-2.11,-1.69,-0.1,-2.28,-1.55,-0.1,-2.28,-1.55,132.5,52.2,0.0,0.0,37.8,33.4,-94.9,12.8,75.4,-156.0,14.1,32.5,-48.0,-18.0,31.7,-95.3,-15.1,18.5,1.4,-2.5,4.9,-19.7,1.9,-2.7,22.1,10.3,2.4,0.3,2,4
1204,24.08,-0.05,238.53,8.28,9.86,-0.09,-89.12,684.4,0.0,851.81,1205.0,6.43,14.19,0.87,-0.09,0.25,-0.36,1.34,-2.41,-1.78,0.62,-2.72,-1.73,0.62,-2.72,-1.73,43.5,0.0,31.4,45.3,36.3,52.9,-92.5,2.3,95.2,-156.0,14.8,42.1,-48.0,-23.7,44.4,-95.3,-11.8,6.7,5.0,-1.8,-9.6,-19.7,-6.9,-7.6,20.7,16.2,-3.2,0.8,2,4
1206,24.12,-0.05,238.93,8.28,9.87,-0.09,-89.33,685.57,0.0,853.18,1207.0,6.43,14.2,0.86,-0.33,0.25,-0.45,-3.3,-0.1,-1.05,-3.29,0.65,-0.89,-3.29,0.65,-0.89,0.0,0.0,21.0,65.6,43.3,55.7,-91.3,-7.5,84.3,-156.0,15.2,51.4,-48.0,-24.1,53.6,-96.2,-0.8,-8.2,-5.3,9.6,-3.5,-19.7,-11.7,-20.4,16.6,16.1,-5.7,-2.9,2,4
1208,24.16,-0.05,239.32,8.28,9.88,-0.09,-89.58,686.73,0.0,854.5,1209.0,6.41,14.21,0.86,-0.37,0.17,0.08,-1.39,2.39,-0.27,-0.72,2.64,-0.52,-0.72,2.64,-0.52,0.0,0.0,3.0,63.4,42.0,35.1,-105.6,13.3,72.2,-156.0,18.5,44.0,-48.0,-18.7,49.6,-93.6,-4.4,2.4,0.3,7.4,-11.8,-19.7,-15.9,-21.5,19.0,16.8,-8.9,-5.4,2,4
1210,24.2,-0.05,239.72,8.28,9.89,-0.09,-89.71,687.86,0.0,855.91,1211.0,6.4,14.22,0.86,-0.25,0.1,0.09,-0.02,1.96,-0.7,0.36,1.76,-1.05,0.36,1.76,-1.05,0.0,81.3,0.0,82.0,40.0,30.6,-108.6,15.9,71.0,-156.0,18.4,36.3,-48.0,-13.7,44.9,-91.7,-4.3,-0.0,-0.3,11.6,-5.3,-19.7,-19.3,-21.6,13.9,7.9,-5.7,-9.6,2,4
1212,24.24,-0.05,240.11,8.28,9.91,-0.09,-89.77,688.84,0.0,857.24,1213.0,6.4,14.23,0.87,-0.15,0.07,0.1,0.77,1.23,-0.65,0.87,0.82,-1.04,0.87,0.82,-1.04,0.0,15.4,0.0,0.0,38.1,31.0,-106.0,9.9,67.1,-156.0,13.9,33.1,-48.0,-11.5,45.7,-103.5,-4.4,0.1,2.1,15.2,-10.7,-18.3,-14.8,-21.2,21.7,-0.7,-0.8,-1.8,2,4
1214,24.28,-0.05,240.51,8.28,9.92,-0.09,-89.92,689.97,0.0,858.62,1215.0,6.39,14.23,0.87,-0.11,0.09,0.01,-0.93,0.02,-1.03,-1.15,0.32,-0.7,-1.15,0.32,-0.7,70.4,68.0,39.7,0.0,37.8,33.2,-101.3,9.3,66.2,-156.0,11.9,33.3,-48.0,-16.1,40.4,-101.9,-10.5,4.3,3.7,15.5,8.3,-19.8,0.2,-3.2,22.8,-2.8,-1.5,7.2,2,4
1216,24.32,-0.05,240.9,8.29,9.94,-0.09,-90.12,691.09,0.0,859.95,1217.0,6.4,14.23,0.87,0.1,0.09,-0.1,2.32,-2.68,-1.31,0.63,-3.52,-1.23,0.63,-3.52,-1.23,139.8,1.0,29.5,0.0,41.0,40.8,-87.7,23.2,91.0,-156.0,13.4,43.1,-48.0,-25.4,37.2,-81.3,-16.7,12.1,13.8,-7.3,-2.9,-19.7,0.8,-8.4,21.4,15.1,-1.4,-4.7,2,4
1218,24.36,-0.05,241.29,8.29,9.95,-0.09,-90.4,692.25,0.0,861.24,1219.0,6.4,14.24,0.86,0.03,0.07,-0.46,0.65,-2.17,-0.5,-0.47,-2.25,-0.38,-0.47,-2.25,-0.38,0.0,0.0,0.0,131.4,39.7,43.2,-54.2,1.0,97.5,-156.0,7.9,57.7,-48.0,-25.2,53.0,-93.0,-1.2,-8.7,-9.0,-1.2,-7.3,-19.7,-6.3,-18.7,16.8,18.2,-10.4,-6.3,2,4
1220,24.4,-0.05,241.68,8.29,9.96,-0.09,-90.8,693.41,0.0,862.4,1221.0,6.4,14.24,0.85,-0.22,0.15,0.11,-3.97,2.26,0.53,-2.37,3.87,0.75,-2.37,3.87,0.75,0.0,0.0,0.0,65.2,49.7,28.9,-69.1,-5.6,80.3,-156.0,12.0,56.1,-48.0,-19.9,53.6,-99.6,-6.8,8.0,-8.3,9.8,-4.1,-19.7,-7.5,-22.0,17.1,19.7,-0.7,-7.2,2,4
1222,24.44,-0.05,242.07,8.29,9.97,-0.09,-91.03,694.54,0.0,863.7,1223.0,6.39,14.25,0.86,-0.1,0.11,0.03,1.42,2.87,0.41,2.53,1.95,-0.49,2.53,1.95,-0.49,0.0,0.0,5.5,43.5,44.2,22.3,-104.4,14.3,68.2,-156.0,17.2,46.0,-48.0,-12.2,50.1,-97.4,1.1,6.4,4.1,5.2,-3.9,-19.7,-15.2,-21.8,13.6,11.4,-8.4,-9.4,2,4
1224,24.48,-0.05,242.46,8.3,9.98,-0.09,-91.16,695.66,0.0,865.09,1225.0,6.39,14.25,0.86,0.07,0.01,0.05,1.08,2.11,-0.1,1.77,1.42,-0.69,1.77,1.42,-0.69,0.0,90.0,0.0,13.3,39.1,27.4,-109.6,13.5,70.7,-156.0,9.4,39.3,-48.0,-12.7,48.6,-104.1,-4.1,4.2,-0.6,12.4,-4.9,-18.7,-17.3,-21.7,18.3,5.2,2.5,-3.2,2,4
1226,24.52,-0.05,242.84,8.31,10.0,-0.09,-91.34,696.78,0.0,866.44,1227.0,6.4,14.25,0.86,0.17,-0.02,0.11,-0.03,0.92,-0.58,0.16,0.91,-0.58,0.16,0.91,-0.58,4.4,71.3,42.0,0.0,34.5,36.5,-106.5,2.7,65.7,-155.7,2.0,38.4,-48.0,-10.4,57.6,-106.8,-10.1,2.5,2.0,13.3,-18.6,13.5,1.4,-5.8,22.8,-7.5,-1.7,7.7,2,4
1228,24.56,-0.05,243.23,8.32,10.01,-0.09,-91.5,697.89,0.0,867.8,1229.0,6.4,14.24,0.86,0.18,-0.1,0.19,-2.33,-0.79,-0.22,-2.27,0.39,0.88,-2.27,0.39,0.88,55.7,0.0,0.0,0.0,38.5,39.1,-105.3,1.5,60.8,-156.0,2.9,41.1,-48.0,-20.4,52.3,-71.0,-16.7,-6.2,8.1,12.9,-8.7,-16.7,1.3,0.1,22.8,2.4,-5.5,6.6,2,4
1230,24.6,-0.05,243.62,8.34,10.02,-0.09,-91.84,699.0,0.0,869.0,1231.0,6.41,14.23,0.87,0.23,-0.15,0.23,1.09,-1.51,0.53,0.45,-1.85,0.34,0.45,-1.85,0.34,84.1,0.0,75.4,0.0,40.3,30.0,-84.2,15.8,65.1,-156.0,7.9,43.9,-48.0,-19.9,42.9,-54.0,-12.0,0.7,18.8,-4.5,-3.6,-19.8,1.0,-10.3,22.2,14.1,-2.9,-13.1,2,4
1232,24.64,-0.05,244.0,8.36,10.03,-0.09,-92.08,700.12,0.0,870.3,1233.0,6.42,14.23,0.87,0.18,-0.12,-0.1,-0.0,1.4,1.68,1.19,1.13,1.44,1.19,1.13,1.44,0.0,0.0,70.6,55.6,39.9,10.8,-48.5,5.8,63.7,-156.0,12.5,40.5,-48.0,-4.9,48.3,-84.5,2.4,-3.9,-4.4,-1.2,1.6,-19.7,-6.6,-19.3,18.9,14.2,-15.0,-10.0,3,4
1234,24.68,-0.05,244.39,8.38,10.05,-0.09,-92.4,701.25,0.0,871.53,1235.0,6.43,14.22,0.86,0.36,-0.03,0.13,1.27,0.64,1.74,2.01,-0.09,1.02,2.01,-0.09,1.02,0.0,0.0,55.4,31.1,47.5,-4.2,-61.9,-2.0,62.7,-156.0,21.6,29.1,-48.0,7.1,55.3,-104.2,-0.6,10.5,-5.9,2.8,-1.9,-19.7,-8.4,-21.1,10.4,4.3,-11.2,-6.1,2,4
1236,24.72,-0.05,244.78,8.42,10.06,-0.09,-92.55,702.36,0.0,872.92,1237.0,6.44,14.21,0.86,0.54,-0.1,-0.01,4.25,0.22,0.36,3.81,-1.14,-1.56,3.81,-1.14,-1.56,0.0,101.7,125.9,20.7,46.9,11.5,-90.6,0.7,63.4,-156.0,18.5,23.9,-48.0,8.0,61.4,-113.4,-3.0,9.0,-1.6,6.9,-2.6,-19.7,-16.3,-19.2,8.3,0.2,-7.3,-5.7,2,4
1238,24.76,-0.05,245.16,8.47,10.07,-0.09,-92.7,703.45,0.0,874.31,1239.0,6.46,14.2,0.85,0.54,-0.1,0.23,2.35,-1.18,-0.59,1.29,-1.5,-1.83,1.29,-1.5,-1.83,0.0,157.3,0.0,0.0,35.8,44.5,-103.0,-10.6,63.9,-154.9,10.5,28.0,-48.0,-0.5,66.9,-114.2,-3.9,-5.1,-0.3,10.2,-21.2,23.5,-7.3,11.3,22.8,-3.7,5.9,8.6,2,4
1240,24.8,-0.05,245.55,8.51,10.08,-0.09,-92.94,704.55,0.0,875.6,1241.0,6.48,14.19,0.85,0.48,-0.07,0.34,-4.64,-3.16,-0.54,-5.53,-0.94,0.6,-5.53,-0.94,0.6,117.9,0.0,0.0,0.0,28.1,57.5,-113.6,-28.4,45.3,-120.6,6.9,57.0,-48.0,-10.1,72.6,-88.5,-17.3,-8.7,4.3,15.4,-18.4,0.4,5.2,-14.1,22.8,1.2,-13.2,-0.5,1,4
1242,24.84,-0.05,245.94,8.54,10.09,-0.09,-93.33,705.4,0.0,876.5,1243.0,6.49,14.17,0.86,0.5,-0.32,0.41,-7.86,-2.61,-0.41,-8.06,0.76,1.8,-8.06,0.76,1.8,0.0,0.0,0.0,0.0,35.4,43.5,-116.9,-19.9,18.0,-129.4,20.5,54.2,-48.0,-6.6,54.5,-68.8,-9.8,-0.5,12.6,15.2,4.7,-8.8,0.9,-4.8,22.8,6.7,-5.0,-0.6,1,4
1244,24.88,-0.05,246.33,8.59,10.11,-0.09,-93.68,706.53,0.0,877.73,1245.0,6.51,14.15,0.87,0.65,-0.37,0.22,-4.21,-2.42,0.06,-4.65,-0.45,1.33,-4.65,-0.45,1.33,0.0,0.0,42.0,62.9,51.1,34.2,-90.2,1.1,28.5,-156.0,35.7,43.8,-48.0,7.7,53.3,-75.3,-18.1,0.9,5.8,5.9,18.8,-19.7,-1.5,-20.6,22.8,18.2,-12.4,-3.3,2,4
1246,24.92,-0.05,246.72,8.64,10.12,-0.09,-93.91,707.66,0.0,879.08,1247.0,6.53,14.13,0.88,0.46,-0.27,0.05,3.28,0.67,1.29,3.51,-0.32,0.66,3.51,-0.32,0.66,0.0,0.0,59.8,32.1,50.5,22.7,-74.1,18.4,86.3,-156.0,41.5,39.3,-48.0,13.5,61.6,-87.6,5.2,0.2,-5.9,-1.7,-6.1,-19.7,-10.9,-21.4,-3.5,4.6,-9.3,-11.1,2,4
1248,24.96,-0.05,247.11,8.67,10.14,-0.09,-94.28,708.8,0.0,880.29,1249.0,6.54,14.12,0.87,0.45,-0.18,-0.18,7.56,3.43,1.51,8.37,0.93,-0.58,8.37,0.93,-0.58,0.0,130.6,50.0,0.0,54.6,13.1,-79.6,10.3,90.3,-156.0,34.9,27.4,-65.4,10.5,55.9,-112.9,-5.2,9.0,1.6,4.7,-17.2,-19.7,-17.9,-3.5,-3.7,1.6,0.9,5.0,2,4
1250,25.0,-0.05,247.5,8.72,10.15,-0.09,-94.61,709.88,0.0,881.49,1251.0,6.56,14.1,0.87,0.63,-0.28,0.2,3.71,-0.61,-0.63,3.04,-1.58,-1.66,3.04,-1.58,-1.66,0.0,0.0,0.0,24.2,43.1,31.1,-81.6,-2.6,67.2,-156.0,17.7,35.0,-63.4,-0.7,58.2,-115.0,-6.4,-6.0,-5.0,4.3,-12.9,-3.4,-2.8,3.4,21.3,4.1,-0.2,4.8,1,4
1252,25.04,-0.05,247.89,8.77,10.17,-0.09,-94.96,711.01,0.0,882.73,1253.0,6.58,14.08,0.87,0.56,-0.18,0.28,-2.27,-1.48,-0.32,-2.68,-0.48,-0.04,-2.68,-0.48,-0.04,117.8,55.9,0.0,0.0,33.8,40.2,-91.8,-17.6,52.2,-139.5,6.5,54.6,-48.0,-7.4,58.6,-110.7,-15.1,1.0,0.3,15.5,-19.7,21.1,-5.8,-13.4,22.8,-3.5,3.0,1.1,1,4
1254,25.08,-0.05,248.29,8.8,10.18,-0.09,-95.34,712.17,0.0,883.96,1255.0,6.6,14.06,0.88,0.47,-0.37,0.18,-6.49,-1.49,-0.22,-6.54,1.02,0.75,-6.54,1.02,0.75,69.6,0.0,0.0,0.0,34.0,33.4,-100.2,-23.9,23.7,-121.8,3.0,50.3,-48.0,-11.0,55.1,-98.4,-17.8,4.3,0.8,18.1,-3.7,-20.8,9.9,-4.5,22.8,4.0,-5.5,4.0,1,4
1256,25.12,-0.05,248.68,8.85,10.2,-0.09,-95.68,713.03,0.0,884.93,1257.0,6.61,14.04,0.88,0.64,-0.4,-0.03,-4.23,-2.23,-0.12,-4.71,-0.47,0.66,-4.71,-0.47,0.66,0.0,0.0,29.5,90.4,48.1,27.7,-97.7,-6.6,23.8,-156.0,20.5,40.4,-48.0,2.6,46.2,-91.5,-9.5,8.3,1.1,0.5,9.7,-18.0,-0.3,-18.6,22.8,18.0,-6.1,-3.9,2,4
1258,25.16,-0.05,249.07,8.9,10.22,-0.09,-95.81,714.17,0.0,886.4,1259.0,6.63,14.01,0.88,0.61,-0.35,-0.15,-0.33,-0.38,0.38,-0.38,-0.11,0.49,-0.38,-0.11,0.49,0.0,0.0,55.5,33.4,54.4,31.2,-85.5,5.1,63.3,-156.0,27.0,44.3,-48.0,7.3,48.8,-90.8,-17.9,11.4,-0.7,7.7,-1.7,-19.7,-3.7,-20.3,20.4,12.0,-4.1,-3.7,3,4
1260,25.2,-0.06,249.47,8.94,10.23,-0.09,-96.01,715.31,0.0,887.79,1261.0,6.64,13.99,0.88,0.42,-0.31,-0.38,4.21,2.05,1.66,4.82,0.85,0.85,4.82,0.85,0.85,0.0,0.0,49.9,26.5,50.8,29.7,-92.9,13.9,74.4,-156.0,21.4,43.6,-48.0,3.3,53.3,-96.3,-2.5,3.0,5.0,1.5,-1.1,-19.7,-9.6,-21.0,-7.2,5.8,-8.1,-6.6,2,4
1262,25.24,-0.06,249.86,8.97,10.24,-0.09,-96.15,716.47,0.0,889.25,1263.0,6.65,13.97,0.86,0.35,-0.43,0.11,6.77,1.09,0.59,6.79,-0.9,-0.61,6.79,-0.9,-0.61,0.0,0.0,69.3,45.6,39.8,24.6,-82.1,12.2,69.1,-156.0,9.3,36.1,-48.0,-5.7,51.9,-102.7,-0.1,-1.5,-1.8,1.3,-13.9,-19.7,-4.7,-8.5,4.2,9.4,-0.7,3.1,2,4
1264,25.28,-0.06,250.25,9.0,10.26,-0.09,-96.26,717.59,0.0,890.68,1265.0,6.66,13.95,0.87,0.34,-0.42,0.29,1.62,-0.08,0.23,1.55,-0.53,-0.13,1.55,-0.53,-0.13,62.8,144.7,0.0,0.0,34.6,24.5,-77.0,-3.5,62.7,-154.8,2.1,36.0,-48.0,-9.1,52.7,-103.3,-10.8,-0.5,2.9,11.2,-21.5,22.3,-5.9,0.8,22.6,-5.5,0.4,-1.2,2,4
1266,25.32,-0.06,250.64,9.02,10.27,-0.09,-96.49,718.74,0.0,892.04,1267.0,6.67,13.93,0.88,0.29,-0.45,0.34,-4.41,-2.24,-0.21,-4.85,-0.93,0.24,-4.85,-0.93,0.24,124.9,0.0,0.0,0.0,31.5,28.4,-84.0,-23.5,39.1,-121.0,-2.3,44.8,-48.0,-13.5,54.2,-100.9,-18.0,6.7,1.5,12.9,-9.4,-9.5,10.2,-13.0,22.8,4.5,-6.9,0.9,1,4
1268,25.36,-0.06,251.04,9.05,10.29,-0.09,-96.79,719.91,0.0,893.35,1269.0,6.68,13.91,0.88,0.35,-0.55,-0.11,-5.47,-2.26,-0.04,-5.86,-0.64,0.58,-5.86,-0.64,0.58,0.0,0.0,0.0,117.2,38.6,29.2,-91.5,-16.7,12.8,-145.5,15.9,37.4,-48.0,-9.4,43.3,-95.3,-9.7,8.1,-1.5,4.5,16.1,-6.7,-4.8,-6.6,22.8,14.8,-0.9,-1.2,1,4
1270,25.4,-0.06,251.43,9.08,10.31,-0.09,-97.09,721.07,0.0,894.64,1271.0,6.69,13.88,0.88,0.43,-0.51,-0.17,-0.58,-0.83,0.29,-0.75,-0.57,0.47,-0.75,-0.57,0.47,0.0,0.0,51.3,87.5,44.4,34.2,-102.6,-4.3,43.9,-156.0,25.1,41.7,-48.0,-4.9,46.3,-93.9,-18.3,19.4,5.7,2.6,2.0,-19.7,-5.1,-18.1,22.0,18.8,-5.5,4.9,2,4
1272,25.44,-0.06,251.83,9.11,10.32,-0.09,-97.37,722.24,0.0,895.97,1273.0,6.7,13.86,0.87,0.29,-0.46,-0.4,1.17,0.14,1.01,1.21,0.04,0.97,1.21,0.04,0.97,0.0,0.0,57.1,21.2,37.3,53.1,-114.1,8.6,70.0,-156.0,20.0,48.8,-48.0,-9.5,51.4,-83.0,8.0,-16.6,7.0,-0.5,-4.1,-19.7,-8.6,-19.5,5.0,6.0,2.1,-10.6,2,4
1274,25.48,-0.06,252.23,9.12,10.33,-0.09,-97.58,723.41,0.0,897.36,1275.0,6.7,13.83,0.86,0.16,-0.57,-0.25,6.9,2.24,1.3,7.29,0.91,0.63,7.29,0.91,0.63,0.0,0.0,97.0,63.6,41.5,34.4,-100.1,7.7,72.0,-156.0,13.7,43.3,-48.0,-13.8,55.6,-86.7,-3.3,5.1,9.3,7.2,-7.4,-19.7,-12.6,-19.2,-6.3,11.3,-8.4,-5.8,2,4
1276,25.52,-0.06,252.62,9.13,10.34,-0.09,-97.73,724.57,0.0,898.79,1277.0,6.7,13.81,0.86,0.06,-0.48,0.29,0.35,1.71,0.78,0.74,1.54,0.86,0.74,1.54,0.86,0.0,19.7,68.6,49.6,30.5,23.7,-69.4,0.3,70.9,-156.0,9.5,35.8,-48.0,-13.4,55.6,-87.9,-2.2,5.2,3.5,5.0,-17.9,-0.3,-8.7,-6.7,18.2,4.0,-6.9,-3.9,2,4
1278,25.56,-0.06,253.02,9.13,10.36,-0.09,-97.96,725.72,0.0,900.12,1279.0,6.7,13.79,0.87,0.01,-0.44,0.37,-2.76,0.34,0.02,-2.62,0.68,0.61,-2.62,0.68,0.61,91.3,92.1,0.0,0.0,31.0,20.4,-65.2,-19.6,52.8,-139.9,8.3,34.5,-48.0,-13.8,51.7,-95.4,-10.6,14.5,-1.2,14.3,-17.6,20.6,-1.7,2.0,22.8,-0.8,1.1,-1.6,1,4
1280,25.6,-0.06,253.42,9.14,10.37,-0.09,-98.27,726.88,0.0,901.39,1281.0,6.7,13.77,0.88,0.09,-0.55,0.11,-4.9,-0.53,-0.51,-4.93,0.16,0.45,-4.93,0.16,0.45,62.5,0.0,0.0,0.0,38.0,24.4,-79.1,-22.8,24.7,-135.7,12.3,37.1,-48.0,-11.1,43.4,-100.2,-16.6,4.9,-5.0,12.6,5.5,-15.2,0.8,-1.4,22.8,4.3,-1.9,2.1,1,4
1282,25.64,-0.06,253.81,9.16,10.39,-0.09,-98.57,728.02,0.0,902.66,1283.0,6.71,13.75,0.88,0.29,-0.47,-0.22,-1.86,-1.9,0.51,-1.93,-1.47,1.2,-1.93,-1.47,1.2,0.0,0.0,171.7,114.3,41.9,29.3,-94.1,-13.3,31.2,-156.0,19.3,32.8,-48.0,-7.9,39.0,-93.1,-15.9,16.0,-0.1,-1.2,7.9,-19.7,-4.1,-7.7,21.7,17.1,-0.3,1.4,2,4
1284,25.68,-0.06,254.21,9.18,10.41,-0.09,-98.72,729.16,0.0,904.08,1285.0,6.71,13.73,0.88,0.23,-0.41,-0.3,0.85,-0.89,0.49,0.82,-0.84,0.61,0.82,-0.84,0.61,46.8,0.0,46.4,82.0,35.3,44.7,-110.9,-3.6,58.2,-156.0,19.7,40.7,-48.0,-9.5,48.4,-87.1,-7.9,2.2,9.3,2.4,-4.0,-19.7,-5.1,-19.6,15.3,13.3,-9.3,-6.6,2,4
1286,25.72,-0.06,254.6,9.18,10.42,-0.09,-98.91,730.31,0.0,905.46,1287.0,6.72,13.71,0.86,0.06,-0.39,-0.48,1.18,1.99,1.27,1.44,2.1,0.71,1.44,2.1,0.71,0.0,0.0,101.1,44.4,42.0,31.5,-106.5,0.1,61.0,-156.0,22.7,35.0,-48.0,-6.9,53.2,-93.3,-4.6,10.3,5.8,5.8,-0.2,-19.7,-17.1,-20.0,3.7,9.1,-12.7,-5.1,2,4
1288,25.76,-0.06,255.0,9.18,10.43,-0.09,-99.08,731.47,0.0,906.86,1289.0,6.72,13.69,0.86,-0.04,-0.41,0.27,3.38,0.53,0.38,3.41,0.39,-0.27,3.41,0.39,-0.27,0.0,94.3,20.5,41.7,31.9,29.9,-91.1,-1.7,65.8,-156.0,14.8,29.2,-48.0,-10.5,55.2,-95.2,0.1,-0.8,-1.4,9.8,-6.4,-19.7,-12.4,-19.0,10.8,7.9,-1.3,-6.3,2,4
1290,25.8,-0.06,255.4,9.18,10.45,-0.1,-99.17,732.63,0.0,908.34,1291.0,6.71,13.68,0.87,-0.04,-0.37,0.17,1.8,0.38,0.04,1.79,0.32,-0.32,1.79,0.32,-0.32,58.9,73.7,55.6,6.2,28.6,28.4,-88.7,-7.7,63.6,-155.5,11.5,27.7,-48.0,-8.1,58.1,-101.6,-6.7,2.4,3.3,13.1,-20.2,10.0,-12.7,-3.0,22.6,-4.6,-3.9,-2.0,2,4
1292,25.84,-0.06,255.8,9.18,10.46,-0.1,-99.3,733.78,0.0,909.78,1293.0,6.71,13.66,0.88,-0.05,-0.36,0.31,-2.89,-1.42,-0.68,-3.05,-1.24,-0.19,-3.05,-1.24,-0.19,129.5,0.0,0.0,58.0,26.7,30.3,-90.2,-20.1,50.2,-141.1,9.6,35.7,-48.0,-14.1,52.0,-97.9,-14.4,5.6,4.9,12.9,-14.2,-12.1,1.9,-3.9,22.8,3.0,-5.9,2.8,1,4
1294,25.88,-0.06,256.2,9.18,10.48,-0.1,-99.59,734.94,0.0,911.07,1295.0,6.71,13.65,0.89,-0.02,-0.41,0.11,-3.58,-1.56,-0.28,-3.67,-1.32,0.37,-3.67,-1.32,0.37,48.1,0.0,0.0,30.2,32.3,30.1,-91.9,-18.9,33.4,-156.0,14.3,38.3,-48.0,-14.0,40.6,-88.5,-13.9,7.6,-0.5,5.7,10.8,-18.0,-2.2,-6.7,22.2,11.2,-0.9,-1.7,2,4
1296,25.92,-0.06,256.59,9.19,10.5,-0.1,-99.73,736.1,0.0,912.5,1297.0,6.71,13.63,0.89,0.13,-0.34,-0.13,0.61,-1.38,0.15,0.56,-1.37,0.32,0.56,-1.37,0.32,0.0,0.0,41.0,121.8,30.0,35.3,-101.6,-11.3,47.3,-156.0,16.9,36.7,-48.0,-11.8,44.2,-84.3,-16.3,18.7,3.5,2.8,2.1,-19.7,-6.3,-13.8,19.6,15.5,-8.3,-0.1,2,4
1298,25.96,-0.06,256.99,9.2,10.52,-0.1,-99.87,737.27,0.0,913.95,1299.0,6.72,13.62,0.89,0.01,-0.3,-0.34,1.17,0.45,0.32,1.2,0.44,0.2,1.2,0.44,0.2,0.0,0.0,55.1,59.5,25.3,42.1,-110.4,-1.2,58.7,-156.0,17.0,39.1,-48.0,-12.6,52.0,-84.1,6.4,-6.9,1.2,1.0,-0.4,-19.7,-10.8,-19.4,11.0,8.2,-7.7,-5.7,2,4
1300,26.0,-0.06,257.39,9.2,10.53,-0.1,-99.98,738.43,0.0,915.42,1301.0,6.71,13.6,0.87,-0.01,-0.25,-0.57,0.83,3.09,1.02,0.98,3.15,0.65,0.98,3.15,0.65,0.0,0.0,73.3,120.0,37.2,31.4,-101.6,-4.4,63.1,-156.0,20.2,29.5,-48.0,-8.9,53.9,-89.5,-6.0,0.6,3.9,10.8,-5.8,-19.7,-17.8,-18.8,9.4,8.2,-10.1,-4.9,2,4
1302,26.04,-0.06,257.79,9.2,10.55,-0.1,-100.11,739.59,0.0,916.85,1303.0,6.71,13.59,0.87,-0.07,-0.28,0.31,1.83,-0.34,0.07,1.81,-0.33,-0.31,1.81,-0.33,-0.31,0.0,15.3,88.5,38.1,32.7,26.4,-91.4,-3.6,66.9,-156.0,19.2,21.2,-48.0,-5.8,54.4,-91.6,-3.5,0.3,-0.8,11.6,-14.4,-19.7,-18.0,-19.9,18.2,4.3,-4.5,-7.1,2,4
1304,26.08,-0.06,258.18,9.2,10.56,-0.1,-100.18,740.75,0.0,918.36,1305.0,6.71,13.58,0.88,-0.09,-0.23,0.33,1.52,-0.24,-0.31,1.43,-0.22,-0.62,1.43,-0.22,-0.62,0.0,0.0,49.1,30.3,25.7,23.7,-85.6,-9.2,61.8,-156.0,14.9,20.7,-48.0,-9.5,54.2,-94.6,-4.3,5.8,0.7,14.3,-17.2,-4.1,-11.1,-5.5,22.1,-2.6,-5.5,-3.3,2,4
1306,26.12,-0.06,258.58,9.2,10.58,-0.1,-100.25,741.9,0.0,919.86,1307.0,6.71,13.57,0.89,-0.05,-0.26,0.15,-0.61,0.23,-0.61,-0.71,0.29,-0.46,-0.71,0.29,-0.46,117.3,0.0,0.0,40.1,26.2,25.7,-83.1,-7.9,59.5,-156.0,13.9,24.1,-48.0,-15.5,47.0,-91.5,-13.8,8.0,-4.0,10.4,-6.3,-19.2,-0.5,2.7,22.8,1.8,-5.4,0.7,2,4
1308,26.16,-0.06,258.98,9.2,10.6,-0.1,-100.37,743.06,0.0,921.31,1309.0,6.71,13.56,0.89,0.08,-0.25,-0.19,1.8,-0.11,-0.35,1.69,-0.16,-0.7,1.69,-0.16,-0.7,148.9,49.3,0.0,74.4,27.0,35.0,-90.2,-1.4,67.5,-156.0,10.0,29.1,-48.0,-18.5,44.2,-83.6,-15.1,15.5,5.5,-5.3,-3.5,-19.7,-0.4,-3.4,21.0,15.9,-3.6,-6.6,2,4
1310,26.2,-0.06,259.38,9.21,10.61,-0.1,-100.45,744.21,0.0,922.81,1311.0,6.71,13.55,0.87,0.13,-0.31,-0.48,0.67,-0.49,0.05,0.63,-0.53,-0.12,0.63,-0.53,-0.12,32.7,0.0,86.4,129.5,25.9,47.7,-96.0,-8.4,67.7,-156.0,7.5,34.7,-48.0,-20.3,52.4,-83.0,-7.0,3.2,1.8,5.5,-5.9,-19.7,-7.4,-14.6,14.8,12.7,-14.7,-6.7,2,4
1312,26.24,-0.06,259.78,9.21,10.62,-0.1,-100.6,745.36,0.0,924.22,1313.0,6.71,13.54,0.86,-0.08,-0.31,0.09,-4.86,0.77,-0.04,-4.7,0.98,1.04,-4.7,0.98,1.04,0.0,19.1,86.3,92.7,33.1,44.1,-102.0,-6.7,67.8,-156.0,13.1,31.4,-48.0,-13.7,53.0,-84.1,-3.1,0.7,3.2,7.9,-3.9,-19.7,-17.7,-19.7,11.6,7.8,-10.1,-5.7,2,4
1314,26.28,-0.06,260.17,9.21,10.64,-0.1,-100.72,746.52,0.0,925.66,1315.0,6.71,13.53,0.87,-0.11,-0.29,0.1,0.15,1.05,0.25,0.25,1.05,0.19,0.25,1.05,0.19,18.2,45.1,93.8,70.0,34.2,32.8,-96.6,-2.0,64.6,-156.0,18.6,25.8,-48.0,-6.5,50.0,-83.3,-3.0,-1.4,1.5,9.2,-6.5,-19.7,-17.1,-20.9,14.1,4.0,-8.7,-13.8,2,4
1316,26.32,-0.06,260.57,9.21,10.65,-0.1,-100.8,747.66,0.0,927.14,1317.0,6.7,13.52,0.87,-0.03,-0.28,0.04,2.44,0.37,-0.35,2.25,0.3,-1.02,2.25,0.3,-1.02,10.5,62.3,83.1,28.6,31.6,28.3,-92.2,-6.2,63.1,-156.0,15.5,22.7,-48.0,-6.7,52.4,-92.7,-3.4,0.0,1.7,14.3,-14.5,-13.9,-18.0,-18.4,20.4,-0.2,-4.0,-6.2,2,4
1318,26.36,-0.06,260.97,9.21,10.67,-0.1,-100.88,748.8,0.0,928.61,1319.0,6.7,13.51,0.87,-0.02,-0.28,0.12,0.25,0.1,-0.69,0.05,0.18,-0.72,0.05,0.18,-0.72,47.3,0.0,21.1,53.9,29.4,28.5,-89.1,-11.7,60.8,-155.4,11.5,24.0,-48.0,-11.2,52.1,-99.1,-6.5,2.0,2.6,11.1,-18.8,3.0,-0.5,2.3,22.8,-1.8,-9.3,-0.9,2,4
1320,26.4,-0.06,261.36,9.21,10.68,-0.1,-100.96,749.93,0.0,930.08,1321.0,6.7,13.5,0.88,0.0,-0.28,0.11,-1.82,-0.1,-0.81,-1.97,0.15,-0.23,-1.97,0.15,-0.23,47.1,0.0,0.0,71.5,33.6,32.1,-89.3,-13.2,55.5,-156.0,13.3,30.1,-48.0,-13.1,45.2,-91.3,-15.0,2.8,0.8,10.2,-1.0,-19.8,-0.4,-3.3,22.7,5.5,-4.6,3.3,2,4
1322,26.44,-0.06,261.76,9.22,10.7,-0.1,-101.02,751.07,0.0,931.57,1323.0,6.7,13.48,0.88,0.06,-0.24,-0.02,0.15,0.09,-0.24,0.08,0.09,-0.27,0.08,0.09,-0.27,126.5,0.0,131.3,104.2,35.1,35.4,-91.1,-10.9,55.6,-156.0,11.9,28.1,-48.0,-13.6,42.0,-84.9,-15.6,7.6,-2.8,-0.3,-1.5,-19.7,-3.4,-5.1,20.4,13.7,-7.6,-1.6,2,4
1324,26.48,-0.06,262.15,9.22,10.71,-0.1,-101.07,752.21,0.0,933.08,1325.0,6.7,13.47,0.87,0.08,-0.3,-0.14,0.84,0.75,-0.26,0.82,0.67,-0.46,0.82,0.67,-0.46,41.6,0.0,106.0,73.5,32.4,38.9,-100.6,-13.6,57.1,-156.0,10.7,27.3,-48.0,-15.0,42.2,-82.1,-5.7,0.3,-1.0,6.3,-0.8,-19.7,-12.0,-16.7,6.5,8.7,-8.7,-5.1,2,4
1326,26.52,-0.06,262.55,9.23,10.73,-0.1,-101.15,753.33,0.0,934.53,1327.0,6.7,13.46,0.87,0.03,-0.31,0.14,0.82,-0.31,-0.12,0.67,-0.38,-0.43,0.67,-0.38,-0.43,8.1,60.0,113.1,56.6,31.8,35.6,-99.3,-9.9,60.8,-156.0,11.4,23.5,-48.0,-12.4,44.8,-85.1,1.5,0.8,4.0,6.0,-0.8,-19.7,-15.7,-19.4,6.6,7.0,-7.7,-8.5,2,4
1328,26.56,-0.06,262.94,9.23,10.74,-0.1,-101.2,754.45,0.0,936.01,1329.0,6.7,13.45,0.87,0.06,-0.32,0.06,0.78,-0.14,-0.29,0.61,-0.18,-0.56,0.61,-0.18,-0.56,32.0,79.4,92.1,42.6,31.4,28.8,-88.4,-10.7,60.6,-156.0,12.5,21.4,-48.0,-10.0,48.3,-91.2,-2.4,0.7,0.7,10.6,-5.9,-19.4,-16.7,-19.6,14.7,4.4,-6.4,-8.4,2,4
1330,26.6,-0.06,263.34,9.24,10.76,-0.1,-101.26,755.57,0.0,937.47,1331.0,6.7,13.44,0.87,0.07,-0.31,0.12,0.75,-0.41,-0.62,0.42,-0.35,-0.9,0.42,-0.35,-0.9,41.0,165.3,32.8,20.2,29.2,23.7,-80.8,-13.6,59.5,-155.2,11.7,21.5,-48.0,-9.9,51.4,-98.2,-3.7,5.2,4.2,10.6,-20.6,20.1,-8.8,2.9,22.8,-1.6,-3.2,-2.6,2,4
1332,26.64,-0.06,263.73,9.24,10.77,-0.1,-101.48,756.69,0.0,938.8,1333.0,6.71,13.42,0.88,0.1,-0.31,0.18,-4.92,-2.52,-1.71,-5.65,-1.21,-0.37,-5.65,-1.21,-0.37,149.4,0.0,0.0,52.1,32.4,27.9,-84.4,-24.2,41.7,-130.9,13.1,35.5,-48.0,-11.8,49.0,-98.0,-16.7,5.9,2.1,13.1,-12.9,-16.7,3.1,-6.2,22.8,2.7,-6.4,-0.1,1,4
1334,26.68,-0.06,264.13,9.26,10.79,-0.1,-101.8,757.84,0.0,940.06,1335.0,6.71,13.41,0.88,0.18,-0.3,-0.1,-4.2,-1.99,-0.98,-4.66,-0.88,0.2,-4.66,-0.88,0.2,58.0,0.0,0.0,85.6,41.6,29.1,-88.4,-18.9,23.3,-156.0,20.3,39.3,-48.0,-10.8,39.6,-93.2,-16.1,2.7,-4.1,4.5,12.2,-15.4,-3.7,-8.8,22.4,11.0,-2.2,1.2,2,4
1336,26.72,-0.06,264.53,9.28,10.8,-0.1,-101.97,758.98,0.0,941.46,1337.0,6.72,13.39,0.87,0.3,-0.3,-0.1,1.56,-0.9,-0.63,1.13,-1.39,-0.67,1.13,-1.39,-0.67,0.0,0.0,68.6,138.3,41.3,33.5,-100.8,-11.3,44.2,-156.0,20.2,37.7,-48.0,-11.6,41.3,-92.0,-17.3,10.0,4.2,3.6,0.0,-19.7,-4.8,-17.8,19.4,16.3,-7.4,0.2,2,4
1338,26.76,-0.06,264.92,9.3,10.82,-0.1,-102.09,760.13,0.0,942.92,1339.0,6.72,13.38,0.87,0.2,-0.27,-0.26,1.86,1.4,-0.26,2.11,0.75,-0.69,2.11,0.75,-0.69,0.0,0.0,82.0,71.1,36.2,38.6,-101.0,-2.1,59.4,-156.0,15.2,39.5,-48.0,-16.4,43.9,-90.7,2.8,-3.2,2.1,0.2,-1.3,-19.7,-11.9,-19.0,5.3,11.2,-2.7,-2.2,2,4
1340,26.8,-0.06,265.32,9.31,10.83,-0.1,-102.18,761.29,0.0,944.42,1341.0,6.72,13.37,0.86,0.19,-0.32,0.09,2.46,1.41,-0.09,2.7,0.59,-0.64,2.7,0.59,-0.64,0.0,0.0,96.7,92.3,34.3,32.4,-92.8,-3.2,64.7,-156.0,12.5,33.7,-48.0,-18.2,45.7,-93.9,-1.1,-0.9,2.1,9.6,-6.2,-19.7,-16.5,-20.3,5.5,12.0,-6.3,-2.8,2,4
1342,26.84,-0.06,265.72,9.33,10.84,-0.1,-102.26,762.44,0.0,945.91,1343.0,6.73,13.35,0.87,0.21,-0.32,0.14,0.66,0.76,-0.45,0.75,0.57,-0.57,0.75,0.57,-0.57,0.0,69.4,78.5,23.8,33.5,28.1,-87.9,-2.9,65.0,-156.0,12.3,29.6,-48.0,-15.6,47.2,-96.9,-5.7,0.7,1.3,8.5,-12.3,-17.0,-14.8,-18.0,20.6,6.0,0.7,-4.5,2,4
1344,26.88,-0.06,266.11,9.35,10.86,-0.1,-102.34,763.58,0.0,947.4,1345.0,6.73,13.33,0.87,0.23,-0.3,0.21,0.99,0.19,-0.88,0.73,0.01,-1.12,0.73,0.01,-1.12,54.9,112.4,29.7,34.9,32.1,26.8,-84.8,-7.2,62.2,-155.2,10.0,29.1,-48.0,-15.0,48.3,-100.4,-7.5,5.3,5.7,8.1,-20.1,15.2,-4.2,1.0,22.8,1.0,-3.5,0.2,2,4
1346,26.92,-0.06,266.51,9.37,10.87,-0.1,-102.54,764.72,0.0,948.77,1347.0,6.74,13.32,0.88,0.26,-0.32,0.19,-2.6,-0.84,-1.34,-2.96,0.39,-0.58,-2.96,0.39,-0.58,132.5,0.0,0.0,46.3,34.1,29.4,-85.5,-14.9,50.1,-144.7,12.0,37.3,-48.0,-16.8,42.5,-94.1,-16.5,3.9,-0.9,10.0,-13.3,-19.0,1.7,-5.2,22.8,6.3,-3.5,-1.3,1,4
1348,26.96,-0.06,266.9,9.39,10.89,-0.1,-102.7,765.87,0.0,950.19,1349.0,6.75,13.3,0.88,0.35,-0.27,0.02,-1.7,-0.88,-0.83,-2.06,-0.06,-0.32,-2.06,-0.06,-0.32,0.0,0.0,0.0,136.3,36.9,29.4,-96.8,-16.2,39.6,-156.0,16.4,35.4,-48.0,-15.1,38.1,-89.1,-14.4,5.2,-0.1,4.0,1.6,-19.7,-2.6,-6.4,22.0,12.8,-5.5,1.1,2,4
1350,27.0,-0.06,267.3,9.43,10.9,-0.1,-102.83,767.01,0.0,951.65,1351.0,6.76,13.29,0.88,0.42,-0.24,-0.02,1.16,0.52,-0.83,1.01,-0.04,-1.13,1.01,-0.04,-1.13,0.0,0.0,71.1,98.7,36.3,33.5,-103.3,-9.6,49.9,-156.0,16.4,35.4,-48.0,-14.8,39.7,-86.3,-12.3,10.6,1.5,5.1,-1.4,-19.7,-6.9,-17.9,15.3,13.5,-8.0,-3.4,2,4
1352,27.04,-0.06,267.69,9.46,10.92,-0.1,-102.93,768.15,0.0,953.13,1353.0,6.76,13.27,0.86,0.46,-0.2,-0.25,2.91,1.99,-0.48,3.23,0.43,-1.43,3.23,0.43,-1.43,0.0,0.0,104.2,67.2,37.2,34.3,-101.1,-4.8,59.4,-156.0,15.0,33.1,-48.0,-15.5,41.5,-89.7,-0.5,0.5,6.0,2.6,1.5,-19.7,-13.2,-20.4,-1.9,10.0,-5.2,-6.8,2,4
1354,27.08,-0.06,268.09,9.5,10.93,-0.1,-103.04,769.28,0.0,954.6,1355.0,6.78,13.25,0.86,0.46,-0.22,0.16,1.5,0.25,-0.65,1.2,-0.35,-1.09,1.2,-0.35,-1.09,17.8,94.6,96.7,30.9,32.9,32.9,-89.1,-3.9,66.2,-156.0,11.3,30.1,-48.0,-17.7,48.6,-99.2,-3.4,0.3,-1.1,10.7,-3.3,-19.7,-14.5,-19.7,4.8,8.9,-1.1,-6.3,2,4
1356,27.12,-0.06,268.48,9.54,10.94,-0.1,-103.12,770.41,0.0,956.08,1357.0,6.79,13.24,0.86,0.49,-0.18,0.18,1.1,-0.05,-1.1,0.6,-0.27,-1.41,0.6,-0.27,-1.41,47.8,169.0,27.2,0.0,30.8,31.9,-87.1,-7.2,65.7,-155.2,10.4,30.4,-48.0,-14.8,55.5,-106.9,-5.7,3.2,1.7,9.5,-21.0,21.9,-8.9,5.1,22.5,-1.6,1.5,2.4,2,4
1358,27.16,-0.06,268.87,9.58,10.95,-0.1,-103.34,771.54,0.0,957.44,1359.0,6.8,13.22,0.86,0.52,-0.11,0.27,-3.61,-2.35,-1.91,-4.59,0.6,-0.86,-4.59,0.6,-0.86,129.6,0.0,0.0,0.0,28.3,36.4,-95.5,-27.2,45.0,-124.1,6.8,48.5,-48.0,-14.8,59.9,-95.6,-17.7,1.9,2.1,15.6,-17.4,-2.9,5.3,-7.6,22.8,-1.6,-5.7,3.0,1,4
1360,27.2,-0.06,269.26,9.62,10.97,-0.1,-103.69,772.38,0.0,958.39,1361.0,6.82,13.2,0.87,0.6,-0.21,0.28,-6.04,-2.26,-2.12,-6.42,2.17,-0.43,-6.42,2.17,-0.43,0.0,0.0,0.0,0.0,36.0,35.0,-101.4,-21.3,18.0,-137.3,16.2,52.7,-48.0,-10.1,49.1,-76.1,-14.8,-2.4,9.2,14.5,12.6,-7.9,-2.0,-12.0,22.8,9.4,-4.8,-1.2,1,4
1362,27.24,-0.06,269.66,9.67,10.98,-0.1,-104.01,773.51,0.0,959.65,1363.0,6.83,13.18,0.87,0.65,-0.17,0.12,-1.81,-0.77,-0.91,-2.07,0.55,-0.37,-2.07,0.55,-0.37,0.0,0.0,62.5,46.8,45.7,33.1,-85.3,-7.2,29.9,-156.0,25.3,44.7,-48.0,-3.3,48.0,-78.3,-16.6,2.7,6.0,-0.1,12.6,-19.7,-4.3,-19.6,22.0,19.7,-7.1,-8.9,2,4
1364,27.28,-0.06,270.05,9.72,11.0,-0.1,-104.19,774.64,0.0,961.05,1365.0,6.85,13.16,0.88,0.5,-0.04,0.02,2.5,2.32,0.42,3.38,-0.02,-0.65,3.38,-0.02,-0.65,0.0,0.0,57.0,34.6,45.4,20.9,-72.5,-2.8,61.1,-156.0,26.7,39.5,-48.0,-2.6,51.6,-91.7,0.6,0.9,-8.1,1.2,-4.7,-19.7,-7.1,-20.6,3.5,8.4,-8.0,-7.3,2,4
1366,27.32,-0.06,270.45,9.76,11.01,-0.1,-104.33,775.76,0.0,962.5,1367.0,6.86,13.15,0.87,0.55,-0.01,0.12,5.31,2.2,-0.17,5.06,-2.0,-1.86,5.06,-2.0,-1.86,0.0,0.0,60.9,40.5,45.0,11.9,-85.3,0.7,60.3,-156.0,21.0,29.6,-48.0,-6.4,49.2,-101.0,-3.9,11.9,2.2,2.2,-1.9,-19.7,-13.0,-19.2,-1.3,10.8,-6.2,-2.2,2,4
1368,27.36,-0.06,270.85,9.8,11.03,-0.1,-104.48,776.9,0.0,963.94,1369.0,6.88,13.13,0.87,0.5,0.03,0.29,0.98,0.85,-0.82,1.06,0.12,-1.1,1.06,0.12,-1.1,0.0,62.1,50.6,0.0,37.4,25.4,-93.8,-2.7,63.3,-156.0,15.9,25.9,-48.0,-7.3,51.8,-104.0,-4.0,5.5,-3.0,9.8,-6.3,-18.8,-14.6,-16.8,17.5,7.2,5.9,-1.2,2,4
1370,27.4,-0.06,271.24,9.84,11.04,-0.1,-104.66,778.03,0.0,965.34,1371.0,6.9,13.12,0.87,0.52,0.13,0.24,3.19,0.27,-1.49,1.88,-1.56,-2.56,1.88,-1.56,-2.56,89.0,165.1,0.0,0.0,27.8,32.8,-100.2,-14.3,59.0,-153.8,7.9,27.1,-48.0,-3.7,60.0,-102.2,-10.6,3.7,-0.1,14.7,-20.8,21.7,-4.9,10.2,22.8,-8.4,3.6,4.5,2,4
1372,27.44,-0.06,271.63,9.88,11.06,-0.1,-104.94,779.17,0.0,966.64,1373.0,6.92,13.1,0.88,0.46,0.15,0.35,-3.58,-1.96,-1.94,-3.93,2.1,-0.74,-3.93,2.1,-0.74,132.9,0.0,0.0,0.0,22.7,37.2,-105.0,-30.0,41.0,-127.4,2.5,45.7,-48.0,-14.4,58.9,-77.4,-16.9,-1.7,5.8,18.7,-8.8,-18.7,2.6,-12.2,22.8,1.3,-8.1,4.7,1,4
1374,27.48,-0.06,272.03,9.92,11.07,-0.1,-105.44,780.03,0.0,967.44,1375.0,6.93,13.08,0.89,0.52,-0.02,0.43,-7.06,-3.01,-1.42,-6.56,4.11,0.98,-6.56,4.11,0.98,2.8,0.0,0.0,0.0,33.9,30.2,-94.4,-16.8,26.6,-156.0,14.8,42.9,-48.0,-6.3,45.7,-59.9,-13.6,4.8,16.8,8.3,9.6,-18.0,0.5,-8.3,22.8,15.0,-5.7,-16.0,2,4
1376,27.52,-0.06,272.42,9.96,11.09,-0.1,-105.66,781.14,0.0,968.8,1377.0,6.95,13.07,0.9,0.51,0.01,0.24,-0.65,-0.48,-0.17,-0.77,0.27,0.1,-0.77,0.27,0.1,0.0,0.0,57.7,117.0,44.0,16.3,-58.9,-1.1,45.7,-156.0,27.9,39.1,-48.0,10.4,55.3,-83.9,-13.3,4.4,-0.9,3.9,5.8,-19.7,-7.4,-20.3,21.5,14.3,-15.2,-8.4,2,4
1378,27.56,-0.06,272.82,9.99,11.11,-0.1,-105.94,782.26,0.0,970.08,1379.0,6.96,13.06,0.9,0.34,0.2,0.01,3.27,3.38,1.15,4.74,-0.79,-0.6,4.74,-0.79,-0.6,0.0,0.0,55.7,14.4,44.9,-4.2,-60.5,1.9,61.6,-156.0,33.6,23.0,-48.0,19.3,55.6,-106.9,5.0,10.1,-4.9,1.6,-1.9,-19.7,-13.7,-17.5,6.4,-0.9,-7.4,-3.4,2,4
1380,27.6,-0.06,273.22,10.04,11.13,-0.1,-106.15,783.39,0.0,971.47,1381.0,6.98,13.04,0.89,0.68,0.21,0.06,6.12,0.25,-1.24,2.96,-4.53,-3.12,2.96,-4.53,-3.12,0.0,109.6,82.1,153.8,43.9,2.6,-86.1,1.5,56.9,-156.0,25.3,11.6,-48.0,16.0,48.6,-122.7,-1.5,-0.6,-1.9,4.3,-8.0,-19.7,-9.4,-15.8,13.2,4.2,-3.4,8.6,2,4
1382,27.64,-0.06,273.61,10.09,11.15,-0.1,-106.29,784.53,0.0,972.94,1383.0,7.0,13.02,0.89,0.66,0.24,0.28,3.7,-0.81,-1.87,0.72,-2.91,-2.98,0.72,-2.91,-2.98,0.0,39.7,106.0,0.0,32.9,28.7,-103.3,-10.4,56.7,-156.0,17.2,12.4,-48.0,8.5,57.1,-116.0,-4.8,-0.2,-4.3,15.1,-16.5,-10.8,-17.3,-6.7,22.0,-2.3,2.2,2.1,2,4
1384,27.68,-0.06,274.01,10.14,11.17,-0.1,-106.53,785.66,0.0,974.29,1385.0,7.02,13.0,0.89,0.61,0.33,0.22,0.43,-1.59,-2.07,-1.26,-0.29,-2.31,-1.26,-0.29,-2.31,84.3,3.6,0.0,0.0,19.3,40.5,-109.0,-19.3,55.7,-150.0,6.8,26.4,-48.0,-6.4,68.8,-94.9,-11.5,-1.8,-0.8,17.3,-16.9,2.8,1.4,2.7,22.8,-2.3,-12.1,6.0,1,4
1386,27.72,-0.06,274.41,10.19,11.19,-0.1,-106.84,786.81,0.0,975.59,1387.0,7.04,12.98,0.9,0.54,0.28,0.31,-5.91,-1.45,-1.41,-3.24,5.34,-0.08,-3.24,5.34,-0.08,50.4,0.0,0.0,0.0,24.6,37.2,-103.8,-9.6,53.8,-156.0,4.1,43.0,-48.0,-15.2,53.0,-66.8,-12.5,3.7,10.1,14.9,-0.1,-18.1,0.5,-14.1,22.8,8.2,-2.8,1.5,2,4
1388,27.76,-0.06,274.81,10.23,11.21,-0.1,-107.22,787.96,0.0,976.82,1389.0,7.06,12.97,0.9,0.52,0.23,0.08,-1.13,-1.0,-0.83,-1.38,0.9,-0.5,-1.38,0.9,-0.5,40.0,0.0,74.3,31.0,33.3,27.2,-84.4,4.6,55.9,-156.0,11.7,38.8,-48.0,-0.7,49.1,-77.8,-7.4,4.5,14.1,-1.4,1.7,-19.7,-2.1,-15.6,22.5,16.4,-14.2,-7.6,2,4
1390,27.8,-0.06,275.21,10.26,11.23,-0.1,-107.5,789.11,0.0,978.14,1391.0,7.07,12.95,0.9,0.4,0.32,-0.15,-0.14,2.18,-0.18,2.02,0.74,-0.44,2.02,0.74,-0.44,0.0,0.0,49.4,31.1,41.4,8.3,-56.2,1.3,56.0,-156.0,23.5,30.6,-48.0,14.0,57.9,-103.3,-0.0,0.8,-12.1,4.9,0.0,-19.7,-5.5,-18.2,20.6,3.8,-9.4,-5.1,2,4
1392,27.84,-0.06,275.6,10.3,11.25,-0.1,-107.7,790.25,0.0,979.53,1393.0,7.09,12.94,0.88,0.48,0.35,0.04,7.12,0.09,-0.72,1.6,-6.42,-2.71,1.6,-6.42,-2.71,0.0,86.9,52.5,53.4,42.6,0.4,-76.7,5.0,56.7,-156.0,24.1,18.2,-48.0,20.8,54.4,-118.8,1.1,11.6,-0.1,3.8,-6.3,-19.7,-6.7,-19.9,15.0,4.1,-9.5,0.0,2,4
1394,27.88,-0.06,275.99,10.33,11.26,-0.1,-107.83,791.39,0.0,980.98,1395.0,7.1,12.93,0.89,0.35,0.36,0.16,2.93,0.09,-1.97,0.66,-2.14,-2.72,0.66,-2.14,-2.72,0.0,40.1,71.2,16.5,36.2,13.9,-92.6,-4.5,58.4,-156.0,18.2,17.5,-48.0,16.7,57.2,-121.6,-0.3,5.9,-0.1,9.0,-10.1,-19.7,-18.4,-17.9,15.6,-3.7,3.1,6.1,2,4
1396,27.92,-0.06,276.39,10.35,11.28,-0.1,-107.9,792.51,0.0,982.47,1397.0,7.12,12.91,0.89,0.3,0.38,0.16,2.87,-0.55,-2.14,0.04,-2.08,-2.96,0.04,-2.08,-2.96,41.0,0.0,58.0,0.0,25.3,29.7,-99.3,-12.3,57.5,-156.0,9.4,19.9,-48.0,4.4,60.0,-109.7,-6.4,-0.8,-3.3,16.6,-18.4,1.4,-9.4,1.0,22.8,-7.2,5.2,2.8,2,4
1398,27.96,-0.06,276.78,10.38,11.3,-0.1,-108.08,793.63,0.0,983.85,1399.0,7.13,12.9,0.89,0.28,0.35,0.09,-1.92,-1.15,-1.99,-0.74,2.45,-1.56,-0.74,2.45,-1.56,118.4,66.3,0.0,0.0,23.6,31.9,-97.0,-5.6,61.6,-156.0,3.0,29.3,-48.0,-14.4,59.1,-85.8,-14.9,3.3,-3.2,14.3,-17.3,-13.1,0.6,1.8,22.8,1.9,-10.9,4.3,2,4
1400,28.0,-0.06,277.18,10.4,11.32,-0.1,-108.39,794.77,0.0,985.12,1401.0,7.14,12.89,0.89,0.25,0.28,-0.02,-1.91,-0.79,-1.57,-0.48,2.3,-1.1,-0.48,2.3,-1.1,82.6,0.0,0.0,0.0,29.9,29.8,-91.8,6.2,62.8,-156.0,2.2,35.7,-48.0,-14.1,43.2,-72.0,-11.6,9.9,9.7,-7.3,-2.5,-19.7,5.6,-10.4,22.6,15.8,-3.0,-12.4,2,4
1402,28.04,-0.06,277.57,10.42,11.34,-0.1,-108.53,795.93,0.0,986.56,1403.0,7.15,12.88,0.89,0.22,0.25,-0.29,-1.73,0.54,-1.2,0.81,1.87,-0.75,0.81,1.87,-0.75,12.6,0.0,35.7,35.5,38.6,22.8,-76.7,0.1,61.8,-156.0,11.8,35.2,-48.0,-1.2,48.6,-87.6,-4.7,-0.7,0.1,5.3,-2.8,-19.7,-5.6,-16.5,20.9,7.2,-11.4,-6.9,2,4
1404,28.08,-0.06,277.96,10.43,11.35,-0.1,-108.71,797.08,0.0,987.95,1405.0,7.16,12.87,0.87,0.23,0.27,-0.06,4.88,-0.16,-0.79,-0.93,-4.34,-2.19,-0.93,-4.34,-2.19,0.0,0.0,111.6,76.5,42.0,12.4,-73.7,2.9,60.4,-156.0,15.5,27.8,-48.0,4.9,53.1,-101.1,1.7,8.4,-0.9,2.4,-3.4,-19.7,-9.4,-19.7,13.9,5.5,-11.4,-4.3,2,4
1406,28.12,-0.06,278.36,10.45,11.36,-0.1,-108.83,798.21,0.0,989.39,1407.0,7.17,12.86,0.87,0.18,0.26,0.04,1.48,-0.0,-1.56,-0.05,-0.96,-1.92,-0.05,-0.96,-1.92,0.0,59.4,52.5,52.9,36.6,21.8,-80.9,-1.5,62.3,-156.0,12.8,26.2,-48.0,3.5,57.1,-106.1,-1.0,-3.0,-2.5,7.1,-6.5,-19.7,-14.7,-19.6,12.4,0.6,-7.8,-3.1,2,4
1408,28.16,-0.06,278.75,10.46,11.38,-0.1,-108.9,799.33,0.0,990.86,1409.0,7.18,12.86,0.87,0.13,0.26,0.07,2.22,0.11,-1.76,-0.07,-1.61,-2.34,-0.07,-1.61,-2.34,28.2,65.9,65.4,0.0,32.3,25.6,-85.4,-9.1,60.3,-156.0,7.5,26.5,-48.0,-0.3,57.6,-108.7,-2.7,0.8,1.1,10.9,-17.8,2.3,-14.9,-10.5,21.1,-1.2,0.3,0.6,2,4
1410,28.2,-0.06,279.14,10.47,11.39,-0.1,-109.04,800.45,0.0,992.25,1411.0,7.19,12.85,0.88,0.08,0.29,0.22,-2.17,-1.34,-2.18,0.13,2.97,-1.56,0.13,2.97,-1.56,95.7,43.3,0.0,0.0,29.8,29.0,-85.8,-22.6,50.4,-142.8,1.7,32.7,-48.0,-5.2,56.1,-101.6,-12.7,3.4,0.7,13.4,-17.3,9.9,4.3,0.6,22.8,-2.1,-4.2,2.7,1,4
1412,28.24,-0.06,279.54,10.47,11.41,-0.1,-109.29,801.6,0.0,993.57,1413.0,7.19,12.84,0.89,0.09,0.21,0.18,-4.81,-1.04,-2.15,1.47,5.1,-0.81,1.47,5.1,-0.81,47.9,0.0,0.0,29.6,35.3,33.5,-88.8,-23.2,34.7,-152.3,6.9,37.7,-48.0,-7.1,48.6,-91.9,-14.7,-1.1,0.1,14.5,-0.1,-6.4,2.0,-5.1,22.8,4.8,-3.9,4.2,2,4
1414,28.28,-0.06,279.94,10.48,11.43,-0.1,-109.51,802.74,0.0,994.91,1415.0,7.2,12.83,0.89,0.11,0.21,0.13,-1.56,-0.11,-1.14,0.65,1.68,-0.72,0.65,1.68,-0.72,46.7,0.0,78.5,38.1,43.9,32.7,-86.2,-10.5,37.8,-156.0,16.4,33.1,-48.0,-0.9,46.1,-89.4,-12.9,3.9,4.2,-1.7,8.5,-19.7,-4.5,-13.4,21.6,13.5,-10.0,-5.3,2,4
1416,28.32,-0.06,280.34,10.48,11.45,-0.1,-109.6,803.87,0.0,996.37,1417.0,7.2,12.82,0.89,0.03,0.27,-0.09,1.63,1.78,-0.35,0.66,-2.12,-1.03,0.66,-2.12,-1.03,12.9,0.0,95.7,46.7,43.4,21.2,-80.3,-4.3,55.0,-156.0,19.4,26.4,-48.0,2.7,46.5,-99.5,-2.0,4.3,-2.3,3.6,-3.4,-19.7,-8.2,-17.2,18.5,6.3,-9.4,-2.8,2,4
1418,28.36,-0.06,280.73,10.49,11.46,-0.1,-109.74,805.0,0.0,997.79,1419.0,7.21,12.82,0.89,0.07,0.26,0.05,2.1,-0.17,-0.98,-1.15,-1.28,-1.56,-1.15,-1.28,-1.56,0.0,77.6,92.1,111.2,39.1,14.1,-83.6,-0.9,58.0,-156.0,16.3,20.6,-48.0,2.0,48.1,-104.9,0.3,5.4,-1.8,6.8,-7.9,-19.7,-11.4,-19.5,14.9,9.0,-9.4,1.2,2,4
1420,28.4,-0.06,281.13,10.49,11.48,-0.1,-109.79,806.15,0.0,999.3,1421.0,7.22,12.81,0.89,0.01,0.26,0.08,0.89,0.37,-1.39,0.02,-0.52,-1.61,0.02,-0.52,-1.61,0.0,63.3,97.4,0.0,36.3,17.1,-92.1,-4.0,56.5,-156.0,15.3,19.0,-48.0,2.1,48.1,-105.1,-6.1,4.3,-2.8,11.5,-5.3,-19.7,-17.1,-20.4,18.9,4.3,1.4,-1.2,2,4
1422,28.44,-0.06,281.53,10.5,11.5,-0.1,-109.87,807.29,0.0,1000.78,1423.0,7.23,12.8,0.89,0.01,0.27,0.05,2.92,0.1,-1.61,-1.34,-1.78,-2.48,-1.34,-1.78,-2.48,0.0,49.3,77.4,0.0,29.5,22.0,-105.6,-10.3,55.4,-156.0,9.2,19.4,-48.0,2.7,50.5,-104.5,-5.9,2.1,1.3,17.8,-14.1,-18.1,-13.9,-13.0,22.8,-8.5,-1.4,-0.4,2,4
1424,28.48,-0.06,281.93,10.5,11.52,-0.11,-110.03,808.42,0.0,1002.16,1425.0,7.23,12.79,0.89,0.0,0.26,0.04,-0.22,-1.24,-1.7,-0.23,1.34,-1.63,-0.23,1.34,-1.63,122.9,50.2,0.0,0.0,26.2,26.8,-102.5,-10.2,57.1,-156.0,6.0,24.0,-48.0,-9.8,45.8,-93.7,-13.0,5.3,2.9,18.6,-8.7,-17.2,-2.2,-0.7,22.8,-1.2,-2.9,6.8,2,4
1426,28.52,-0.06,282.33,10.5,11.54,-0.11,-110.21,809.57,0.0,1003.55,1427.0,7.24,12.78,0.89,0.04,0.24,-0.05,0.12,-2.25,-1.43,-1.25,1.83,-1.49,-1.25,1.83,-1.49,90.3,33.0,23.9,0.0,28.7,29.1,-92.4,4.1,63.9,-156.0,7.5,30.8,-48.0,-16.3,37.9,-77.8,-11.9,12.3,2.0,-3.9,-1.1,-19.7,-0.3,-6.8,22.4,14.2,-3.2,-7.0,2,4
1428,28.56,-0.06,282.73,10.5,11.55,-0.11,-110.29,810.73,0.0,1005.07,1429.0,7.24,12.78,0.89,0.03,0.22,-0.35,-1.0,-1.05,-1.24,0.33,1.56,-1.04,0.33,1.56,-1.04,15.0,0.0,45.5,43.0,31.5,34.9,-87.4,-2.5,64.5,-156.0,9.6,37.0,-48.0,-15.0,46.5,-83.4,-5.9,5.7,1.5,2.7,-1.4,-19.7,-8.5,-13.4,19.2,12.4,-9.4,-6.2,2,4
1430,28.6,-0.06,283.13,10.5,11.57,-0.11,-110.38,811.9,0.0,1006.55,1431.0,7.25,12.77,0.87,-0.06,0.23,-0.54,-0.71,1.82,-0.58,1.7,-1.0,-0.5,1.7,-1.0,-0.5,4.2,0.0,67.8,56.0,37.4,34.4,-88.0,-3.0,62.1,-156.0,14.0,36.0,-48.0,-10.7,51.6,-92.4,-4.0,0.0,-1.7,6.2,-1.9,-19.7,-11.3,-19.4,15.5,8.8,-7.4,-0.9,2,4
1432,28.64,-0.06,283.52,10.5,11.58,-0.11,-110.47,813.06,0.0,1008.03,1433.0,7.26,12.77,0.86,-0.18,0.21,0.18,0.96,0.02,-0.88,-0.58,-0.42,-1.08,-0.58,-0.42,-1.08,0.0,24.6,85.3,92.9,35.6,29.7,-93.4,-1.7,66.9,-156.0,13.7,29.6,-48.0,-8.8,52.6,-94.5,-2.2,-0.8,-0.8,8.1,-7.6,-19.7,-15.1,-20.9,15.5,9.8,-9.7,-6.5,2,4
1434,28.68,-0.06,283.92,10.5,11.59,-0.11,-110.53,814.21,0.0,1009.53,1435.0,7.27,12.77,0.87,-0.19,0.2,0.17,1.06,-0.17,-1.04,-0.73,-0.29,-1.27,-0.73,-0.29,-1.27,0.0,38.2,86.7,30.0,30.9,27.5,-96.2,-1.6,65.1,-156.0,12.1,27.7,-48.0,-8.1,53.8,-98.4,-2.1,0.0,1.1,12.8,-9.1,-19.2,-18.7,-20.2,17.9,2.2,-3.4,-4.7,2,4
1436,28.72,-0.06,284.32,10.5,11.61,-0.11,-110.57,815.36,0.0,1011.05,1437.0,7.28,12.76,0.88,-0.19,0.2,0.06,0.6,0.32,-1.31,-0.03,-0.48,-1.4,-0.03,-0.48,-1.4,0.0,43.3,57.5,1.1,27.2,26.2,-97.8,-5.0,62.9,-156.0,9.0,26.2,-48.0,-9.4,52.8,-101.6,-6.0,5.4,1.3,15.6,-15.5,-7.1,-8.9,-10.1,22.8,-4.1,-2.3,0.6,2,4
1438,28.76,-0.06,284.72,10.5,11.63,-0.11,-110.7,816.51,0.0,1012.49,1439.0,7.29,12.76,0.89,-0.16,0.17,0.06,-1.04,-0.84,-1.51,0.93,1.3,-1.23,0.93,1.3,-1.23,124.0,82.9,0.0,0.0,28.7,28.7,-94.9,-1.0,63.2,-156.0,9.1,29.1,-48.0,-16.9,41.5,-88.7,-14.6,4.9,3.2,12.9,-1.1,-19.8,-1.1,-1.2,22.8,2.7,0.1,6.9,2,4
1440,28.8,-0.06,285.12,10.5,11.65,-0.11,-110.86,817.67,0.0,1013.9,1441.0,7.3,12.75,0.89,-0.07,0.15,-0.12,0.26,-2.05,-1.47,-0.74,1.9,-1.51,-0.74,1.9,-1.51,123.0,15.3,27.7,87.1,31.2,33.6,-86.7,7.5,71.3,-156.0,10.2,35.2,-48.0,-19.7,38.9,-78.8,-11.0,12.7,9.8,-6.4,1.8,-19.7,-0.8,-7.4,21.2,16.7,-2.7,-5.0,2,4
1442,28.84,-0.06,285.52,10.5,11.66,-0.11,-110.99,818.85,0.0,1015.37,1443.0,7.3,12.75,0.87,-0.14,0.12,-0.45,-1.48,-0.74,-0.92,1.24,1.22,-0.73,1.24,1.22,-0.73,0.0,0.0,58.5,58.6,35.4,39.8,-80.2,-5.9,72.0,-156.0,11.3,42.9,-48.0,-18.8,48.6,-86.6,-3.1,-4.2,-5.6,4.2,-4.5,-19.7,-9.4,-18.1,15.1,12.2,-11.6,-6.2,2,4
1444,28.88,-0.06,285.91,10.5,11.67,-0.11,-111.16,820.01,0.0,1016.77,1445.0,7.32,12.75,0.86,-0.26,0.16,-0.16,4.12,1.3,-0.59,-3.41,-2.39,-1.28,-3.41,-2.39,-1.28,16.4,0.0,86.3,49.2,37.1,34.5,-86.9,-3.3,63.5,-156.0,12.9,39.3,-48.0,-16.9,49.0,-94.1,-0.8,4.5,0.1,4.0,-1.7,-19.7,-12.2,-20.5,12.2,12.2,-5.7,-2.9,2,4
1446,28.92,-0.06,286.31,10.5,11.69,-0.11,-111.24,821.17,0.0,1018.26,1447.0,7.33,12.75,0.87,-0.34,0.14,0.26,0.34,0.74,-0.58,0.01,-0.8,-0.61,0.01,-0.8,-0.61,0.0,55.3,89.9,60.4,33.3,29.7,-91.0,-0.9,64.8,-156.0,10.4,32.3,-48.0,-16.1,47.7,-94.7,-0.6,1.1,-0.0,6.3,-4.8,-19.7,-16.4,-21.3,13.9,9.2,-5.5,-8.9,2,4
1448,28.96,-0.06,286.71,10.5,11.7,-0.11,-111.31,822.32,0.0,1019.76,1449.0,7.34,12.75,0.87,-0.29,0.12,0.05,0.58,0.58,-0.81,-0.2,-0.68,-0.91,-0.2,-0.68,-0.91,0.0,46.4,82.6,18.3,33.9,25.2,-92.2,-1.9,63.0,-156.0,11.2,27.8,-48.0,-11.5,47.1,-99.2,-4.0,0.7,2.5,11.3,-12.6,-12.9,-17.0,-19.5,21.4,1.8,-2.7,-3.5,2,4
1450,29.0,-0.06,287.1,10.5,11.72,-0.11,-111.36,823.47,0.0,1021.26,1451.0,7.35,12.74,0.88,-0.29,0.1,0.04,-0.27,0.2,-1.07,0.59,-0.12,-0.94,0.59,-0.12,-0.94,67.0,45.8,52.9,34.6,33.0,24.9,-89.6,-5.3,60.1,-156.0,8.7,26.6,-48.0,-12.1,44.5,-101.3,-7.9,3.7,3.4,14.2,-11.1,-8.3,-3.9,-8.0,22.8,-2.9,-5.7,1.6,2,4
1452,29.04,-0.06,287.5,10.5,11.73,-0.11,-111.43,824.62,0.0,1022.76,1453.0,7.36,12.74,0.88,-0.22,0.08,-0.05,-0.34,-0.75,-1.17,0.5,0.83,-1.05,0.5,0.83,-1.05,108.4,77.5,0.0,75.4,35.1,27.8,-88.7,-1.2,61.3,-156.0,10.8,28.6,-48.0,-14.8,38.9,-92.7,-12.6,12.0,0.8,5.2,6.0,-19.7,1.1,-1.3,22.5,7.0,-2.1,3.1,2,4
1454,29.08,-0.06,287.9,10.5,11.75,-0.11,-111.51,825.78,0.0,1024.25,1455.0,7.37,12.74,0.88,-0.11,0.09,-0.32,0.73,-1.25,-1.07,-0.63,1.18,-1.21,-0.63,1.18,-1.21,97.9,0.0,31.4,96.6,35.2,41.8,-93.5,-3.8,67.9,-156.0,11.1,33.6,-48.0,-17.9,42.0,-86.0,-12.8,8.5,2.8,-1.5,-0.2,-19.7,-5.2,-8.2,20.8,14.6,-5.8,-4.5,2,4
1456,29.12,-0.06,288.29,10.5,11.76,-0.11,-111.62,826.94,0.0,1025.71,1457.0,7.38,12.74,0.86,-0.23,0.05,-0.52,0.65,0.77,-0.58,-0.46,-0.82,-0.68,-0.46,-0.82,-0.68,0.0,0.0,101.8,118.2,35.5,47.8,-96.6,-7.8,66.7,-156.0,10.5,36.3,-48.0,-18.8,48.6,-87.6,0.4,-4.8,1.1,3.7,-2.8,-19.7,-13.0,-18.0,12.2,11.0,-11.4,-2.9,2,4
1458,29.16,-0.06,288.69,10.5,11.77,-0.11,-111.69,828.1,0.0,1027.21,1459.0,7.39,12.74,0.86,-0.34,0.04,0.24,-0.14,-0.36,-0.78,0.29,0.36,-0.73,0.29,0.36,-0.73,14.8,23.3,82.0,92.7,34.9,39.6,-92.9,-3.0,66.1,-156.0,11.7,31.9,-48.0,-16.3,48.8,-89.2,-2.4,-3.1,0.7,6.8,-7.2,-19.7,-15.7,-20.4,14.7,10.7,-9.3,-7.3,2,4
1460,29.2,-0.06,289.09,10.5,11.79,-0.11,-111.75,829.26,0.0,1028.72,1461.0,7.41,12.74,0.87,-0.34,0.03,0.03,-0.39,0.49,-0.4,0.49,-0.47,-0.29,0.49,-0.47,-0.29,38.0,65.3,90.9,50.3,34.1,31.0,-91.0,-2.0,64.2,-156.0,14.6,27.0,-48.0,-11.7,48.3,-91.8,-4.5,-0.1,-1.3,11.6,-3.7,-19.7,-18.5,-21.4,18.4,6.1,-5.4,-7.9,2,4
1462,29.24,-0.06,289.49,10.5,11.8,-0.11,-111.82,830.41,0.0,1030.21,1463.0,7.42,12.74,0.87,-0.31,0.04,0.01,1.06,0.1,-0.85,-0.8,-0.13,-1.09,-0.8,-0.13,-1.09,0.0,35.9,80.7,24.1,33.4,25.8,-96.2,-2.1,63.4,-156.0,15.9,22.1,-48.0,-8.2,49.1,-98.0,-5.0,0.9,-0.1,15.7,-15.1,-17.2,-16.5,-19.2,22.2,-1.2,-5.5,-3.1,2,4
1464,29.28,-0.06,289.89,10.5,11.82,-0.11,-111.9,831.56,0.0,1031.7,1465.0,7.43,12.74,0.88,-0.31,0.02,0.04,-0.25,-0.28,-1.29,0.59,0.22,-1.19,0.59,0.22,-1.19,5.7,71.4,46.6,31.5,31.5,26.2,-94.9,-3.0,62.6,-156.0,14.1,22.2,-48.0,-12.1,44.4,-95.4,-8.3,7.2,1.5,15.9,0.9,-19.8,-3.1,-3.6,22.8,-2.9,-6.1,2.0,2,4
1466,29.32,-0.06,290.29,10.5,11.83,-0.11,-112.02,832.72,0.0,1033.16,1467.0,7.44,12.74,0.88,-0.13,0.01,-0.17,0.66,-2.2,-1.59,-0.12,2.21,-1.72,-0.12,2.21,-1.72,136.5,43.7,0.0,58.1,34.0,37.9,-92.2,5.4,77.2,-156.0,16.6,29.2,-48.0,-17.4,42.2,-87.3,-13.8,18.1,5.8,-0.6,3.9,-19.7,-0.4,-1.0,22.0,12.1,-0.8,-3.7,2,4
1468,29.36,-0.06,290.68,10.5,11.85,-0.11,-112.18,833.89,0.0,1034.57,1469.0,7.45,12.73,0.87,-0.11,-0.07,-0.48,0.42,-2.62,-1.09,0.1,2.58,-1.26,0.1,2.58,-1.26,2.3,0.0,52.4,53.2,33.1,59.5,-84.3,-6.1,88.4,-156.0,14.0,42.4,-48.0,-23.7,54.1,-81.9,-6.2,-6.8,-0.3,2.2,-6.3,-19.7,-9.4,-13.5,19.6,15.7,-8.6,-14.4,2,4
1470,29.4,-0.06,291.07,10.5,11.86,-0.11,-112.43,835.07,0.0,1035.9,1471.0,7.46,12.74,0.85,-0.42,-0.08,0.1,-1.74,1.52,-0.36,1.47,-1.81,-0.18,1.47,-1.81,-0.18,0.0,0.0,97.0,72.6,41.5,54.4,-88.5,-4.9,74.9,-156.0,16.1,45.7,-48.0,-21.9,58.6,-83.6,-6.5,-0.0,-2.6,6.1,-4.3,-19.7,-14.8,-20.7,15.8,14.9,-8.0,-7.5,2,4
1472,29.44,-0.06,291.47,10.5,11.87,-0.11,-112.6,836.24,0.0,1037.32,1473.0,7.48,12.74,0.86,-0.47,-0.06,-0.03,-1.71,2.88,0.23,1.1,-3.13,0.46,1.1,-3.13,0.46,0.0,9.2,85.0,79.2,34.9,35.1,-95.7,8.6,72.0,-156.0,20.3,35.8,-48.0,-12.7,52.7,-81.3,-0.6,-0.6,0.5,5.7,-13.5,-19.7,-17.5,-20.9,16.3,7.6,-13.4,-13.4,2,4
1474,29.48,-0.06,291.86,10.5,11.88,-0.11,-112.74,837.4,0.0,1038.73,1475.0,7.49,12.73,0.86,-0.28,0.0,0.09,0.24,1.31,-0.24,-0.41,-1.26,-0.29,-0.41,-1.26,-0.29,0.0,60.6,93.8,61.0,34.2,26.7,-95.2,2.7,67.9,-156.0,18.8,27.5,-48.0,-9.8,51.0,-87.7,-3.4,-1.7,-1.5,15.5,-11.5,-19.7,-19.6,-21.4,19.5,4.5,-9.0,-9.4,2,4
1476,29.52,-0.06,292.26,10.5,11.9,-0.11,-112.86,838.54,0.0,1040.17,1477.0,7.5,12.73,0.87,-0.25,-0.01,0.06,0.64,0.71,-0.84,-0.49,-0.63,-0.98,-0.49,-0.63,-0.98,0.0,63.7,74.9,9.0,33.5,24.5,-95.2,-2.4,63.5,-156.0,17.0,24.2,-48.0,-9.8,50.5,-99.9,-4.8,4.1,0.4,16.2,-11.8,-15.0,-12.0,-16.3,22.4,-4.5,-5.5,-1.4,2,4
1478,29.56,-0.06,292.65,10.5,11.91,-0.11,-113.01,839.69,0.0,1041.58,1479.0,7.51,12.73,0.88,-0.17,-0.03,0.0,-1.24,-0.44,-1.17,1.61,0.05,-0.71,1.61,0.05,-0.71,0.0,99.5,0.0,0.0,34.7,27.4,-92.6,-0.1,62.8,-156.0,17.6,26.9,-48.0,-19.2,36.7,-95.1,-12.9,5.8,0.5,13.0,5.0,-19.8,-2.1,-0.5,22.8,4.2,1.8,6.7,2,4
1480,29.6,-0.07,293.05,10.5,11.93,-0.11,-113.16,840.83,0.0,1042.98,1481.0,7.51,12.73,0.87,-0.02,-0.01,-0.2,1.24,-1.25,-1.04,-0.5,1.5,-1.29,-0.5,1.5,-1.29,129.6,4.0,44.3,91.5,36.1,36.6,-90.3,4.2,73.9,-156.0,15.9,33.0,-48.0,-22.4,32.6,-82.2,-16.4,11.2,2.1,-4.1,-3.7,-19.7,-2.4,-7.5,20.5,15.2,-1.2,-1.1,2,4
1482,29.64,-0.07,293.44,10.5,11.94,-0.11,-113.27,841.99,0.0,1044.43,1483.0,7.51,12.73,0.86,-0.04,-0.04,-0.41,0.51,-0.56,-0.25,-0.24,0.66,-0.36,-0.24,0.66,-0.36,0.0,0.0,60.4,48.9,32.6,48.2,-96.1,-8.5,71.2,-156.0,12.2,39.4,-48.0,-26.5,40.8,-81.3,-0.2,-9.7,2.4,4.4,-1.7,-19.7,-11.5,-18.0,10.3,14.5,-7.8,-7.2,2,4
1484,29.68,-0.07,293.83,10.5,11.95,-0.11,-113.37,843.14,0.0,1045.89,1485.0,7.52,12.73,0.85,-0.16,-0.05,0.2,-0.95,0.37,-0.09,0.77,-0.65,0.16,0.77,-0.65,0.16,0.0,0.0,86.1,102.5,33.1,38.9,-96.3,-0.7,69.6,-156.0,15.1,34.8,-48.0,-22.9,45.7,-86.2,-0.9,3.5,0.7,3.5,-5.5,-19.7,-15.0,-20.5,12.1,13.7,-7.8,-7.6,2,4
1486,29.72,-0.07,294.23,10.5,11.96,-0.11,-113.47,844.29,0.0,1047.34,1487.0,7.53,12.73,0.86,-0.11,-0.04,0.05,0.49,0.76,-0.49,-0.54,-0.61,-0.63,-0.54,-0.61,-0.63,0.0,72.2,88.2,73.4,34.3,31.3,-94.9,1.8,68.1,-156.0,18.8,29.5,-48.0,-17.3,45.4,-87.8,-3.8,1.9,1.6,7.3,-3.7,-19.7,-16.9,-21.1,11.6,9.5,-7.1,-11.6,2,4
1488,29.76,-0.07,294.62,10.5,11.98,-0.11,-113.55,845.44,0.0,1048.81,1489.0,7.53,12.73,0.86,-0.07,-0.05,0.03,0.93,0.4,-0.5,-0.81,-0.14,-0.77,-0.81,-0.14,-0.77,0.0,52.1,78.9,21.1,33.0,30.2,-92.1,0.2,67.7,-156.0,16.8,27.4,-48.0,-16.3,48.0,-95.8,-5.3,2.4,0.5,12.5,-12.7,-6.3,-17.1,-17.8,19.9,3.3,1.8,-6.2,2,4
1490,29.8,-0.07,295.01,10.5,11.99,-0.11,-113.72,846.57,0.0,1050.18,1491.0,7.53,12.73,0.87,-0.06,-0.02,0.18,-0.89,-0.39,-1.12,1.26,-0.14,-0.76,1.26,-0.14,-0.76,93.8,81.2,0.0,0.0,30.3,32.9,-94.3,-10.8,61.1,-151.5,12.8,30.2,-48.0,-14.9,52.0,-100.6,-11.1,2.4,3.5,13.9,-19.1,13.5,-0.5,3.0,22.8,-1.4,-6.5,7.3,2,4
1492,29.84,-0.07,295.4,10.5,12.0,-0.11,-113.96,847.71,0.0,1051.49,1493.0,7.53,12.74,0.88,-0.02,-0.06,0.23,-3.72,-1.54,-0.76,4.06,-0.1,0.49,4.06,-0.1,0.49,53.3,0.0,0.0,0.0,34.6,33.0,-93.9,-11.2,51.4,-156.0,13.2,37.6,-48.0,-14.5,40.7,-76.2,-14.2,2.5,4.5,11.2,0.0,-17.8,-0.3,-6.1,22.6,5.1,-1.9,2.9,2,4
1494,29.88,-0.07,295.8,10.5,12.02,-0.11,-114.16,848.85,0.0,1052.83,1495.0,7.53,12.74,0.88,0.03,-0.03,0.02,1.7,-0.7,-0.13,-1.19,1.34,-0.43,-1.19,1.34,-0.43,8.3,0.0,25.5,103.8,35.9,29.7,-86.0,-3.5,55.0,-156.0,16.1,38.6,-48.0,-10.0,42.9,-74.8,-10.7,6.3,3.0,-3.8,-0.3,-19.7,-5.7,-14.9,18.0,14.7,-10.4,-9.2,2,4
1496,29.92,-0.07,296.19,10.51,12.03,-0.11,-114.25,849.99,0.0,1054.3,1497.0,7.53,12.74,0.87,-0.01,0.01,-0.29,1.6,1.13,0.18,-1.92,-0.37,-0.26,-1.92,-0.37,-0.26,0.0,0.0,59.4,129.4,34.0,23.7,-83.4,-7.0,56.8,-156.0,15.5,35.1,-48.0,-10.6,49.7,-88.0,-1.9,5.5,-3.9,4.5,-0.5,-19.7,-10.1,-19.3,10.4,12.2,-13.8,-6.3,2,4
1498,29.96,-0.07,296.59,10.51,12.05,-0.11,-114.37,851.14,0.0,1055.74,1499.0,7.53,12.74,0.86,0.01,-0.01,0.04,3.02,0.19,-0.08,-2.68,1.0,-1.01,-2.68,1.0,-1.01,0.0,52.4,80.5,89.7,35.3,22.2,-89.6,-4.9,63.4,-156.0,14.8,27.6,-48.0,-9.3,50.4,-93.2,-0.2,4.7,0.4,6.8,-3.5,-19.7,-14.5,-20.0,7.9,8.8,-9.0,-5.1,2,4
1500,30.0,-0.07,296.98,10.51,12.06,-0.11,-114.44,852.28,0.0,1057.21,1501.0,7.53,12.74,0.87,0.01,-0.02,0.09,1.0,-0.1,-0.29,-0.75,0.43,-0.59,-0.75,0.43,-0.59,0.0,68.5,84.4,33.3,30.3,27.0,-89.0,-5.4,63.9,-156.0,12.0,27.1,-48.0,-10.4,52.9,-96.8,-3.7,3.2,-1.6,9.7,-3.7,-18.9,-14.9,-19.5,11.4,7.1,-1.2,-6.5,2,4
1502,30.04,-0.07,297.38,10.51,12.08,-0.11,-114.5,853.41,0.0,1058.7,1503.0,7.53,12.74,0.87,0.04,-0.02,0.0,0.68,0.09,-0.47,-0.51,0.09,-0.65,-0.51,0.09,-0.65,0.0,122.6,50.6,0.0,28.3,27.9,-91.9,-8.2,63.4,-155.6,10.5,26.7,-48.0,-9.0,55.7,-101.9,-6.9,2.6,2.0,11.6,-19.0,13.3,-10.1,-1.9,22.5,-1.8,0.1,0.3,2,4
1504,30.08,-0.07,297.77,10.51,12.09,-0.11,-114.66,854.54,0.0,1060.08,1505.0,7.53,12.74,0.88,0.01,-0.03,0.17,-2.83,-0.98,-1.11,3.12,-0.61,-0.29,3.12,-0.61,-0.29,53.8,0.0,0.0,78.3,28.6,31.1,-93.8,-16.3,54.4,-148.9,9.7,33.4,-48.0,-11.7,52.6,-96.9,-14.2,4.0,3.9,12.2,-17.5,-14.2,0.7,-2.0,22.8,3.0,-8.0,1.6,1,4
1506,30.12,-0.07,298.17,10.51,12.11,-0.11,-114.8,855.69,0.0,1061.5,1507.0,7.53,12.74,0.88,0.05,-0.05,0.16,-3.79,-0.92,-0.67,3.79,-1.07,0.44,3.79,-1.07,0.44,52.7,0.0,131.5,88.7,36.3,33.0,-94.4,-14.2,43.7,-156.0,12.5,33.8,-48.0,-9.9,44.1,-87.6,-13.6,5.2,1.9,5.1,5.4,-19.7,0.3,-4.1,21.7,9.4,-5.3,-1.1,2,4
1508,30.16,-0.07,298.57,10.52,12.12,-0.11,-114.89,856.82,0.0,1062.97,1509.0,7.53,12.75,0.88,0.07,0.0,-0.08,0.87,0.46,0.33,-1.03,0.03,0.03,-1.03,0.03,0.03,48.5,0.0,90.5,99.1,38.3,30.6,-92.3,-7.6,51.7,-156.0,16.6,33.5,-48.0,-6.2,46.3,-90.7,-11.5,6.9,3.3,2.5,1.4,-19.7,-6.1,-16.6,18.2,11.9,-10.3,-4.8,2,4
1510,30.2,-0.07,298.96,10.53,12.14,-0.11,-114.95,857.96,0.0,1064.46,1511.0,7.52,12.75,0.88,0.12,0.03,-0.28,1.95,1.87,0.33,-2.61,-0.67,-0.37,-2.61,-0.67,-0.37,0.0,0.0,102.6,98.4,37.1,24.0,-91.3,-2.0,60.1,-156.0,14.3,26.3,-48.0,-7.1,46.9,-98.2,-1.6,3.8,0.6,3.4,-1.9,-19.7,-9.7,-19.5,7.1,9.6,-7.4,-3.7,2,4
1512,30.24,-0.07,299.36,10.53,12.16,-0.11,-115.04,859.1,0.0,1065.93,1513.0,7.52,12.75,0.88,0.07,0.01,0.11,0.52,-0.21,-0.16,-0.28,0.41,-0.32,-0.28,0.41,-0.32,55.2,69.3,99.1,55.1,34.3,25.6,-89.3,-3.7,61.4,-156.0,12.9,24.9,-48.0,-7.4,49.3,-101.3,-2.2,-1.3,0.1,8.1,-3.3,-19.7,-16.1,-19.7,7.6,5.0,-6.1,-3.1,2,4
1514,30.28,-0.07,299.76,10.54,12.17,-0.11,-115.07,860.24,0.0,1067.46,1515.0,7.52,12.75,0.88,0.09,0.0,0.0,0.93,0.38,-0.13,-0.92,0.09,-0.41,-0.92,0.09,-0.41,71.1,75.1,85.4,5.6,32.0,24.9,-89.3,-6.6,60.9,-156.0,11.1,23.8,-48.0,-6.7,51.1,-104.2,-7.1,3.3,-3.2,13.3,-8.8,-16.0,-14.9,-18.2,19.9,2.8,0.8,-0.7,2,4
1516,30.32,-0.07,300.15,10.55,12.19,-0.11,-115.13,861.37,0.0,1068.94,1517.0,7.51,12.75,0.88,0.1,0.03,0.08,0.98,-0.49,-0.67,-0.37,0.71,-1.0,-0.37,0.71,-1.0,81.5,63.2,18.3,41.7,29.0,27.0,-89.7,-13.3,58.9,-155.2,7.2,26.1,-48.0,-8.3,52.9,-103.8,-9.7,4.9,-0.8,13.5,-18.5,10.4,-3.6,2.7,22.8,-1.4,-2.9,3.9,2,4
1518,30.36,-0.07,300.55,10.55,12.2,-0.11,-115.28,862.51,0.0,1070.35,1519.0,7.51,12.75,0.88,0.07,-0.03,0.09,-3.21,-0.75,-0.99,3.2,-1.26,0.05,3.2,-1.26,0.05,51.6,0.0,0.0,58.2,32.0,31.8,-91.3,-17.9,51.2,-156.0,6.2,34.2,-48.0,-13.3,44.6,-89.4,-15.3,1.3,1.7,13.5,-6.0,-19.1,1.0,-4.9,22.8,4.9,-1.8,3.2,2,4
1520,30.4,-0.07,300.95,10.56,12.22,-0.11,-115.38,863.64,0.0,1071.81,1521.0,7.51,12.76,0.88,0.1,-0.11,0.0,-1.47,-0.63,-0.31,1.59,-0.32,0.18,1.59,-0.32,0.18,50.0,0.0,77.5,96.9,38.6,33.8,-89.7,-10.9,50.5,-156.0,9.7,32.9,-48.0,-9.5,42.6,-84.9,-13.5,3.4,9.5,0.3,6.3,-19.7,-2.9,-11.3,20.0,14.2,-8.0,-6.5,2,4
1522,30.44,-0.07,301.34,10.56,12.23,-0.11,-115.49,864.78,0.0,1073.26,1523.0,7.51,12.76,0.88,0.07,-0.07,-0.18,1.58,0.98,0.42,-1.9,0.11,-0.13,-1.9,0.11,-0.13,32.0,0.0,95.2,134.7,40.2,23.0,-76.8,-8.2,57.6,-156.0,13.4,29.5,-48.0,-5.0,47.3,-99.3,-7.8,4.7,-2.4,5.0,-0.4,-19.7,-7.1,-18.8,13.5,10.4,-14.3,-4.5,2,4
1524,30.48,-0.07,301.74,10.57,12.25,-0.11,-115.63,865.93,0.0,1074.68,1525.0,7.51,12.77,0.88,0.09,-0.07,0.05,1.01,-0.04,-0.12,-0.74,0.54,-0.44,-0.74,0.54,-0.44,0.0,81.3,102.7,81.4,35.3,21.4,-82.3,-5.3,60.4,-156.0,12.0,25.0,-48.0,-4.4,51.7,-105.8,0.7,6.8,0.6,6.7,-0.6,-19.7,-15.0,-19.9,4.7,5.3,-10.1,-2.5,2,4
1526,30.52,-0.07,302.14,10.58,12.26,-0.11,-115.68,867.06,0.0,1076.18,1527.0,7.51,12.77,0.88,0.09,-0.07,0.03,0.9,0.11,-0.27,-0.7,0.33,-0.54,-0.7,0.33,-0.54,51.7,79.3,89.7,22.1,33.9,26.7,-87.4,-6.9,60.7,-156.0,10.7,24.2,-48.0,-4.7,52.6,-107.3,-4.9,2.8,-3.7,11.5,-2.6,-19.7,-14.1,-20.0,13.8,5.6,-1.2,-1.4,2,4
1528,30.56,-0.07,302.53,10.59,12.28,-0.11,-115.74,868.18,0.0,1077.67,1529.0,7.51,12.78,0.88,0.11,-0.07,0.07,2.0,-0.4,-0.52,-1.19,1.26,-1.19,-1.19,1.26,-1.19,64.2,113.2,36.5,11.7,30.4,29.1,-92.5,-10.6,60.4,-155.9,8.1,24.7,-48.0,-4.2,55.5,-108.1,-6.3,3.2,1.4,12.2,-19.2,13.6,-9.6,1.0,22.4,-3.7,-0.9,1.7,2,4
1530,30.6,-0.07,302.93,10.6,12.3,-0.11,-115.91,869.32,0.0,1079.05,1531.0,7.5,12.78,0.88,0.09,-0.07,0.18,-3.39,-2.36,-1.25,4.25,-0.54,-0.5,4.25,-0.54,-0.5,74.6,0.0,0.0,0.0,28.3,34.3,-96.2,-24.1,47.1,-139.6,5.4,38.5,-48.0,-7.9,54.9,-94.5,-13.8,1.9,4.6,13.9,-10.9,-16.0,3.1,-10.8,22.8,1.8,-8.8,0.8,1,4
1532,30.64,-0.07,303.33,10.6,12.31,-0.11,-116.22,870.47,0.0,1080.31,1533.0,7.5,12.79,0.89,0.09,-0.14,0.09,-4.51,-1.72,-0.73,4.58,-1.64,0.3,4.58,-1.64,0.3,36.9,0.0,0.0,58.8,35.4,35.4,-95.9,-19.2,35.4,-156.0,12.7,35.5,-48.0,-5.6,49.1,-86.9,-12.5,3.1,1.7,8.3,9.0,-19.2,-1.8,-4.4,22.1,7.4,-5.9,-2.9,2,4
1534,30.68,-0.07,303.73,10.61,12.33,-0.11,-116.34,871.62,0.0,1081.77,1535.0,7.5,12.79,0.89,0.1,-0.11,-0.07,1.02,0.08,0.04,-0.81,0.61,-0.14,-0.81,0.61,-0.14,58.0,0.0,43.8,100.3,38.5,33.0,-93.2,-9.7,50.3,-156.0,17.7,34.9,-48.0,-1.3,51.7,-90.7,-12.8,11.4,4.4,2.9,0.3,-19.7,-6.9,-13.6,19.8,11.6,-10.0,-4.1,2,4
1536,30.72,-0.07,304.12,10.62,12.35,-0.11,-116.44,872.77,0.0,1083.24,1537.0,7.5,12.8,0.88,0.09,-0.07,-0.26,2.6,2.06,0.15,-3.28,0.15,-0.5,-3.28,0.15,-0.5,0.0,0.0,102.3,80.4,36.0,26.7,-92.5,-0.8,59.2,-156.0,15.1,28.7,-48.0,-2.6,51.9,-97.9,-1.4,2.9,-2.4,1.7,-1.7,-19.7,-7.6,-17.6,15.2,7.5,-6.0,-0.2,2,4
1538,30.76,-0.07,304.52,10.62,12.36,-0.11,-116.54,873.92,0.0,1084.71,1539.0,7.5,12.8,0.88,0.04,-0.09,0.22,1.99,-0.49,-0.48,-1.02,1.55,-1.0,-1.02,1.55,-1.0,0.0,44.2,36.6,101.8,34.0,26.1,-92.2,-4.0,61.8,-156.0,12.2,25.2,-48.0,-4.0,51.3,-98.1,-1.2,-3.3,1.6,10.8,-8.8,-19.7,-16.4,-19.3,8.6,6.2,-10.2,-1.4,2,4
1540,30.8,-0.07,304.92,10.63,12.38,-0.11,-116.62,875.07,0.0,1086.2,1541.0,7.51,12.81,0.88,0.03,-0.1,0.11,0.66,0.51,-0.25,-0.78,-0.0,-0.4,-0.78,-0.0,-0.4,5.9,62.1,31.0,8.5,32.2,22.8,-88.1,-6.2,59.2,-156.0,10.8,23.5,-48.0,-4.4,49.5,-97.4,-6.0,-0.1,-0.7,12.6,-9.6,-19.2,-15.7,-19.7,18.4,2.7,0.3,-3.4,2,4
1542,30.84,-0.07,305.32,10.63,12.39,-0.11,-116.65,876.2,0.0,1087.71,1543.0,7.51,12.81,0.89,0.05,-0.1,0.08,1.15,0.15,-0.47,-0.84,0.51,-0.78,-0.84,0.51,-0.78,54.9,33.2,56.9,36.1,29.8,21.5,-87.3,-9.5,57.9,-156.0,8.5,22.5,-48.0,-5.1,49.3,-99.3,-5.9,2.6,1.6,13.7,-15.2,-5.1,-8.7,-5.5,22.1,-3.6,-6.6,-3.7,2,4
1544,30.88,-0.07,305.71,10.63,12.41,-0.11,-116.69,877.33,0.0,1089.22,1545.0,7.51,12.82,0.89,0.05,-0.11,0.06,-0.56,-0.06,-0.8,0.52,-0.57,-0.6,0.52,-0.57,-0.6,113.3,0.0,0.0,90.9,30.0,23.9,-86.2,-11.7,56.1,-156.0,8.0,26.4,-48.0,-8.7,46.7,-96.6,-13.8,7.8,-0.5,9.0,-12.6,-16.6,2.3,-2.1,22.7,2.8,-7.4,1.2,2,4
1546,30.92,-0.07,306.11,10.64,12.43,-0.11,-116.74,878.47,0.0,1090.73,1547.0,7.51,12.82,0.89,0.13,-0.11,-0.11,-1.07,-0.31,-0.56,1.01,-0.68,-0.23,1.01,-0.68,-0.23,46.7,0.0,0.0,74.8,32.9,31.1,-93.3,-12.3,54.6,-156.0,11.1,26.1,-48.0,-11.0,43.4,-90.6,-13.7,9.3,-1.6,2.9,1.8,-19.7,-1.9,-5.9,21.3,12.1,-4.5,-1.5,2,4
1548,30.96,-0.07,306.51,10.65,12.45,-0.11,-116.8,879.61,0.0,1092.23,1549.0,7.51,12.83,0.88,0.14,-0.14,-0.26,0.81,0.64,-0.2,-0.97,0.09,-0.4,-0.97,0.09,-0.4,81.6,0.0,84.6,90.0,32.9,37.6,-102.6,-9.2,60.1,-156.0,11.5,25.7,-48.0,-11.3,45.4,-88.4,-8.4,4.6,4.5,4.7,-2.3,-19.7,-7.3,-14.2,13.9,9.1,-11.4,-4.2,2,4
1550,31.0,-0.07,306.9,10.66,12.46,-0.11,-116.85,880.75,0.0,1093.75,1551.0,7.51,12.83,0.88,0.05,-0.14,0.03,0.19,0.01,-0.1,-0.12,0.1,-0.15,-0.12,0.1,-0.15,16.2,58.6,52.9,74.1,33.2,34.9,-99.8,-7.9,60.8,-156.0,12.3,24.2,-48.0,-9.5,47.7,-91.3,-1.4,1.4,3.1,5.5,-0.4,-19.7,-14.0,-19.8,8.1,7.5,-9.4,-5.9,2,4
1552,31.04,-0.07,307.3,10.66,12.48,-0.11,-116.88,881.88,0.0,1095.26,1553.0,7.51,12.84,0.87,0.08,-0.14,0.02,1.14,-0.22,-0.15,-0.54,0.91,-0.51,-0.54,0.91,-0.51,31.3,64.7,45.4,40.5,31.9,30.7,-93.9,-8.2,61.7,-156.0,12.4,23.0,-48.0,-8.7,50.2,-95.3,-3.5,0.8,-0.4,11.1,-3.8,-19.7,-15.6,-20.1,12.5,5.0,-5.0,-5.9,2,4
1554,31.08,-0.07,307.7,10.67,12.49,-0.11,-116.93,883.01,0.0,1096.76,1555.0,7.52,12.85,0.87,0.09,-0.15,0.04,1.71,-0.49,-0.28,-0.68,1.44,-0.83,-0.68,1.44,-0.83,37.5,50.7,66.6,22.1,28.7,28.6,-90.8,-10.2,62.6,-156.0,11.0,22.8,-48.0,-8.9,54.2,-101.5,-4.3,2.6,2.2,13.7,-18.0,2.3,-15.6,-8.4,21.2,-0.3,-3.0,-3.4,2,4
1556,31.12,-0.07,308.09,10.68,12.51,-0.11,-117.05,884.14,0.0,1098.18,1557.0,7.52,12.85,0.88,0.07,-0.12,0.2,-3.0,-1.68,-0.89,3.22,-1.48,-0.3,3.22,-1.48,-0.3,79.6,14.2,0.0,83.8,27.2,30.8,-89.8,-17.6,56.7,-147.7,9.5,29.7,-48.0,-12.8,54.0,-101.3,-10.1,4.0,4.0,11.6,-19.4,7.1,0.6,0.6,22.8,3.0,-6.8,2.0,1,4
1558,31.16,-0.07,308.49,10.68,12.52,-0.11,-117.29,885.29,0.0,1099.52,1559.0,7.52,12.86,0.88,0.07,-0.15,0.15,-5.26,-1.47,-0.86,4.39,-3.35,0.33,4.39,-3.35,0.33,46.7,0.0,0.0,20.3,35.5,33.6,-93.4,-17.5,42.0,-156.0,14.5,35.7,-48.0,-11.8,44.9,-93.6,-14.7,3.9,0.7,10.4,9.7,-14.2,-2.7,-8.4,22.4,8.0,0.1,0.8,2,4
1560,31.2,-0.07,308.89,10.69,12.54,-0.12,-117.4,886.44,0.0,1100.99,1561.0,7.52,12.87,0.88,0.16,-0.11,-0.06,0.71,-0.83,0.19,0.2,1.08,0.19,0.2,1.08,0.19,58.0,0.0,81.3,100.9,35.6,35.9,-99.5,-8.8,51.8,-156.0,17.7,34.2,-48.0,-10.4,45.3,-90.5,-12.1,11.2,6.0,-0.2,3.8,-19.7,-6.8,-13.6,17.7,14.2,-6.7,-2.6,2,4
1562,31.24,-0.07,309.29,10.7,12.55,-0.12,-117.48,887.6,0.0,1102.49,1563.0,7.52,12.87,0.88,0.1,-0.09,-0.22,1.37,0.79,0.04,-1.45,0.6,-0.23,-1.45,0.6,-0.23,0.0,0.0,57.5,105.1,30.8,36.3,-103.1,-4.4,62.1,-156.0,16.6,34.1,-48.0,-12.3,50.1,-93.8,-0.7,1.6,1.7,3.4,-2.7,-19.7,-8.9,-18.0,10.8,10.9,-7.8,-1.4,2,4
1564,31.28,-0.07,309.69,10.71,12.57,-0.12,-117.56,888.76,0.0,1103.99,1565.0,7.53,12.88,0.87,0.05,-0.06,-0.15,1.54,1.32,0.02,-1.95,0.39,-0.37,-1.95,0.39,-0.37,11.5,99.4,118.0,79.9,34.2,33.6,-100.3,-2.9,65.0,-156.0,14.6,28.1,-48.0,-12.5,48.4,-95.2,-2.5,0.6,3.7,7.9,-5.5,-19.7,-16.0,-19.7,7.7,9.0,-7.5,-2.9,2,4
1566,31.32,-0.07,310.09,10.71,12.58,-0.12,-117.65,889.91,0.0,1105.46,1567.0,7.53,12.88,0.87,-0.01,-0.08,0.23,0.44,-0.27,0.09,-0.05,0.52,-0.02,-0.05,0.52,-0.02,0.0,50.4,34.5,24.3,32.3,28.3,-91.6,-3.3,63.5,-156.0,13.5,27.1,-48.0,-12.2,48.9,-96.1,-5.8,3.5,1.2,9.9,-5.4,-19.6,-16.8,-20.1,13.9,6.1,0.6,-4.8,2,4
1568,31.36,-0.07,310.49,10.71,12.6,-0.12,-117.72,891.06,0.0,1106.96,1569.0,7.53,12.88,0.88,0.02,-0.06,0.12,1.4,-0.2,-0.17,-0.64,1.16,-0.52,-0.64,1.16,-0.52,56.8,128.0,39.9,10.3,28.1,26.0,-87.7,-6.4,62.5,-155.2,10.8,26.6,-48.0,-12.1,52.2,-102.4,-6.3,5.9,3.0,10.7,-19.4,14.3,-9.0,0.1,22.2,-0.9,-1.8,0.6,2,4
1570,31.4,-0.07,310.89,10.71,12.62,-0.12,-117.91,892.22,0.0,1108.34,1571.0,7.53,12.89,0.89,0.01,-0.08,0.18,-3.37,-0.7,-0.79,2.58,-2.42,-0.06,2.58,-2.42,-0.06,121.6,0.0,0.0,59.2,28.4,27.9,-88.6,-13.5,52.7,-147.2,9.7,33.2,-48.0,-14.5,47.7,-97.6,-15.3,5.5,1.8,11.9,-8.9,-19.5,1.4,-5.5,22.8,3.6,-4.7,1.8,1,4
1572,31.44,-0.07,311.29,10.72,12.63,-0.12,-118.07,893.37,0.0,1109.76,1573.0,7.53,12.89,0.89,0.09,-0.05,0.03,-1.45,-0.84,-0.21,1.53,-0.71,0.14,1.53,-0.71,0.14,59.6,0.0,24.2,81.9,33.2,30.8,-92.5,-8.5,50.1,-156.0,12.4,33.7,-48.0,-12.9,42.1,-89.7,-12.9,12.0,2.5,-0.8,5.2,-19.7,-2.7,-6.6,19.5,11.8,-4.2,-2.0,2,4
1574,31.48,-0.07,311.68,10.73,12.65,-0.12,-118.13,894.52,0.0,1111.27,1575.0,7.53,12.89,0.89,0.13,-0.02,-0.23,1.01,-0.27,0.13,-0.37,0.98,-0.02,-0.37,0.98,-0.02,52.4,0.0,43.3,58.9,30.5,35.6,-98.3,-7.2,61.9,-156.0,12.6,36.0,-48.0,-13.3,47.7,-90.5,-10.6,14.4,5.0,3.9,-4.0,-19.7,-7.8,-13.4,15.2,13.2,-9.7,-2.1,2,4
1576,31.52,-0.07,312.08,10.73,12.67,-0.12,-118.22,895.68,0.0,1112.76,1577.0,7.53,12.9,0.87,0.08,-0.01,-0.45,-0.68,1.81,0.42,-1.14,-1.56,0.44,-1.14,-1.56,0.44,0.0,0.0,72.9,97.0,30.6,35.9,-103.9,-1.4,63.9,-156.0,13.6,33.9,-48.0,-12.5,51.2,-94.2,0.2,-1.3,3.7,5.3,-4.6,-19.7,-12.7,-20.1,11.4,9.6,-8.7,-1.6,2,4
1578,31.56,-0.07,312.48,10.74,12.68,-0.12,-118.31,896.83,0.0,1114.23,1579.0,7.53,12.9,0.86,-0.02,-0.01,0.2,1.05,0.18,-0.1,-0.72,0.7,-0.39,-0.72,0.7,-0.39,30.3,18.2,35.5,81.4,33.9,32.6,-98.4,-1.3,67.3,-156.0,13.1,28.2,-48.0,-10.8,50.4,-94.4,-3.8,-3.8,1.2,10.3,-8.0,-19.7,-15.7,-20.8,10.5,8.5,-8.1,-5.2,2,4
1580,31.6,-0.07,312.88,10.74,12.69,-0.12,-118.38,897.98,0.0,1115.73,1581.0,7.53,12.9,0.88,-0.01,-0.0,0.19,1.27,-0.21,-0.05,-0.53,1.11,-0.39,-0.53,1.11,-0.39,59.4,40.5,39.3,24.0,30.2,28.9,-91.9,-2.1,65.1,-156.0,10.8,27.5,-48.0,-10.0,52.9,-99.3,-6.4,3.1,-1.2,13.5,-9.8,-15.6,-15.3,-19.4,19.3,2.8,-1.7,-3.3,2,4
1582,31.64,-0.07,313.28,10.74,12.71,-0.12,-118.44,899.13,0.0,1117.22,1583.0,7.53,12.9,0.88,0.01,0.01,0.11,0.07,0.07,-0.43,-0.05,-0.09,-0.43,-0.05,-0.09,-0.43,62.3,9.5,28.2,51.3,27.2,28.9,-89.8,-6.4,62.8,-155.9,7.7,28.4,-48.0,-12.0,53.1,-102.0,-7.8,4.1,1.1,12.6,-17.8,2.7,-3.1,-0.3,22.7,-1.1,-5.6,1.9,2,4
1584,31.68,-0.07,313.67,10.74,12.73,-0.12,-118.5,900.28,0.0,1118.73,1585.0,7.53,12.9,0.89,-0.01,0.02,0.08,-2.23,0.54,-0.7,0.84,-2.25,-0.06,0.84,-2.25,-0.06,110.0,0.0,0.0,71.0,31.1,32.3,-91.4,-9.0,57.5,-156.0,8.0,31.1,-48.0,-14.2,44.9,-92.6,-15.0,5.1,1.9,8.5,-4.2,-19.9,0.8,-1.7,22.4,6.2,-4.3,1.2,2,4
1586,31.72,-0.07,314.07,10.74,12.74,-0.12,-118.61,901.42,0.0,1120.19,1587.0,7.53,12.9,0.89,0.1,0.02,-0.13,1.27,-0.29,-0.12,-0.39,1.16,-0.46,-0.39,1.16,-0.46,125.8,0.0,51.8,85.7,33.0,37.4,-94.1,-2.9,63.8,-156.0,7.5,31.5,-48.0,-14.9,42.4,-86.7,-13.9,10.7,7.6,-6.3,-0.5,-19.7,-1.8,-8.5,18.5,15.5,-5.1,-6.0,2,4
1588,31.76,-0.07,314.47,10.75,12.76,-0.12,-118.69,902.57,0.0,1121.68,1589.0,7.52,12.9,0.87,0.07,0.02,-0.36,0.41,0.95,0.18,-1.04,-0.14,0.05,-1.04,-0.14,0.05,26.5,78.3,90.8,106.5,32.7,38.8,-93.9,-6.3,65.3,-156.0,6.5,31.7,-48.0,-15.5,47.6,-92.8,-5.7,-0.5,0.7,4.5,-3.4,-19.7,-6.2,-18.0,10.5,11.3,-11.1,-3.5,2,4
1590,31.8,-0.07,314.86,10.75,12.77,-0.12,-118.78,903.72,0.0,1123.14,1591.0,7.52,12.9,0.87,-0.02,0.03,0.22,-0.01,-0.59,-0.0,0.5,0.31,0.02,0.5,0.31,0.02,35.5,40.3,48.6,65.8,34.5,35.0,-94.6,-3.3,65.1,-156.0,10.0,27.9,-48.0,-11.1,49.2,-95.3,-1.2,3.2,1.5,3.7,-1.7,-19.7,-15.3,-20.0,6.8,7.7,-8.6,-6.6,2,4
1592,31.84,-0.07,315.26,10.75,12.79,-0.12,-118.83,904.86,0.0,1124.64,1593.0,7.52,12.9,0.87,0.03,0.04,-0.02,0.43,0.26,0.2,-0.48,0.25,0.05,-0.48,0.25,0.05,55.3,66.1,52.4,26.0,33.7,32.4,-92.8,-4.4,63.3,-156.0,11.0,26.2,-48.0,-8.1,52.1,-101.6,-5.6,3.8,-3.4,10.0,-0.2,-19.7,-14.6,-20.3,12.8,4.6,-1.5,-4.2,2,4
1594,31.88,-0.07,315.65,10.76,12.8,-0.12,-118.89,906.0,0.0,1126.15,1595.0,7.52,12.9,0.87,0.04,0.06,0.06,1.35,-0.26,-0.08,-0.48,1.18,-0.53,-0.48,1.18,-0.53,76.3,33.6,58.3,0.0,31.0,32.5,-96.0,-6.4,64.2,-156.0,9.9,25.1,-48.0,-5.5,56.3,-107.1,-7.4,4.1,-4.0,15.0,-17.2,-1.4,-14.0,-9.4,22.1,-3.4,-0.8,0.8,2,4
1596,31.92,-0.07,316.05,10.76,12.82,-0.12,-119.02,907.14,0.0,1127.57,1597.0,7.52,12.9,0.88,0.06,0.09,0.1,-0.92,-0.88,-0.64,1.3,-0.45,-0.37,1.3,-0.45,-0.37,116.9,0.0,0.0,0.0,28.3,36.0,-96.8,-12.2,60.8,-155.4,6.6,30.3,-48.0,-12.1,52.2,-94.2,-14.1,2.2,0.6,14.4,-19.2,0.9,1.2,3.3,22.8,-0.8,-6.2,5.8,2,4
1598,31.96,-0.07,316.45,10.77,12.83,-0.12,-119.22,908.29,0.0,1128.93,1599.0,7.51,12.9,0.88,0.1,0.01,0.09,-1.92,-1.68,-0.09,2.41,-0.72,0.45,2.41,-0.72,0.45,44.5,0.0,0.0,69.6,31.9,36.5,-92.3,-6.3,60.4,-156.0,7.5,37.4,-48.0,-12.5,43.2,-73.1,-12.7,6.7,8.2,4.4,2.7,-19.7,0.5,-8.1,21.5,8.4,-4.0,-3.5,2,4
1600,32.0,-0.07,316.84,10.77,12.85,-0.12,-119.36,909.45,0.0,1130.37,1601.0,7.51,12.91,0.88,0.08,0.02,-0.26,1.35,-0.37,0.02,-0.37,1.32,-0.26,-0.37,1.32,-0.26,64.2,0.0,70.0,123.2,33.6,33.6,-76.3,-2.8,66.9,-156.0,7.0,38.4,-48.0,-11.5,51.4,-82.1,-10.5,5.2,-1.0,-0.7,-3.2,-19.7,-4.2,-15.4,16.3,14.4,-13.8,-8.6,2,4
1602,32.04,-0.07,317.24,10.78,12.86,-0.12,-119.53,910.6,0.0,1131.77,1603.0,7.51,12.9,0.86,0.04,0.05,-0.13,0.81,1.35,0.43,-1.61,0.06,0.22,-1.61,0.06,0.22,0.0,55.4,86.4,69.6,35.2,25.0,-77.1,-5.7,64.1,-156.0,10.3,31.1,-48.0,-7.2,54.9,-95.5,-0.3,0.8,-1.0,2.3,-3.2,-19.7,-8.1,-19.7,10.1,8.6,-11.8,-7.7,2,4
1604,32.08,-0.07,317.64,10.78,12.88,-0.12,-119.6,911.75,0.0,1133.26,1605.0,7.51,12.9,0.87,0.01,0.05,0.24,0.41,-0.22,-0.22,0.0,0.4,-0.33,0.0,0.4,-0.33,0.0,51.5,93.9,55.3,33.5,25.3,-87.1,-3.7,63.6,-156.0,11.4,29.4,-48.0,-5.0,54.7,-95.3,-1.0,0.2,1.4,7.4,-4.2,-19.7,-15.6,-19.8,7.0,3.8,-8.9,-8.4,2,4
1606,32.12,-0.07,318.03,10.78,12.89,-0.12,-119.66,912.9,0.0,1134.76,1607.0,7.5,12.91,0.87,0.05,0.05,0.02,1.32,0.55,-0.2,-1.11,0.74,-0.54,-1.11,0.74,-0.54,0.0,75.2,85.8,19.9,30.1,26.6,-90.3,-6.3,62.7,-156.0,8.8,27.9,-48.0,-5.5,55.8,-100.6,-3.3,1.5,0.2,11.1,-8.3,-11.7,-16.5,-18.4,15.6,1.8,-1.6,-3.4,2,4
1608,32.16,-0.07,318.43,10.78,12.91,-0.12,-119.73,914.03,0.0,1136.23,1609.0,7.5,12.91,0.88,0.05,0.05,0.05,0.13,0.36,-0.43,-0.34,-0.2,-0.42,-0.34,-0.2,-0.42,87.4,59.2,40.8,0.0,28.3,27.7,-91.9,-12.6,60.2,-155.3,5.3,27.8,-48.0,-6.7,55.8,-103.4,-10.2,3.9,1.3,13.3,-17.7,8.6,-3.3,-3.0,22.8,-2.8,-1.0,3.7,2,4
1610,32.2,-0.07,318.83,10.79,12.92,-0.12,-119.86,915.17,0.0,1137.65,1611.0,7.5,12.91,0.88,0.05,0.05,0.12,-2.47,-0.11,-0.62,1.33,-2.16,0.19,1.33,-2.16,0.19,111.6,0.0,0.0,9.3,30.9,29.8,-92.5,-14.9,55.5,-156.0,5.9,30.4,-48.0,-9.6,49.1,-92.5,-14.6,3.0,3.3,15.1,-3.0,-19.7,0.8,-2.7,22.8,1.2,-4.6,6.1,2,4
1612,32.24,-0.07,319.22,10.79,12.94,-0.12,-119.96,916.31,0.0,1139.12,1613.0,7.5,12.91,0.88,0.08,-0.04,0.03,-0.55,-0.35,-0.26,0.6,-0.35,-0.07,0.6,-0.35,-0.07,105.0,0.0,48.5,99.1,34.2,31.7,-90.9,-7.2,57.8,-156.0,8.3,31.7,-48.0,-8.8,45.2,-82.9,-13.0,6.5,9.3,-0.9,1.6,-19.7,-0.7,-7.8,20.2,13.0,-8.8,-5.9,2,4
1614,32.28,-0.07,319.62,10.8,12.95,-0.12,-120.05,917.46,0.0,1140.6,1615.0,7.5,12.91,0.88,0.07,-0.05,-0.17,1.1,0.73,0.5,-1.22,0.7,0.15,-1.22,0.7,0.15,10.6,0.0,93.5,143.5,34.5,24.0,-81.5,-5.9,59.6,-156.0,10.7,29.1,-48.0,-5.5,50.5,-94.3,-3.5,6.3,-1.7,3.8,-3.1,-19.7,-8.1,-17.0,15.4,9.1,-15.5,-5.1,2,4
1616,32.32,-0.07,320.02,10.8,12.97,-0.12,-120.11,918.6,0.0,1142.09,1617.0,7.5,12.92,0.88,0.05,-0.04,0.1,0.31,-0.18,-0.14,0.03,0.29,-0.24,0.03,0.29,-0.24,0.0,64.8,91.5,64.7,34.2,21.2,-83.3,-5.3,61.1,-156.0,12.0,25.0,-48.0,-2.4,52.6,-98.0,-0.1,6.1,0.6,5.5,-1.0,-19.7,-12.7,-19.9,7.3,5.5,-10.1,-7.1,2,4
1618,32.36,-0.07,320.41,10.81,12.98,-0.12,-120.14,919.73,0.0,1143.61,1619.0,7.5,12.92,0.88,0.07,-0.04,0.04,0.59,0.07,-0.14,-0.32,0.4,-0.32,-0.32,0.4,-0.32,58.5,80.0,92.5,29.2,33.4,24.4,-87.0,-6.8,60.7,-156.0,11.8,23.7,-48.0,-1.7,53.3,-100.1,-5.2,2.2,-4.9,11.0,-4.1,-19.7,-15.2,-20.4,15.2,4.5,-4.5,-4.3,2,4
1620,32.4,-0.07,320.81,10.82,13.0,-0.12,-120.22,920.86,0.0,1145.08,1621.0,7.5,12.92,0.88,0.08,-0.05,0.03,1.45,-0.05,-0.24,-0.6,1.13,-0.72,-0.6,1.13,-0.72,82.9,66.9,81.2,5.4,29.9,27.1,-94.9,-9.1,61.1,-156.0,9.8,23.3,-48.0,-1.8,55.7,-104.5,-7.6,3.4,-3.2,16.0,-14.1,-10.1,-14.2,-16.6,21.9,-1.7,-1.1,0.5,2,4
1622,32.44,-0.07,321.2,10.82,13.02,-0.12,-120.34,921.98,0.0,1146.5,1623.0,7.5,12.93,0.88,0.12,-0.03,0.07,-0.72,-1.01,-0.76,1.23,-0.45,-0.62,1.23,-0.45,-0.62,102.2,10.7,0.0,0.0,26.9,31.1,-97.2,-15.0,58.7,-153.5,6.4,28.9,-48.0,-9.7,54.3,-96.7,-12.8,2.9,-0.4,14.6,-19.5,3.9,1.1,4.7,22.8,-0.2,-6.7,5.2,2,4
1624,32.48,-0.07,321.6,10.83,13.03,-0.12,-120.59,923.12,0.0,1147.8,1625.0,7.5,12.93,0.88,0.08,-0.11,0.04,-3.89,-1.0,-0.8,2.56,-3.18,0.29,2.56,-3.18,0.29,39.1,0.0,0.0,60.7,31.3,34.2,-98.6,-17.1,51.3,-156.0,8.6,38.3,-48.0,-12.0,44.8,-82.1,-12.6,1.1,4.2,9.9,-6.6,-19.6,1.1,-7.8,22.8,8.7,-6.6,0.4,2,4
1626,32.52,-0.07,322.0,10.84,13.05,-0.12,-120.7,924.27,0.0,1149.26,1627.0,7.5,12.94,0.88,0.09,-0.13,-0.08,-0.97,-0.17,0.11,0.52,-0.76,0.37,0.52,-0.76,0.37,96.4,0.0,92.8,103.7,37.9,32.8,-97.8,-11.5,49.1,-156.0,14.5,31.6,-48.0,-6.7,44.6,-83.5,-12.5,2.8,4.4,1.9,4.2,-19.7,-5.5,-13.5,20.6,12.0,-11.3,-5.6,2,4
1628,32.56,-0.07,322.39,10.85,13.06,-0.12,-120.77,925.41,0.0,1150.75,1629.0,7.51,12.94,0.87,0.14,-0.09,-0.1,2.74,0.23,0.14,-1.33,2.33,-0.63,-1.33,2.33,-0.63,0.0,0.0,77.9,98.4,37.5,28.3,-94.0,-7.9,56.5,-156.0,15.2,28.6,-48.0,-5.7,48.6,-90.6,-4.6,3.3,-0.5,5.4,-1.2,-19.7,-8.4,-18.4,10.2,8.1,-11.9,-5.8,2,4
1630,32.6,-0.07,322.79,10.86,13.07,-0.12,-120.82,926.56,0.0,1152.27,1631.0,7.51,12.95,0.87,0.12,-0.1,0.07,2.03,0.24,0.15,-1.06,1.71,-0.42,-1.06,1.71,-0.42,0.0,0.0,102.6,77.3,33.6,28.2,-91.9,-7.1,61.2,-156.0,13.3,26.2,-48.0,-6.5,51.6,-94.0,-0.1,-0.3,1.8,7.2,-4.0,-19.7,-16.5,-19.6,6.1,4.8,-10.1,-4.9,2,4
1632,32.64,-0.07,323.18,10.87,13.09,-0.12,-120.89,927.69,0.0,1153.75,1633.0,7.51,12.95,0.87,0.11,-0.11,0.07,0.5,0.36,0.01,-0.54,0.29,-0.1,-0.54,0.29,-0.1,9.0,78.2,85.6,16.9,30.5,25.7,-88.4,-9.6,61.4,-156.0,11.2,24.5,-48.0,-7.1,52.8,-96.4,-4.1,1.3,-1.0,11.1,-7.0,-18.6,-14.6,-19.0,14.6,4.1,-0.3,-4.5,2,4
1634,32.68,-0.07,323.58,10.88,13.1,-0.12,-120.95,928.81,0.0,1155.23,1635.0,7.51,12.96,0.87,0.11,-0.11,0.12,0.69,-0.01,-0.3,-0.27,0.49,-0.51,-0.27,0.49,-0.51,20.5,122.0,36.9,5.3,29.2,24.7,-88.1,-12.0,60.0,-155.6,10.5,23.8,-48.0,-6.6,53.4,-98.6,-7.2,3.2,2.8,11.2,-19.5,14.2,-8.8,1.3,22.6,-2.9,-1.6,-3.0,2,4
1636,32.72,-0.07,323.97,10.88,13.12,-0.12,-121.14,929.94,0.0,1156.59,1637.0,7.51,12.97,0.88,0.11,-0.12,0.23,-3.82,-1.48,-1.07,2.87,-3.12,-0.04,2.87,-3.12,-0.04,135.9,0.0,0.0,32.6,30.1,27.8,-90.0,-20.1,48.3,-143.2,10.2,34.1,-48.0,-11.0,49.0,-94.6,-16.7,3.9,2.3,14.5,-14.2,-17.4,1.1,-6.2,22.8,2.8,-4.0,2.4,1,4
1638,32.76,-0.07,324.37,10.89,13.14,-0.12,-121.26,931.09,0.0,1158.04,1639.0,7.52,12.98,0.89,0.13,-0.2,0.1,-4.22,-1.24,-0.64,2.72,-3.48,0.5,2.72,-3.48,0.5,44.5,0.0,0.0,38.7,37.9,29.8,-91.3,-17.0,35.6,-156.0,13.8,34.8,-48.0,-9.7,41.3,-87.4,-14.5,2.0,-0.3,6.2,7.1,-19.7,0.1,-6.1,22.1,10.1,-5.6,-1.7,2,4
1640,32.8,-0.07,324.77,10.91,13.15,-0.12,-121.36,932.23,0.0,1159.51,1641.0,7.52,12.99,0.89,0.17,-0.16,-0.08,0.92,0.14,0.32,-0.52,0.83,0.08,-0.52,0.83,0.08,0.0,0.0,52.3,94.9,41.2,27.6,-90.6,-9.8,47.3,-156.0,19.0,33.3,-48.0,-5.0,43.4,-90.2,-14.4,10.0,4.0,3.7,0.5,-19.7,-7.0,-16.9,18.6,13.3,-9.1,-4.8,2,4
1642,32.84,-0.07,325.17,10.92,13.17,-0.12,-121.44,933.37,0.0,1160.99,1643.0,7.53,12.99,0.88,0.13,-0.11,-0.31,2.65,1.46,0.37,-2.36,1.9,-0.4,-2.36,1.9,-0.4,0.0,0.0,109.9,56.9,38.6,27.3,-91.8,-1.2,58.5,-156.0,15.1,30.9,-48.0,-8.0,45.5,-94.2,-0.5,0.6,-0.1,0.5,-0.6,-19.7,-9.8,-19.4,5.5,8.8,-6.0,-4.4,2,4
1644,32.88,-0.07,325.56,10.92,13.18,-0.12,-121.53,934.52,0.0,1162.47,1645.0,7.53,13.0,0.87,0.07,-0.15,0.2,1.77,-0.74,0.02,0.03,1.85,-0.52,0.03,1.85,-0.52,0.0,65.3,21.8,74.9,34.6,26.3,-89.0,-3.3,63.0,-156.0,11.1,27.6,-48.0,-10.4,48.0,-98.2,-2.0,-0.8,-0.5,10.0,-5.5,-19.7,-15.8,-20.1,8.7,8.6,-6.6,-2.5,2,4
1646,32.92,-0.07,325.96,10.93,13.2,-0.12,-121.57,935.66,0.0,1163.98,1647.0,7.53,13.0,0.88,0.07,-0.16,0.06,0.67,0.33,0.13,-0.56,0.51,-0.05,-0.56,0.51,-0.05,21.2,74.7,29.1,22.3,32.4,24.8,-86.7,-5.3,61.5,-156.0,9.9,26.8,-48.0,-10.1,49.1,-100.1,-5.3,1.7,0.4,11.9,-10.5,-14.8,-15.2,-18.1,19.9,4.2,-1.0,-2.3,2,4
1648,32.96,-0.07,326.35,10.94,13.21,-0.12,-121.63,936.79,0.0,1165.48,1649.0,7.54,13.01,0.88,0.08,-0.13,0.15,0.22,-0.55,-0.34,0.43,0.28,-0.45,0.43,0.28,-0.45,77.7,109.8,0.0,32.2,30.1,25.3,-86.2,-11.6,58.4,-153.0,7.6,28.8,-48.0,-11.5,49.8,-101.6,-9.4,6.0,2.9,10.5,-19.8,15.7,-1.7,3.2,22.8,0.5,-2.2,2.5,2,4
1650,33.0,-0.07,326.75,10.94,13.23,-0.12,-121.77,937.94,0.0,1166.9,1651.0,7.54,13.01,0.88,0.07,-0.17,0.14,-3.95,-1.31,-0.66,2.65,-3.26,0.32,2.65,-3.26,0.32,61.3,0.0,0.0,53.3,33.6,28.6,-88.5,-17.7,45.6,-156.0,11.1,35.8,-48.0,-13.5,43.6,-95.2,-15.6,3.4,-1.2,10.7,-5.4,-15.6,0.2,-6.2,22.8,7.0,-2.5,0.2,2,4
1652,33.04,-0.07,327.15,10.95,13.25,-0.12,-121.88,939.09,0.0,1168.36,1653.0,7.55,13.02,0.88,0.16,-0.15,-0.07,-1.95,-0.94,0.12,1.52,-1.42,0.62,1.52,-1.42,0.62,31.5,0.0,86.0,119.2,38.3,28.8,-92.2,-13.8,39.5,-156.0,17.0,31.9,-48.0,-10.5,40.5,-92.3,-13.0,7.7,-1.3,2.1,7.9,-19.7,-5.9,-10.1,21.3,13.8,-5.5,1.3,2,4
1654,33.08,-0.07,327.55,10.96,13.26,-0.12,-121.96,940.23,0.0,1169.86,1655.0,7.55,13.03,0.88,0.13,-0.12,-0.2,1.18,0.59,0.4,-1.03,0.91,0.08,-1.03,0.91,0.08,85.3,0.0,97.6,94.2,36.5,34.2,-100.6,-5.5,54.5,-156.0,17.0,32.5,-48.0,-10.6,44.2,-90.4,-9.3,5.5,5.4,4.0,-1.1,-19.7,-7.5,-18.4,14.3,12.4,-9.6,-5.5,2,4
1656,33.12,-0.07,327.95,10.97,13.28,-0.12,-122.06,941.38,0.0,1171.32,1657.0,7.55,13.03,0.87,0.12,-0.14,-0.1,3.88,0.68,0.66,-2.13,3.35,-0.39,-2.13,3.35,-0.39,0.0,58.8,94.0,81.5,36.0,31.0,-97.9,-2.8,62.9,-156.0,14.2,28.4,-48.0,-12.6,46.0,-96.0,1.3,3.7,3.2,5.0,-2.2,-19.7,-12.6,-20.3,4.6,11.1,-7.4,-4.2,2,4
1658,33.16,-0.07,328.34,10.98,13.29,-0.12,-122.12,942.53,0.0,1172.83,1659.0,7.56,13.04,0.87,0.07,-0.15,0.15,0.67,-0.1,0.37,-0.18,0.73,0.18,-0.18,0.73,0.18,39.0,71.4,87.6,26.2,32.6,28.9,-89.4,-3.8,64.0,-156.0,12.1,27.3,-48.0,-13.1,49.3,-100.0,-4.1,1.5,-0.2,9.6,-6.0,-19.7,-16.2,-19.5,10.9,6.5,-1.1,-3.7,2,4
1660,33.2,-0.07,328.74,10.99,13.31,-0.12,-122.16,943.67,0.0,1174.34,1661.0,7.56,13.04,0.87,0.09,-0.13,0.08,1.13,0.01,0.17,-0.46,1.04,-0.14,-0.46,1.04,-0.14,47.3,104.4,59.9,27.9,30.0,26.7,-86.7,-6.8,62.7,-156.0,10.8,26.5,-48.0,-12.0,52.2,-104.2,-6.4,2.4,2.8,11.3,-18.9,9.2,-12.1,-4.7,22.2,0.4,-3.0,0.1,2,4
1662,33.24,-0.07,329.13,10.99,13.32,-0.12,-122.26,944.81,0.0,1175.81,1663.0,7.57,13.05,0.88,0.05,-0.13,0.23,-3.46,-1.55,-0.47,2.8,-2.59,0.25,2.8,-2.59,0.25,112.9,0.0,0.0,64.5,29.0,27.8,-87.2,-16.3,53.1,-145.1,11.2,34.2,-48.0,-15.4,48.6,-100.3,-11.9,7.3,5.5,10.6,-16.9,-6.7,0.6,-4.1,22.8,5.4,-5.7,0.2,1,4
1664,33.28,-0.07,329.53,11.0,13.34,-0.12,-122.57,945.97,0.0,1177.08,1665.0,7.57,13.06,0.89,0.11,-0.17,0.06,-3.9,-1.78,-0.23,3.15,-2.86,0.62,3.15,-2.86,0.62,0.0,0.0,0.0,36.2,34.2,28.1,-92.8,-17.3,37.3,-156.0,17.1,36.4,-48.0,-14.4,40.2,-93.3,-13.1,6.1,-2.4,8.6,9.9,-17.9,-4.5,-7.3,22.2,9.8,-0.1,0.7,2,4
1666,33.32,-0.07,329.93,11.01,13.36,-0.12,-122.72,947.12,0.0,1178.51,1667.0,7.57,13.07,0.88,0.23,-0.12,-0.11,-0.07,-1.16,-0.01,1.08,0.41,0.16,1.08,0.41,0.16,14.9,0.0,52.5,57.4,31.5,39.9,-106.2,-9.1,50.6,-156.0,18.0,38.2,-48.0,-14.0,43.9,-86.3,-13.7,14.4,4.2,1.3,2.1,-19.7,-5.8,-15.5,18.8,15.6,-6.6,-1.7,2,4
1668,33.36,-0.07,330.33,11.02,13.37,-0.12,-122.89,948.28,0.0,1179.92,1669.0,7.58,13.07,0.88,0.07,-0.15,-0.34,0.76,0.38,0.66,-0.75,0.56,0.54,-0.75,0.56,0.54,8.7,0.0,57.7,94.1,26.5,51.6,-116.8,0.4,64.8,-156.0,17.2,43.0,-48.0,-15.9,50.0,-81.3,4.1,-9.8,7.7,1.1,-2.6,-19.7,-9.5,-19.9,9.3,10.2,-7.8,-7.3,2,4
1670,33.4,-0.07,330.73,11.03,13.38,-0.12,-123.01,949.44,0.0,1181.38,1671.0,7.58,13.08,0.86,0.04,-0.12,-0.3,3.33,2.62,0.82,-3.88,1.89,0.02,-3.88,1.89,0.02,0.0,0.0,127.8,111.5,33.9,37.2,-101.9,1.2,68.7,-156.0,18.0,33.2,-48.0,-14.5,51.5,-90.3,-4.9,-0.1,5.4,8.9,-10.8,-19.7,-18.1,-19.8,7.7,10.0,-9.8,-3.1,2,4
1672,33.44,-0.07,331.12,11.03,13.4,-0.12,-123.11,950.6,0.0,1182.83,1673.0,7.59,13.08,0.87,-0.03,-0.11,0.38,1.04,0.4,0.17,-0.83,0.76,-0.08,-0.83,0.76,-0.08,21.5,41.4,32.1,45.8,31.3,29.5,-85.6,-0.2,68.5,-156.0,12.8,29.7,-48.0,-15.1,50.4,-91.4,-2.9,1.8,2.3,8.0,-14.6,-16.7,-15.5,-18.2,16.1,5.4,-1.4,-6.4,2,4
1674,33.48,-0.07,331.52,11.03,13.41,-0.12,-123.2,951.74,0.0,1184.31,1675.0,7.59,13.08,0.88,-0.02,-0.06,0.31,-0.39,0.53,0.06,-0.31,-0.56,0.19,-0.31,-0.56,0.19,77.9,58.3,39.7,7.9,28.9,23.3,-78.4,-8.6,60.3,-152.1,10.5,27.4,-48.0,-14.3,49.7,-98.5,-7.7,9.2,0.1,11.8,-19.1,12.6,-6.4,-0.9,22.2,-0.5,-0.9,-0.5,2,4
1676,33.52,-0.07,331.92,11.03,13.43,-0.12,-123.4,952.89,0.0,1185.67,1677.0,7.59,13.09,0.89,0.03,-0.1,0.21,-2.67,-0.04,-0.46,1.24,-2.39,0.29,1.24,-2.39,0.29,65.6,0.0,0.0,18.9,31.0,24.2,-81.4,-15.1,48.2,-154.7,10.5,31.6,-48.0,-14.3,42.7,-95.4,-15.9,5.1,-2.8,11.9,-8.5,-16.9,2.0,-0.2,22.8,2.6,-2.1,1.0,2,4
1678,33.56,-0.07,332.31,11.04,13.45,-0.12,-123.6,954.03,0.0,1187.03,1679.0,7.59,13.09,0.9,0.14,-0.07,-0.02,-1.93,-0.67,0.32,1.33,-1.3,0.89,1.33,-1.3,0.89,56.1,0.0,0.0,37.1,33.4,25.7,-89.5,-12.5,44.1,-156.0,12.8,33.1,-48.0,-12.8,37.8,-88.3,-13.8,10.8,2.0,0.7,5.9,-19.7,-1.9,-8.9,20.2,14.2,-3.6,-2.2,2,4
1680,33.6,-0.07,332.71,11.05,13.47,-0.12,-123.69,955.16,0.0,1188.51,1681.0,7.59,13.1,0.89,0.17,-0.02,-0.22,0.94,-0.06,0.35,-0.45,0.89,0.12,-0.45,0.89,0.12,16.7,0.0,48.5,115.6,31.0,29.9,-96.6,-9.1,55.1,-156.0,13.4,32.5,-48.0,-11.8,43.9,-89.0,-8.5,9.8,4.6,4.2,-3.9,-19.7,-7.8,-15.4,13.8,12.7,-12.6,-4.5,2,4
1682,33.64,-0.07,333.1,11.06,13.48,-0.12,-123.75,956.3,0.0,1190.0,1683.0,7.59,13.1,0.87,0.14,0.02,-0.43,-0.19,1.88,0.8,-1.71,-0.94,0.62,-1.71,-0.94,0.62,0.0,0.0,63.5,95.8,35.7,27.5,-96.7,-6.0,58.1,-156.0,14.8,29.6,-48.0,-10.2,46.0,-95.4,-2.2,3.0,3.0,4.3,-0.5,-19.7,-11.6,-20.5,9.1,9.9,-9.0,-3.9,2,4
1684,33.68,-0.07,333.5,11.07,13.5,-0.12,-123.85,957.44,0.0,1191.46,1685.0,7.59,13.1,0.87,0.06,-0.0,0.26,0.98,-0.73,0.29,0.11,1.26,0.01,0.11,1.26,0.01,0.0,51.8,37.9,55.8,33.9,26.9,-93.6,-3.7,62.8,-156.0,13.2,26.2,-48.0,-10.0,48.9,-98.8,-4.0,0.3,-2.3,9.2,-3.8,-19.7,-14.5,-20.6,13.0,9.1,-5.4,-3.1,2,4
1686,33.72,-0.07,333.9,11.08,13.51,-0.12,-123.96,958.58,0.0,1192.91,1687.0,7.59,13.11,0.88,0.11,0.02,0.08,1.7,0.16,0.32,-1.02,1.38,-0.23,-1.02,1.38,-0.23,0.0,63.4,48.4,1.5,29.6,28.5,-99.3,-5.1,62.0,-156.0,11.4,25.8,-48.0,-6.9,54.1,-105.3,-5.4,3.6,-0.5,15.1,-13.8,-12.2,-16.4,-16.4,21.5,-2.0,-1.2,-0.2,2,4
1688,33.76,-0.07,334.29,11.09,13.53,-0.12,-124.1,959.72,0.0,1194.34,1689.0,7.58,13.11,0.88,0.14,0.06,0.11,-0.42,-0.75,-0.33,0.89,-0.05,-0.21,0.89,-0.05,-0.21,116.9,27.6,0.0,0.0,25.3,32.8,-101.4,-13.1,58.8,-151.6,5.6,31.0,-48.0,-11.3,54.4,-98.3,-14.0,2.7,1.5,15.9,-18.9,5.5,1.5,3.2,22.8,-3.1,-2.9,7.8,2,4
1690,33.8,-0.07,334.69,11.1,13.55,-0.12,-124.35,960.87,0.0,1195.65,1691.0,7.58,13.12,0.88,0.14,-0.0,0.12,-3.65,-1.64,0.05,3.17,-2.2,1.07,3.17,-2.2,1.07,53.5,0.0,0.0,0.0,28.4,33.1,-99.3,-11.9,54.2,-156.0,5.9,41.0,-48.0,-14.7,43.6,-68.8,-13.2,1.5,8.7,13.7,1.9,-18.2,-0.7,-8.8,22.7,5.2,-1.9,2.3,2,4
1692,33.84,-0.07,335.08,11.11,13.56,-0.12,-124.61,961.93,0.0,1196.88,1693.0,7.58,13.12,0.88,0.14,-0.01,0.0,0.61,-0.89,0.45,0.35,1.04,0.41,0.35,1.04,0.41,76.6,0.0,53.4,45.7,31.5,28.6,-84.4,-2.5,58.5,-156.0,8.4,40.6,-48.0,-9.4,45.9,-72.3,-9.7,9.6,11.2,-6.0,1.3,-19.7,-3.5,-14.9,20.0,18.1,-12.9,-10.6,2,4
1694,33.88,-0.07,335.48,11.12,13.58,-0.12,-124.73,963.08,0.0,1198.33,1695.0,7.58,13.13,0.88,0.09,-0.02,-0.3,0.36,1.03,0.79,-1.18,-0.17,0.63,-1.18,-0.17,0.63,0.0,0.0,50.0,32.4,33.1,24.7,-78.3,-6.6,59.0,-156.0,10.1,38.8,-48.0,-7.5,52.6,-84.2,-3.6,3.8,-6.5,5.0,-2.8,-19.7,-5.4,-19.0,12.5,9.3,-10.1,-7.1,2,4
1696,33.92,-0.07,335.88,11.13,13.59,-0.12,-124.83,964.23,0.0,1199.79,1697.0,7.58,13.13,0.86,0.06,-0.02,-0.08,2.39,0.82,0.98,-2.17,1.61,0.26,-2.17,1.61,0.26,0.0,0.0,100.0,94.7,35.8,23.7,-91.2,-5.1,63.6,-156.0,10.3,33.1,-48.0,-5.9,52.2,-86.4,-2.5,3.6,0.8,7.5,-5.0,-19.7,-9.4,-20.4,9.0,8.0,-10.7,-8.7,2,4
1698,33.96,-0.07,336.27,11.13,13.6,-0.12,-124.89,965.38,0.0,1201.3,1699.0,7.58,13.13,0.87,-0.01,-0.03,0.2,-0.07,0.04,0.87,-0.13,0.12,0.86,-0.13,0.12,0.86,0.0,59.6,81.0,51.2,32.6,21.6,-95.4,-3.1,64.7,-156.0,9.9,31.0,-48.0,-4.6,54.0,-88.8,-4.7,3.4,-1.6,9.8,-5.4,-19.7,-16.0,-20.9,13.8,6.4,-5.7,-7.7,2,4
1700,34.0,-0.07,336.67,11.13,13.62,-0.12,-124.98,966.53,0.0,1202.76,1701.0,7.58,13.13,0.87,0.02,0.0,0.04,1.02,0.28,0.37,-0.89,0.68,0.07,-0.89,0.68,0.07,0.0,52.9,74.3,17.0,30.2,20.1,-100.3,-5.3,63.4,-156.0,8.5,29.6,-48.0,-3.7,57.3,-97.6,-7.8,6.0,2.2,14.7,-14.7,-9.1,-12.2,-17.5,21.1,-1.5,-4.1,-1.7,2,4
1702,34.04,-0.07,337.07,11.13,13.63,-0.12,-125.1,967.37,0.0,1203.9,1703.0,7.58,13.13,0.87,0.03,0.01,-0.02,-0.69,0.27,-0.28,0.24,-0.75,-0.05,0.24,-0.75,-0.05,0.0,0.0,0.0,0.0,28.2,24.2,-97.2,-9.2,61.6,-156.0,5.8,32.8,-48.0,-11.7,52.0,-95.3,-14.2,6.0,0.3,15.5,-17.2,-6.4,0.4,-0.4,22.8,-0.6,-5.8,6.0,2,4
1704,34.08,-0.07,337.46,11.14,13.65,-0.13,-125.27,968.21,0.0,1204.99,1705.0,7.57,13.13,0.87,0.09,-0.02,-0.02,-2.02,-0.46,0.22,1.52,-1.17,0.8,1.52,-1.17,0.8,114.1,0.0,67.2,94.5,32.0,30.0,-91.8,-5.2,61.8,-156.0,6.2,34.8,-48.0,-15.2,40.1,-75.7,-13.3,8.0,8.6,7.8,0.9,-19.7,1.4,-4.7,21.9,10.1,-3.3,-2.0,2,4
1706,34.12,-0.07,337.86,11.14,13.66,-0.13,-125.38,969.36,0.0,1206.45,1707.0,7.57,13.14,0.87,0.08,-0.04,-0.25,0.94,0.41,0.71,-1.03,0.59,0.41,-1.03,0.59,0.41,75.5,0.0,86.0,131.4,36.1,27.9,-81.1,-1.6,63.9,-156.0,8.1,35.9,-48.0,-13.3,44.2,-83.6,-11.2,5.8,0.7,-2.0,-0.8,-19.7,-4.2,-14.9,19.3,15.6,-13.1,-6.4,2,4
1708,34.16,-0.07,338.25,11.15,13.67,-0.13,-125.5,970.5,0.0,1207.88,1709.0,7.57,13.14,0.87,0.04,-0.03,0.09,-0.5,-0.07,0.81,0.24,-0.11,0.91,0.24,-0.11,0.91,0.0,44.5,77.2,81.7,33.5,25.8,-82.8,-4.0,65.0,-156.0,7.9,33.1,-48.0,-12.9,49.5,-90.9,-0.3,0.8,-0.6,5.0,-2.7,-19.7,-8.9,-19.7,5.4,10.3,-10.9,-8.2,2,4
1710,34.2,-0.07,338.65,11.15,13.69,-0.13,-125.54,971.64,0.0,1209.39,1711.0,7.57,13.14,0.87,0.08,-0.03,0.05,0.35,0.21,0.51,-0.48,0.23,0.39,-0.48,0.23,0.39,0.0,71.0,85.4,68.2,33.9,25.7,-85.9,-3.8,64.2,-156.0,9.9,30.7,-48.0,-9.9,51.4,-94.9,-2.1,1.9,-0.8,6.6,-2.6,-19.7,-12.1,-20.4,6.5,7.0,-8.8,-8.5,2,4
1712,34.24,-0.07,339.04,11.16,13.7,-0.13,-125.6,972.78,0.0,1210.88,1713.0,7.57,13.15,0.87,0.09,-0.05,0.03,0.61,0.21,0.54,-0.64,0.42,0.33,-0.64,0.42,0.33,0.0,66.2,79.9,25.8,32.4,27.7,-91.6,-4.7,64.3,-156.0,9.0,29.9,-48.0,-8.2,54.7,-101.9,-3.3,1.7,-0.3,10.8,-7.6,-13.9,-16.9,-18.7,17.0,3.5,-2.0,-2.7,2,4
1714,34.28,-0.07,339.43,11.17,13.72,-0.13,-125.7,973.91,0.0,1212.33,1715.0,7.57,13.15,0.87,0.09,-0.03,0.16,-0.4,-0.35,0.03,0.52,-0.02,0.12,0.52,-0.02,0.12,100.7,130.9,16.5,0.0,29.5,30.6,-93.9,-11.6,60.7,-152.9,5.6,32.0,-48.0,-9.0,56.5,-103.7,-11.2,4.1,1.9,12.3,-19.8,18.2,-1.6,0.7,22.8,-1.5,0.4,5.4,2,4
1716,34.32,-0.07,339.83,11.17,13.73,-0.13,-125.92,975.05,0.0,1213.66,1717.0,7.57,13.16,0.88,0.09,-0.1,0.17,-3.23,-1.29,-0.08,3.13,-1.31,0.79,3.13,-1.31,0.79,107.8,0.0,0.0,98.4,30.7,34.2,-97.1,-20.0,46.6,-150.3,7.3,37.9,-48.0,-9.5,51.1,-88.7,-15.0,1.6,3.0,15.1,-5.1,-19.8,1.8,-6.6,22.8,2.3,-3.8,1.5,1,4
1718,34.36,-0.07,340.22,11.18,13.75,-0.13,-126.11,976.19,0.0,1215.04,1719.0,7.57,13.16,0.88,0.12,-0.12,0.13,-1.45,-1.09,0.56,1.62,-0.16,0.99,1.62,-0.16,0.99,39.2,0.0,26.8,43.2,36.7,32.4,-92.5,-10.2,45.0,-156.0,15.5,37.3,-48.0,-4.6,48.3,-81.2,-12.1,1.4,6.5,0.7,4.7,-19.7,-4.4,-14.1,20.9,11.0,-9.9,-7.8,2,4
1720,34.4,-0.07,340.62,11.19,13.76,-0.13,-126.2,977.34,0.0,1216.51,1721.0,7.57,13.17,0.88,0.07,-0.1,-0.12,1.77,0.67,0.84,-1.89,0.75,0.37,-1.89,0.75,0.37,0.0,0.0,54.3,56.8,36.9,24.7,-79.3,-6.0,56.0,-156.0,16.4,34.7,-48.0,-3.3,51.8,-90.8,-7.6,7.8,-0.9,4.3,-2.8,-19.7,-7.1,-17.3,16.7,11.8,-12.4,-9.3,2,4
1722,34.44,-0.07,341.02,11.2,13.78,-0.13,-126.33,978.49,0.0,1217.95,1723.0,7.57,13.17,0.87,0.13,-0.12,-0.31,2.48,1.89,1.08,-3.27,0.31,0.33,-3.27,0.31,0.33,0.0,45.3,123.5,61.4,37.4,20.8,-84.7,-2.1,61.2,-156.0,13.6,27.1,-48.0,-4.6,49.8,-97.0,-2.2,8.2,1.2,3.1,-1.5,-19.7,-16.1,-19.1,-0.2,5.3,-5.4,-3.0,2,4
1724,34.48,-0.07,341.41,11.2,13.79,-0.13,-126.43,979.62,0.0,1219.4,1725.0,7.57,13.18,0.87,0.06,-0.14,0.15,1.33,-0.47,0.68,-0.8,1.33,0.19,-0.8,1.33,0.19,12.6,55.1,91.8,27.1,31.5,25.2,-83.5,-5.1,63.5,-156.0,8.7,27.2,-48.0,-8.4,52.5,-100.3,-3.0,1.4,0.2,10.2,-6.0,-19.7,-15.1,-18.7,5.8,5.2,-2.0,-4.3,2,4
1726,34.52,-0.07,341.8,11.21,13.81,-0.13,-126.48,980.75,0.0,1220.89,1727.0,7.57,13.19,0.88,0.04,-0.16,0.09,0.02,0.08,0.62,-0.15,0.14,0.59,-0.15,0.14,0.59,44.4,140.0,42.5,7.6,29.6,24.2,-82.6,-9.1,61.0,-155.4,7.5,27.2,-48.0,-7.6,54.3,-103.6,-5.9,3.4,2.2,9.5,-19.3,16.6,-9.2,-1.5,22.4,-0.6,-0.4,-0.4,2,4
1728,34.56,-0.07,342.2,11.21,13.82,-0.13,-126.62,981.88,0.0,1222.29,1729.0,7.57,13.19,0.88,0.02,-0.17,0.24,-3.95,-2.07,-0.23,4.37,-0.68,0.61,4.37,-0.68,0.61,66.5,0.0,0.0,64.5,29.9,25.9,-86.3,-21.3,44.8,-135.9,7.9,36.5,-48.0,-8.3,52.4,-99.7,-15.0,6.3,4.3,13.3,-9.2,-16.0,2.1,-9.8,22.8,2.3,-6.3,1.2,1,4
1730,34.6,-0.07,342.6,11.21,13.84,-0.13,-126.92,983.04,0.0,1223.57,1731.0,7.58,13.2,0.89,0.08,-0.19,0.03,-4.5,-1.87,0.19,4.59,-1.12,1.21,4.59,-1.12,1.21,57.3,0.0,38.6,99.6,37.5,26.9,-88.0,-17.2,29.4,-156.0,14.2,33.6,-48.0,-7.9,43.9,-94.4,-14.3,8.9,-3.7,5.3,11.1,-18.0,-0.8,-1.8,22.0,9.8,-5.0,-1.5,2,4
1732,34.64,-0.07,343.0,11.23,13.86,-0.13,-127.05,984.19,0.0,1225.01,1733.0,7.58,13.21,0.89,0.17,-0.14,-0.15,-0.06,-0.84,0.74,0.36,0.6,0.87,0.36,0.6,0.87,24.2,0.0,89.5,50.9,36.4,36.6,-102.2,-7.7,48.7,-156.0,17.1,37.9,-48.0,-7.8,46.0,-88.4,-13.2,12.0,5.9,2.7,1.6,-19.7,-5.0,-16.5,20.1,13.9,-6.4,-3.1,2,4
1734,34.68,-0.07,343.39,11.23,13.88,-0.13,-127.19,985.34,0.0,1226.45,1735.0,7.58,13.22,0.88,0.04,-0.16,-0.33,1.29,0.82,1.22,-1.72,-0.05,0.92,-1.72,-0.05,0.92,5.5,0.0,71.1,31.6,32.8,42.0,-109.5,2.3,62.7,-156.0,15.4,39.0,-48.0,-9.9,50.3,-88.0,1.7,-2.4,4.8,1.1,-3.3,-19.7,-7.8,-18.6,14.8,9.0,-4.3,-2.3,2,4
1736,34.72,-0.07,343.79,11.23,13.89,-0.13,-127.31,986.49,0.0,1227.9,1737.0,7.58,13.22,0.86,0.02,-0.17,-0.14,3.21,1.26,1.12,-3.57,0.51,0.33,-3.57,0.51,0.33,0.0,128.0,82.8,99.8,36.6,33.4,-99.9,1.4,67.1,-156.0,15.1,31.7,-48.0,-9.3,50.9,-91.4,-3.0,-1.9,4.8,9.9,-12.0,-19.7,-17.1,-20.2,9.8,9.4,-10.4,-2.7,2,4
1738,34.76,-0.07,344.19,11.23,13.9,-0.13,-127.41,987.65,0.0,1229.36,1739.0,7.59,13.23,0.87,-0.05,-0.19,0.27,0.4,-0.0,0.9,-0.53,0.29,0.77,-0.53,0.29,0.77,0.0,58.7,84.4,37.5,33.8,28.8,-89.7,-2.6,64.1,-156.0,12.0,29.8,-48.0,-10.8,49.0,-90.2,-6.5,0.2,0.3,11.6,-9.3,-19.7,-15.9,-20.2,17.2,5.4,0.2,-8.5,2,4
1740,34.8,-0.07,344.59,11.23,13.92,-0.13,-127.5,988.8,0.0,1230.84,1741.0,7.59,13.24,0.88,-0.04,-0.17,0.19,1.42,0.15,0.7,-1.44,0.58,0.33,-1.44,0.58,0.33,39.3,48.4,43.8,29.3,29.6,25.7,-85.5,-5.4,62.3,-155.7,8.7,28.4,-48.0,-10.6,51.9,-99.9,-4.9,4.0,3.4,10.3,-18.5,6.7,-8.5,-2.6,21.7,-1.8,-6.6,-1.1,2,4
1742,34.84,-0.07,344.99,11.23,13.93,-0.13,-127.67,989.94,0.0,1232.23,1743.0,7.59,13.24,0.89,-0.04,-0.19,0.12,-1.89,0.24,0.25,1.51,-0.94,0.73,1.51,-0.94,0.73,60.8,0.0,0.0,70.6,30.3,26.6,-83.9,-10.2,56.0,-154.4,9.2,32.9,-48.0,-13.7,46.4,-95.2,-14.5,4.8,-1.2,8.9,-16.2,-17.3,1.3,-2.3,22.8,3.9,-6.0,0.4,2,4
1744,34.88,-0.07,345.39,11.24,13.95,-0.13,-127.82,991.1,0.0,1233.65,1745.0,7.6,13.25,0.89,0.04,-0.15,-0.07,-1.79,-0.13,0.99,1.4,-0.5,1.41,1.4,-0.5,1.41,57.4,0.0,0.0,34.4,34.1,29.2,-91.1,-12.6,49.5,-156.0,13.5,31.3,-48.0,-13.5,39.7,-87.3,-14.9,6.0,-3.5,3.1,-0.4,-19.7,-1.6,-5.9,21.4,11.3,-3.7,-1.4,2,4
1746,34.92,-0.08,345.79,11.24,13.97,-0.13,-127.89,992.25,0.0,1235.15,1747.0,7.6,13.26,0.88,0.1,-0.11,-0.23,0.67,0.32,1.43,-1.08,-0.01,1.2,-1.08,-0.01,1.2,58.6,0.0,85.1,105.3,34.6,29.2,-96.8,-9.4,54.9,-156.0,15.3,26.7,-48.0,-11.2,42.2,-89.1,-11.7,11.3,3.7,3.1,-0.1,-19.7,-8.6,-13.9,13.6,11.8,-11.3,-3.4,2,4
1748,34.96,-0.08,346.18,11.25,13.98,-0.13,-127.94,993.4,0.0,1236.67,1749.0,7.6,13.26,0.87,0.05,-0.12,0.07,0.87,-0.68,1.25,-0.91,1.02,0.95,-0.91,1.02,0.95,0.0,84.4,95.6,100.0,33.3,28.8,-97.9,-7.0,61.1,-156.0,14.2,24.0,-48.0,-11.4,45.9,-93.7,0.3,2.2,-0.9,6.1,-3.0,-19.7,-11.4,-19.2,10.0,9.6,-8.7,-1.8,2,4
1750,35.0,-0.08,346.58,11.25,14.0,-0.13,-128.01,994.55,0.0,1238.17,1751.0,7.6,13.27,0.88,0.02,-0.12,0.01,0.2,0.31,1.19,-0.57,-0.14,1.1,-0.57,-0.14,1.1,8.8,79.9,94.2,62.7,33.0,27.7,-95.3,-5.5,60.9,-156.0,15.5,22.7,-48.0,-9.4,47.4,-95.4,-4.4,-2.0,1.4,10.5,-5.9,-19.7,-17.6,-20.0,11.9,6.0,-7.8,-4.5,2,4
1752,35.04,-0.08,346.98,11.25,14.01,-0.13,-128.05,995.69,0.0,1239.68,1753.0,7.6,13.27,0.88,0.02,-0.13,0.03,1.23,-0.14,1.09,-1.41,0.52,0.68,-1.41,0.52,0.68,25.1,64.4,83.8,18.2,31.1,25.6,-91.6,-8.3,60.6,-156.0,13.8,21.4,-48.0,-9.3,49.3,-99.3,-4.4,1.1,3.3,13.3,-15.4,-8.3,-16.0,-14.8,20.6,1.2,-1.5,-3.9,2,4
1754,35.08,-0.08,347.38,11.25,14.03,-0.13,-128.13,996.82,0.0,1241.14,1755.0,7.6,13.28,0.88,0.0,-0.11,0.16,-0.82,-1.1,0.58,0.86,1.04,0.64,0.86,1.04,0.64,73.5,62.4,0.0,65.8,28.0,26.0,-87.5,-14.3,57.5,-151.4,11.4,25.6,-48.0,-12.6,50.4,-101.9,-9.4,5.4,1.6,10.9,-19.5,10.7,-0.7,4.1,22.8,1.7,-5.5,1.7,2,4
1756,35.12,-0.08,347.77,11.25,14.05,-0.13,-128.32,997.98,0.0,1242.53,1757.0,7.6,13.28,0.89,-0.01,-0.12,0.13,-4.72,-1.33,0.33,4.7,0.58,1.32,4.7,0.58,1.32,49.9,0.0,0.0,26.7,33.5,29.2,-88.7,-17.7,44.3,-156.0,15.6,35.3,-48.0,-14.1,42.7,-94.2,-15.2,3.1,-1.0,11.7,-1.1,-16.9,-1.8,-8.0,22.7,8.1,-1.3,-0.3,2,4
1758,35.16,-0.08,348.17,11.26,14.06,-0.13,-128.44,999.13,0.0,1243.98,1759.0,7.59,13.29,0.89,0.07,-0.11,-0.09,-1.42,-1.17,1.42,1.26,0.84,1.76,1.26,0.84,1.76,60.7,0.0,112.0,93.2,35.8,30.8,-95.6,-12.3,43.5,-156.0,17.3,30.7,-48.0,-11.4,40.8,-89.8,-13.6,10.2,3.7,0.9,8.3,-19.7,-6.7,-12.0,19.5,14.4,-4.7,-2.1,2,4
1760,35.2,-0.08,348.57,11.26,14.08,-0.13,-128.53,1000.29,0.0,1245.47,1761.0,7.59,13.29,0.88,0.05,-0.07,-0.23,1.33,0.06,1.29,-1.51,-0.07,1.07,-1.51,-0.07,1.07,21.1,0.0,79.2,43.2,30.5,37.6,-105.1,-5.6,58.5,-156.0,15.8,32.5,-48.0,-13.3,47.0,-88.5,-4.7,3.4,4.4,3.9,-2.0,-19.7,-8.6,-17.7,10.3,10.8,-8.8,-3.4,2,4
1762,35.24,-0.08,348.97,11.26,14.09,-0.13,-128.63,1001.45,0.0,1246.94,1763.0,7.6,13.29,0.87,-0.0,-0.1,-0.32,0.24,1.69,1.55,-0.56,-1.75,1.39,-0.56,-1.75,1.39,0.0,0.0,30.7,92.4,33.7,34.1,-104.2,-4.0,63.5,-156.0,16.4,27.4,-48.0,-11.9,47.8,-90.3,-3.3,0.2,4.1,7.5,-7.2,-19.7,-17.2,-19.3,10.9,8.7,-8.7,-3.3,2,4
1764,35.28,-0.08,349.37,11.26,14.11,-0.13,-128.7,1002.6,0.0,1248.44,1765.0,7.6,13.3,0.87,-0.1,-0.11,0.27,0.14,-0.27,1.05,-0.4,0.23,0.99,-0.4,0.23,0.99,0.0,65.7,29.6,48.2,33.0,29.2,-95.2,-4.6,63.1,-156.0,15.1,25.5,-48.0,-11.6,46.9,-89.2,-5.7,0.7,-0.6,12.2,-6.1,-19.7,-15.7,-20.8,14.1,9.0,-3.7,-6.8,2,4
1766,35.32,-0.08,349.77,11.26,14.12,-0.13,-128.75,1003.76,0.0,1249.96,1767.0,7.6,13.3,0.88,-0.08,-0.09,0.12,1.23,0.04,1.14,-1.46,-0.16,0.81,-1.46,-0.16,0.81,0.0,34.7,26.1,22.9,30.5,24.7,-91.3,-4.9,61.6,-156.0,14.3,23.0,-48.0,-10.2,48.8,-95.3,-5.0,3.1,4.6,12.2,-16.4,-7.6,-15.3,-11.8,20.8,-1.1,-4.3,-6.2,2,4
1768,35.36,-0.08,350.17,11.26,14.14,-0.13,-128.82,1004.91,0.0,1251.46,1769.0,7.6,13.31,0.88,-0.07,-0.08,0.07,0.08,0.12,0.86,-0.28,-0.1,0.82,-0.28,-0.1,0.82,86.6,5.0,21.9,58.9,27.7,24.6,-85.5,-7.2,61.2,-156.0,11.3,24.8,-48.0,-14.4,47.4,-98.6,-9.9,6.3,0.4,12.3,-12.8,-13.7,-1.7,-2.6,22.5,-0.1,-7.2,1.0,2,4
1770,35.4,-0.08,350.57,11.26,14.16,-0.13,-128.87,1006.05,0.0,1252.96,1771.0,7.6,13.31,0.89,-0.03,-0.08,-0.06,-0.52,0.05,0.6,0.35,0.05,0.71,0.35,0.05,0.71,113.6,44.3,0.0,92.1,29.4,28.9,-87.1,-5.4,61.8,-156.0,10.5,26.1,-48.0,-16.6,43.6,-92.2,-13.7,11.9,-1.3,2.6,0.9,-19.7,-0.8,-1.3,21.1,10.2,-3.9,1.2,2,4
1772,35.44,-0.08,350.97,11.27,14.17,-0.13,-128.92,1007.2,0.0,1254.48,1773.0,7.6,13.31,0.88,0.06,-0.08,-0.32,0.01,-0.08,1.03,-0.28,0.09,0.99,-0.28,0.09,0.99,85.2,0.0,89.1,107.0,29.5,40.4,-96.3,-8.4,62.7,-156.0,8.5,30.4,-48.0,-18.5,45.2,-85.5,-11.1,5.2,4.7,1.4,0.1,-19.7,-6.5,-12.4,16.6,14.3,-10.8,-5.1,2,4
1774,35.48,-0.08,351.36,11.27,14.19,-0.13,-129.02,1008.35,0.0,1255.94,1775.0,7.6,13.32,0.87,-0.08,-0.09,0.01,-2.59,-0.03,1.29,2.07,0.62,1.93,2.07,0.62,1.93,24.4,69.1,124.2,65.3,31.4,41.0,-99.4,-9.3,65.0,-156.0,9.9,28.6,-48.0,-16.5,47.4,-86.7,-1.1,-2.1,1.2,3.5,-2.6,-19.7,-15.7,-18.9,6.7,7.0,-8.1,-7.0,2,4
1776,35.52,-0.08,351.76,11.27,14.2,-0.13,-129.07,1009.5,0.0,1257.45,1777.0,7.61,13.32,0.87,-0.09,-0.07,0.0,-0.12,0.23,1.38,-0.18,-0.24,1.37,-0.18,-0.24,1.37,15.5,78.1,31.5,64.6,32.0,34.8,-96.5,-7.0,63.3,-156.0,13.2,25.6,-48.0,-11.6,49.4,-89.6,-2.4,0.9,2.6,7.2,-2.3,-19.7,-15.2,-20.6,11.5,7.5,-8.8,-8.1,2,4
1778,35.56,-0.08,352.16,11.27,14.22,-0.13,-129.12,1010.64,0.0,1258.96,1779.0,7.61,13.33,0.87,-0.09,-0.07,0.02,0.25,-0.08,1.26,-0.6,-0.07,1.14,-0.6,-0.07,1.14,30.4,72.6,33.4,41.3,31.1,30.0,-94.2,-6.9,63.3,-156.0,14.6,22.7,-48.0,-8.7,51.5,-93.3,-4.1,-1.4,0.6,13.5,-9.3,-18.4,-17.6,-20.1,20.6,2.9,-5.6,-8.5,2,4
1780,35.6,-0.08,352.56,11.27,14.23,-0.13,-129.17,1011.78,0.0,1260.47,1781.0,7.61,13.33,0.87,-0.09,-0.06,0.04,0.47,0.04,0.85,-0.64,-0.23,0.69,-0.64,-0.23,0.69,61.2,56.7,38.4,30.0,28.8,27.6,-91.8,-9.9,62.3,-156.0,13.5,21.9,-48.0,-9.3,53.1,-98.7,-6.0,4.2,1.1,15.0,-17.1,-5.4,-11.5,-7.4,22.8,-2.4,-6.6,-1.0,2,4
1782,35.64,-0.08,352.96,11.27,14.25,-0.13,-129.22,1012.92,0.0,1261.96,1783.0,7.61,13.33,0.88,-0.1,-0.06,0.08,-1.08,0.14,0.56,0.84,0.29,0.85,0.84,0.29,0.85,108.2,0.0,0.0,77.3,29.9,29.5,-88.4,-10.0,61.0,-156.0,12.3,25.6,-48.0,-13.5,47.2,-90.6,-13.5,7.8,0.1,9.8,-4.1,-19.7,1.4,0.6,22.8,3.8,-6.7,1.5,2,4
1784,35.68,-0.08,353.35,11.27,14.26,-0.13,-129.31,1014.06,0.0,1263.43,1785.0,7.61,13.34,0.88,-0.03,-0.06,-0.1,0.28,-0.38,0.65,-0.58,0.19,0.53,-0.58,0.19,0.53,130.8,44.4,0.0,82.3,32.3,35.4,-87.8,-5.7,63.9,-156.0,11.2,28.2,-48.0,-15.5,43.9,-83.7,-15.0,11.3,1.7,-2.4,-0.3,-19.7,-1.9,-3.0,21.3,14.3,-5.1,-4.6,2,4
1786,35.72,-0.08,353.75,11.27,14.28,-0.13,-129.38,1015.2,0.0,1264.91,1787.0,7.62,13.34,0.87,-0.01,-0.09,-0.34,0.42,0.44,1.13,-0.47,-0.62,1.01,-0.47,-0.62,1.01,23.2,0.0,95.7,108.7,31.0,41.3,-92.2,-11.8,63.3,-156.0,8.9,30.2,-48.0,-17.4,47.4,-84.2,-4.4,0.9,-0.6,5.5,-4.0,-19.7,-9.4,-14.4,13.3,11.0,-12.7,-6.4,2,4
1788,35.76,-0.08,354.15,11.27,14.29,-0.13,-129.45,1016.34,0.0,1266.39,1789.0,7.62,13.34,0.87,-0.12,-0.07,0.12,-0.54,-0.04,1.16,0.12,0.22,1.26,0.12,0.22,1.26,0.0,11.5,42.8,62.1,32.5,39.8,-94.7,-8.5,63.9,-156.0,10.9,27.7,-48.0,-14.0,48.2,-85.0,-1.6,-0.6,1.2,4.9,-3.7,-19.7,-15.9,-19.3,9.2,7.7,-8.8,-10.1,2,4
1790,35.8,-0.08,354.55,11.27,14.3,-0.13,-129.54,1017.48,0.0,1267.86,1791.0,7.62,13.35,0.87,-0.11,-0.08,0.04,-0.59,0.17,1.15,0.23,0.06,1.28,0.23,0.06,1.28,31.0,85.1,33.2,56.2,32.5,32.5,-89.8,-8.6,62.9,-156.0,12.6,24.2,-48.0,-10.8,48.5,-87.3,-2.4,-1.3,-0.9,9.3,-5.4,-19.7,-17.0,-20.6,15.5,4.9,-7.1,-11.0,2,4
1792,35.84,-0.08,354.94,11.27,14.32,-0.13,-129.58,1018.62,0.0,1269.36,1793.0,7.62,13.35,0.87,-0.1,-0.08,0.02,0.19,0.11,1.03,-0.38,-0.3,0.93,-0.38,-0.3,0.93,23.8,69.3,33.7,41.7,30.4,26.1,-86.3,-9.6,61.9,-156.0,12.4,22.3,-48.0,-9.0,51.4,-95.2,-3.2,0.4,0.9,13.6,-14.6,-8.3,-17.1,-17.1,21.9,0.5,-6.6,-5.4,2,4
1794,35.88,-0.08,355.34,11.27,14.33,-0.13,-129.63,1019.75,0.0,1270.85,1795.0,7.62,13.36,0.88,-0.12,-0.07,0.07,-0.62,0.27,0.71,0.4,0.08,0.89,0.4,0.08,0.89,76.6,0.0,43.3,44.1,30.0,24.4,-83.6,-11.8,59.6,-156.0,11.7,22.5,-48.0,-10.2,49.6,-95.9,-8.7,5.6,1.5,13.4,-16.4,-5.6,-3.0,-2.3,22.8,-2.0,-7.8,-1.7,2,4
1796,35.92,-0.08,355.74,11.27,14.35,-0.13,-129.69,1020.88,0.0,1272.34,1797.0,7.62,13.36,0.88,-0.05,-0.07,-0.04,-1.13,-0.05,0.58,0.63,0.65,0.9,0.63,0.65,0.9,112.6,0.0,0.0,71.0,32.7,27.8,-84.4,-9.2,59.6,-156.0,13.1,25.2,-48.0,-11.4,45.2,-89.6,-13.6,13.1,-1.9,5.8,4.6,-19.7,0.8,-0.1,22.3,6.8,-4.9,-0.5,2,4
1798,35.96,-0.08,356.13,11.27,14.36,-0.13,-129.78,1022.02,0.0,1273.8,1799.0,7.62,13.37,0.87,0.07,-0.08,-0.32,0.54,-0.76,0.73,-1.07,0.14,0.48,-1.07,0.14,0.48,96.9,0.0,65.6,86.2,32.7,40.5,-92.0,-10.2,64.6,-156.0,12.4,27.4,-48.0,-15.0,46.6,-84.2,-12.2,5.6,0.0,0.4,-2.9,-19.7,-6.0,-4.1,20.3,13.4,-9.0,-6.3,2,4
1800,36.0,-0.08,356.53,11.27,14.38,-0.13,-129.89,1023.16,0.0,1275.24,1801.0,7.62,13.37,0.86,-0.11,-0.08,0.16,-1.01,-0.5,1.06,0.1,0.91,1.25,0.1,0.91,1.25,0.0,0.0,125.8,103.1,32.1,42.8,-94.8,-9.8,64.9,-156.0,12.2,28.2,-48.0,-14.7,49.9,-84.5,-0.6,-1.9,-1.4,2.0,-5.3,-19.7,-16.5,-17.1,8.7,7.7,-12.7,-7.6,2,4
1802,36.04,-0.08,356.92,11.27,14.39,-0.13,-129.94,1024.29,0.0,1276.74,1803.0,7.62,13.38,0.87,-0.1,-0.08,0.05,-0.51,0.27,1.02,0.25,0.02,1.14,0.25,0.02,1.14,20.2,81.8,19.9,74.9,31.5,37.3,-92.7,-9.6,64.0,-156.0,12.8,24.9,-48.0,-12.6,49.7,-85.8,-1.8,-1.4,2.8,8.0,-3.9,-19.7,-16.0,-20.4,11.4,6.6,-9.6,-10.1,2,4
1804,36.08,-0.08,357.32,11.27,14.41,-0.13,-129.99,1025.43,0.0,1278.22,1805.0,7.62,13.38,0.87,-0.09,-0.08,0.01,-0.15,0.13,1.03,-0.09,-0.14,1.03,-0.09,-0.14,1.03,41.9,79.1,26.2,50.2,30.4,29.7,-88.1,-9.7,63.0,-156.0,13.5,22.9,-48.0,-10.2,51.5,-90.9,-2.6,1.7,1.0,11.6,-7.1,-18.2,-17.4,-20.0,19.7,3.5,-4.3,-10.7,2,4
1806,36.12,-0.08,357.72,11.27,14.42,-0.13,-130.05,1026.56,0.0,1279.7,1807.0,7.62,13.39,0.87,-0.09,-0.06,0.04,-0.31,0.23,0.76,0.14,-0.05,0.83,0.14,-0.05,0.83,55.4,57.4,26.1,30.7,29.4,25.5,-84.7,-11.2,61.5,-156.0,13.5,21.5,-48.0,-9.1,53.1,-97.2,-5.2,2.9,1.2,13.9,-17.9,-0.3,-12.0,-8.3,22.8,-1.9,-6.5,-3.7,2,4
1808,36.16,-0.08,358.11,11.27,14.43,-0.13,-130.08,1027.68,0.0,1281.21,1809.0,7.62,13.39,0.88,-0.08,-0.07,0.04,-1.4,0.28,0.26,0.95,0.83,0.72,0.95,0.83,0.72,109.5,0.0,0.0,74.4,30.6,26.6,-83.9,-13.4,58.6,-156.0,13.4,24.6,-48.0,-11.5,48.6,-93.0,-13.4,6.0,-0.2,11.6,-12.7,-16.0,1.4,0.8,22.8,2.6,-6.6,0.3,2,4
1810,36.2,-0.08,358.51,11.27,14.45,-0.13,-130.14,1028.82,0.0,1282.7,1811.0,7.62,13.39,0.88,0.01,-0.04,-0.08,-0.51,0.07,0.62,0.2,0.21,0.75,0.2,0.21,0.75,61.6,0.0,0.0,82.8,34.8,30.5,-86.1,-10.5,58.2,-156.0,14.3,27.7,-48.0,-11.5,44.4,-86.9,-14.2,11.2,-0.8,-0.0,0.4,-19.7,-1.9,-2.3,21.6,10.7,-5.9,-1.5,2,4
1812,36.24,-0.08,358.9,11.27,14.46,-0.13,-130.19,1029.95,0.0,1284.2,1813.0,7.62,13.39,0.87,0.0,-0.04,0.02,0.3,-0.79,0.92,-1.02,0.03,0.73,-1.02,0.03,0.73,69.6,0.0,78.0,104.9,33.7,33.8,-89.0,-10.5,60.8,-156.0,11.3,27.5,-48.0,-12.8,46.5,-87.5,-7.6,4.7,-3.6,2.0,-2.8,-19.7,-8.6,-14.8,16.0,10.3,-12.3,-5.9,2,4
1814,36.28,-0.08,359.3,11.27,14.48,-0.13,-130.27,1031.09,0.0,1285.67,1815.0,7.62,13.39,0.87,-0.04,-0.04,0.07,-0.46,0.15,0.94,0.13,0.08,1.05,0.13,0.08,1.05,0.0,39.5,102.1,68.8,32.1,32.0,-91.8,-9.8,61.7,-156.0,11.0,25.3,-48.0,-11.9,47.9,-89.1,1.4,3.4,2.5,3.5,-1.7,-19.7,-14.8,-19.4,7.7,8.6,-9.4,-8.8,2,4
1816,36.32,-0.08,359.7,11.27,14.49,-0.13,-130.32,1032.22,0.0,1287.15,1817.0,7.62,13.4,0.87,-0.03,-0.05,0.01,0.19,-0.02,0.91,-0.33,-0.36,0.8,-0.33,-0.36,0.8,34.3,78.5,84.8,46.3,31.9,30.3,-90.1,-9.5,61.6,-156.0,11.3,24.2,-48.0,-10.1,49.5,-92.8,-3.1,1.1,-0.7,9.0,-1.9,-19.7,-13.8,-20.3,13.6,6.1,-4.6,-10.3,2,4
1818,36.36,-0.08,360.09,11.27,14.51,-0.13,-130.38,1033.34,0.0,1288.63,1819.0,7.62,13.4,0.87,-0.02,-0.06,0.0,0.61,-0.12,0.83,-0.59,-0.63,0.57,-0.59,-0.63,0.57,51.6,69.2,83.6,21.3,30.0,29.3,-90.3,-9.9,62.3,-156.0,10.8,23.4,-48.0,-7.3,54.9,-103.3,-5.3,1.9,-3.3,14.7,-12.2,-7.4,-16.4,-16.1,22.1,0.1,-3.0,-1.8,2,4
1820,36.4,-0.08,360.49,11.27,14.52,-0.13,-130.46,1034.47,0.0,1290.08,1821.0,7.62,13.4,0.88,-0.05,-0.03,0.11,-1.47,-0.5,0.11,0.17,1.47,0.49,0.17,1.47,0.49,77.9,31.1,0.0,66.0,28.5,30.7,-90.9,-15.3,58.7,-152.8,9.4,26.4,-48.0,-10.4,53.6,-102.4,-9.9,3.9,2.7,12.8,-19.6,6.7,-1.6,2.9,22.8,0.8,-5.7,4.1,2,4
1822,36.44,-0.08,360.88,11.27,14.54,-0.13,-130.71,1035.61,0.0,1291.38,1823.0,7.61,13.4,0.88,-0.04,-0.05,0.17,-3.56,-0.77,0.07,0.87,3.37,1.1,0.87,3.37,1.1,46.0,0.0,0.0,59.4,35.2,35.2,-90.7,-14.6,50.7,-156.0,10.6,31.5,-48.0,-12.1,44.5,-90.5,-14.3,4.7,1.6,9.0,5.5,-19.6,0.9,-4.3,22.7,6.9,-2.1,-0.9,2,4
1824,36.48,-0.08,361.28,11.28,14.56,-0.13,-130.79,1036.76,0.0,1292.87,1825.0,7.61,13.4,0.88,0.04,-0.03,-0.1,0.77,-0.26,0.81,-0.63,-0.76,0.58,-0.63,-0.76,0.58,50.6,0.0,61.8,81.4,37.1,38.4,-90.5,-7.9,55.6,-156.0,11.0,32.6,-48.0,-11.6,44.0,-87.5,-11.5,10.5,4.3,-2.1,3.4,-19.7,-5.3,-6.7,19.8,14.5,-5.1,-5.1,2,4
1826,36.52,-0.08,361.68,11.28,14.57,-0.13,-130.86,1037.91,0.0,1294.37,1827.0,7.61,13.4,0.87,0.07,-0.01,-0.32,1.07,1.41,1.13,0.71,-1.81,0.81,0.71,-1.81,0.81,0.0,0.0,102.0,101.7,35.2,35.8,-92.3,-8.1,59.4,-156.0,10.4,29.6,-48.0,-11.9,47.6,-94.4,-1.3,2.4,-2.3,2.6,-1.4,-19.7,-11.0,-16.3,11.9,8.7,-9.1,-0.1,2,4
1828,36.56,-0.08,362.07,11.28,14.59,-0.13,-130.93,1039.04,0.0,1295.84,1829.0,7.61,13.4,0.87,-0.02,-0.01,0.22,0.69,-0.59,0.55,-0.88,-0.54,0.27,-0.88,-0.54,0.27,30.3,64.9,88.3,81.9,34.4,33.1,-93.3,-6.8,61.8,-156.0,10.4,26.5,-48.0,-10.4,48.4,-95.0,-0.5,-0.1,1.8,7.0,-3.4,-19.7,-16.4,-19.5,9.4,7.2,-8.9,-4.1,2,4
1830,36.6,-0.08,362.47,11.28,14.6,-0.13,-131.01,1040.18,0.0,1297.31,1831.0,7.61,13.4,0.88,0.0,-0.03,0.03,0.19,0.46,0.88,0.2,-0.58,0.8,0.2,-0.58,0.8,39.5,79.8,86.8,24.6,32.3,27.5,-88.2,-7.4,60.6,-156.0,9.8,24.9,-48.0,-9.7,48.4,-96.4,-3.7,1.6,0.6,9.4,-5.6,-19.1,-16.1,-20.1,16.7,4.3,-0.7,-6.3,2,4
1832,36.64,-0.08,362.86,11.28,14.62,-0.13,-131.07,1041.3,0.0,1298.79,1833.0,7.61,13.4,0.88,0.03,-0.03,0.04,0.82,-0.13,0.48,-0.46,-0.82,0.16,-0.46,-0.82,0.16,61.4,98.0,51.6,24.2,30.0,25.0,-86.2,-10.7,59.9,-156.0,8.5,23.8,-48.0,-8.3,51.4,-103.7,-6.5,4.5,2.4,12.0,-18.7,9.5,-9.5,-4.3,22.7,-1.4,-3.7,0.3,2,4
1834,36.68,-0.08,363.26,11.29,14.63,-0.13,-131.2,1042.43,0.0,1300.19,1835.0,7.61,13.4,0.88,0.01,-0.05,0.11,-2.69,-0.43,-0.27,0.42,2.65,0.57,0.42,2.65,0.57,58.0,0.0,0.0,81.4,31.3,28.0,-85.4,-15.5,53.3,-152.5,8.6,30.0,-48.0,-12.4,47.0,-97.8,-15.2,6.6,0.3,10.3,-17.7,-16.7,2.9,-0.2,22.8,4.3,-6.4,1.3,2,4
1836,36.72,-0.08,363.66,11.29,14.65,-0.13,-131.34,1043.57,0.0,1301.61,1837.0,7.6,13.4,0.88,0.09,-0.02,-0.0,-2.6,-0.85,0.36,-0.06,2.51,1.15,-0.06,2.51,1.15,49.1,0.0,0.0,35.6,38.0,33.4,-88.9,-15.7,45.0,-156.0,14.4,33.0,-48.0,-12.8,40.0,-89.8,-14.7,2.8,-2.8,4.9,4.4,-19.7,-3.3,-6.8,22.1,10.9,-4.4,-1.0,2,4
1838,36.76,-0.08,364.05,11.3,14.67,-0.13,-131.4,1044.71,0.0,1303.12,1839.0,7.6,13.39,0.88,0.12,0.03,-0.17,0.12,0.22,1.21,0.18,-0.52,1.11,0.18,-0.52,1.11,47.2,0.0,82.2,109.9,39.3,35.5,-92.9,-11.2,51.4,-156.0,15.3,29.1,-48.0,-11.5,41.8,-90.2,-11.2,5.8,1.5,3.1,0.9,-19.7,-7.9,-14.1,17.6,11.9,-10.5,-1.9,2,4
1840,36.8,-0.08,364.45,11.31,14.68,-0.13,-131.46,1045.85,0.0,1304.62,1841.0,7.6,13.39,0.87,0.09,0.02,0.05,1.81,-0.33,1.34,-0.76,-2.03,0.7,-0.76,-2.03,0.7,9.7,0.0,88.8,111.8,36.8,31.8,-93.6,-8.7,58.3,-156.0,14.4,25.5,-48.0,-11.8,44.9,-95.2,1.2,1.8,1.0,4.2,-0.4,-19.7,-11.8,-19.5,7.4,10.8,-10.7,-4.0,2,4
1842,36.84,-0.08,364.85,11.32,14.7,-0.13,-131.52,1046.99,0.0,1306.13,1843.0,7.6,13.39,0.87,0.08,0.02,0.03,0.55,0.25,1.03,0.07,-0.88,0.81,0.07,-0.88,0.81,25.1,93.1,95.7,52.9,34.5,29.7,-89.5,-7.1,61.1,-156.0,14.1,23.2,-48.0,-10.9,47.8,-98.4,-2.9,-1.2,-0.8,9.0,-3.9,-19.7,-17.3,-20.2,11.3,6.6,-5.8,-4.3,2,4
1844,36.88,-0.08,365.24,11.32,14.71,-0.13,-131.59,1048.13,0.0,1307.6,1845.0,7.6,13.38,0.87,0.11,0.0,0.02,0.76,0.01,1.02,-0.2,-1.03,0.71,-0.2,-1.03,0.71,58.4,72.5,85.4,21.1,31.7,28.2,-88.8,-8.5,61.8,-156.0,12.8,22.3,-48.0,-8.6,52.4,-104.6,-5.4,2.3,-2.7,13.9,-12.2,-10.6,-16.9,-16.1,21.6,0.9,-1.8,-1.0,2,4
1846,36.92,-0.08,365.64,11.33,14.73,-0.14,-131.67,1049.25,0.0,1309.07,1847.0,7.6,13.38,0.88,0.09,0.02,0.12,-0.33,-0.23,0.38,-0.25,0.23,0.44,-0.25,0.23,0.44,97.7,58.2,4.5,29.7,28.9,29.6,-88.3,-14.1,59.6,-154.3,9.9,25.2,-48.0,-12.2,52.1,-102.6,-11.4,4.5,-0.1,13.5,-19.6,8.8,-2.3,3.7,22.8,0.2,-3.2,5.2,2,4
1848,36.96,-0.08,366.04,11.34,14.74,-0.14,-131.85,1050.4,0.0,1310.45,1849.0,7.6,13.37,0.88,0.1,0.02,0.15,-3.96,-0.66,0.13,-0.33,3.79,1.31,-0.33,3.79,1.31,51.2,0.0,0.0,36.1,33.5,33.6,-89.2,-17.5,50.2,-156.0,11.2,34.6,-48.0,-14.7,43.6,-89.1,-15.6,1.6,1.5,10.7,-5.3,-19.0,0.4,-6.2,22.8,7.3,-2.0,-2.2,2,4
1850,37.0,-0.08,366.43,11.35,14.76,-0.14,-131.96,1051.53,0.0,1311.9,1851.0,7.6,13.37,0.88,0.15,0.02,-0.01,-1.03,-0.45,1.1,-0.31,0.69,1.38,-0.31,0.69,1.38,54.8,0.0,107.9,93.7,38.8,35.0,-88.7,-11.0,50.1,-156.0,12.5,31.0,-48.0,-11.4,41.5,-86.6,-13.7,5.1,4.9,-2.1,4.5,-19.7,-4.0,-9.3,20.5,14.8,-7.8,-6.7,2,4
1852,37.04,-0.08,366.83,11.36,14.77,-0.14,-132.03,1052.67,0.0,1313.39,1853.0,7.6,13.36,0.88,0.15,0.05,-0.2,0.74,1.11,1.59,1.18,-1.18,1.24,1.18,-1.18,1.24,15.9,0.0,97.0,108.7,38.4,27.2,-84.0,-9.3,56.4,-156.0,14.7,27.4,-48.0,-9.4,45.3,-97.7,-4.2,0.7,-0.8,4.5,-0.9,-19.7,-7.7,-18.8,13.8,10.1,-11.8,-4.4,2,4
1854,37.08,-0.08,367.23,11.37,14.79,-0.14,-132.13,1053.82,0.0,1314.87,1855.0,7.61,13.36,0.88,0.14,0.04,0.16,0.38,-0.39,1.08,-0.37,-0.73,0.89,-0.37,-0.73,0.89,0.0,63.2,97.8,95.0,34.7,24.7,-86.1,-6.3,60.5,-156.0,14.1,23.6,-48.0,-8.1,49.7,-103.6,1.6,4.6,0.3,4.8,0.4,-19.7,-14.0,-20.1,8.1,9.3,-11.1,-4.9,2,4
1856,37.12,-0.08,367.62,11.39,14.8,-0.14,-132.17,1054.95,0.0,1316.39,1857.0,7.61,13.35,0.88,0.18,0.03,0.01,-0.0,0.31,1.12,0.3,-0.34,1.07,0.3,-0.34,1.07,47.8,85.0,94.6,8.5,34.3,28.7,-90.5,-6.7,60.7,-156.0,14.9,21.5,-48.0,-5.7,51.8,-106.8,-5.0,1.6,-4.3,11.0,-3.0,-19.7,-16.6,-20.4,16.7,5.4,0.7,-2.0,2,4
1858,37.16,-0.08,368.02,11.4,14.82,-0.14,-132.22,1056.08,0.0,1317.89,1859.0,7.61,13.34,0.88,0.17,0.03,0.06,1.18,0.03,0.83,0.16,-1.39,0.39,0.16,-1.39,0.39,82.1,58.3,77.0,32.1,30.1,29.7,-95.3,-9.4,61.3,-156.0,12.6,21.3,-48.0,-5.3,55.0,-108.5,-7.3,2.9,-0.5,15.3,-17.3,-3.5,-14.6,-9.0,22.7,-1.6,-2.5,2.1,2,4
1860,37.2,-0.08,368.42,11.41,14.84,-0.14,-132.33,1057.21,0.0,1319.33,1861.0,7.61,13.34,0.88,0.18,0.03,0.16,-2.11,-0.84,0.06,-1.16,1.83,0.65,-1.16,1.83,0.65,48.0,0.0,0.0,38.8,28.8,32.8,-94.2,-16.6,56.0,-152.7,9.9,30.2,-48.0,-12.6,50.0,-96.8,-13.8,4.5,3.4,12.5,-18.1,-7.8,1.0,-2.0,22.8,2.3,-6.4,1.6,2,4
1862,37.24,-0.08,368.81,11.43,14.85,-0.14,-132.45,1058.35,0.0,1320.78,1863.0,7.61,13.33,0.88,0.16,0.01,0.21,-3.55,-0.39,0.46,-0.93,3.13,1.51,-0.93,3.13,1.51,46.6,0.0,0.0,35.3,35.2,37.0,-93.6,-15.6,48.0,-156.0,11.9,35.4,-48.0,-13.2,42.4,-87.6,-14.6,1.8,3.1,7.0,4.5,-19.7,-1.2,-7.5,22.5,9.5,-4.8,1.9,2,4
1864,37.28,-0.08,369.21,11.44,14.87,-0.14,-132.55,1059.49,0.0,1322.25,1865.0,7.62,13.32,0.89,0.2,0.03,-0.05,0.13,0.27,1.23,0.44,-0.4,1.11,0.44,-0.4,1.11,41.8,0.0,35.8,103.4,38.7,35.3,-88.5,-9.6,55.3,-156.0,13.2,31.5,-48.0,-9.8,43.3,-90.1,-11.1,4.4,2.3,1.6,-1.4,-19.7,-5.4,-12.9,19.9,12.3,-10.2,-4.8,2,4
1866,37.32,-0.08,369.61,11.46,14.89,-0.14,-132.63,1060.63,0.0,1323.74,1867.0,7.62,13.32,0.88,0.27,0.06,-0.2,0.91,1.7,1.61,2.03,-0.9,1.17,2.03,-0.9,1.17,0.0,0.0,118.4,88.6,38.2,26.9,-87.9,-4.7,58.3,-156.0,14.0,24.5,-48.0,-8.2,44.2,-98.9,-1.4,2.6,-0.1,1.1,-0.3,-19.7,-9.6,-18.9,10.0,8.3,-8.2,-3.9,2,4
1868,37.36,-0.08,370.0,11.48,14.9,-0.14,-132.71,1061.76,0.0,1325.22,1869.0,7.62,13.31,0.88,0.23,0.04,0.13,0.7,-0.34,1.06,-0.03,-1.09,0.73,-0.03,-1.09,0.73,0.0,65.7,50.6,58.7,34.8,26.2,-87.4,-4.8,60.4,-156.0,13.3,22.9,-48.0,-7.2,48.5,-103.5,-0.9,0.9,1.2,6.7,-2.5,-19.7,-16.6,-19.6,8.0,5.0,-6.2,-3.9,2,4
1870,37.4,-0.08,370.4,11.5,14.92,-0.14,-132.8,1062.89,0.0,1326.69,1871.0,7.63,13.3,0.88,0.27,0.02,0.02,1.11,0.2,1.08,0.61,-1.29,0.63,0.61,-1.29,0.63,56.2,71.4,45.3,0.8,31.9,29.1,-91.1,-6.8,61.6,-156.0,11.6,22.5,-48.0,-4.5,54.2,-110.6,-5.7,2.7,-3.9,13.2,-7.8,-15.2,-16.8,-18.4,20.3,1.5,1.6,1.6,2,4
1872,37.44,-0.08,370.79,11.52,14.93,-0.14,-132.94,1064.01,0.0,1328.1,1873.0,7.63,13.29,0.88,0.29,0.05,0.09,0.56,-0.58,0.34,-0.33,-0.81,0.03,-0.33,-0.81,0.03,121.2,141.2,0.0,0.0,26.5,33.7,-95.6,-17.0,59.3,-154.5,6.3,26.8,-48.0,-6.2,58.6,-103.0,-13.2,4.7,-2.7,14.9,-20.5,20.3,-1.9,8.9,22.8,-5.7,0.8,7.9,2,4
1874,37.48,-0.08,371.19,11.55,14.95,-0.14,-133.17,1065.14,0.0,1329.44,1875.0,7.64,13.28,0.88,0.3,0.02,0.15,-4.56,-1.8,0.21,-3.37,3.3,1.36,-3.37,3.3,1.36,52.2,0.0,0.0,0.0,27.3,38.0,-98.5,-26.6,45.4,-148.5,7.1,45.8,-48.0,-12.5,52.3,-73.1,-15.4,-1.6,3.2,16.4,-9.9,-19.7,2.2,-9.9,22.8,3.4,-6.4,-1.4,1,4
1876,37.52,-0.08,371.58,11.57,14.96,-0.14,-133.45,1066.29,0.0,1330.74,1877.0,7.64,13.26,0.88,0.29,-0.06,0.15,-3.94,-1.74,1.17,-2.95,2.56,2.16,-2.95,2.56,2.16,45.6,0.0,0.0,52.6,35.2,34.3,-94.8,-16.6,38.9,-156.0,14.7,41.0,-48.0,-2.3,46.4,-69.9,-10.7,3.2,7.6,-0.8,9.8,-19.7,-2.9,-8.2,21.7,14.0,-10.6,-14.8,2,4
1878,37.56,-0.08,371.98,11.59,14.98,-0.14,-133.59,1067.43,0.0,1332.17,1879.0,7.65,13.25,0.88,0.24,-0.02,-0.05,1.54,0.42,1.46,1.39,-1.28,1.06,1.39,-1.28,1.06,0.0,0.0,54.1,56.2,39.0,25.4,-81.7,-11.7,53.3,-156.0,19.4,34.9,-48.0,4.2,54.5,-83.3,-7.3,6.5,-5.0,6.9,-4.6,-19.7,-9.9,-18.1,16.5,6.0,-15.6,-7.2,2,4
1880,37.6,-0.08,372.38,11.61,15.0,-0.14,-133.7,1068.58,0.0,1333.64,1881.0,7.65,13.25,0.87,0.21,-0.02,-0.33,0.9,2.37,1.81,2.78,0.16,1.39,2.78,0.16,1.39,0.0,0.0,63.2,19.9,38.3,20.6,-87.3,-6.2,57.2,-156.0,16.6,29.2,-48.0,2.4,53.0,-88.9,-1.1,3.8,0.8,5.2,-3.0,-19.7,-12.2,-19.5,6.8,3.4,-9.5,-9.2,2,4
1882,37.64,-0.08,372.77,11.62,15.01,-0.14,-133.81,1069.72,0.0,1335.09,1883.0,7.65,13.24,0.87,0.15,-0.04,0.22,1.47,-0.36,1.27,0.65,-1.71,0.75,0.65,-1.71,0.75,0.0,18.1,43.6,25.5,31.2,23.0,-87.3,-8.2,61.7,-156.0,11.0,25.8,-48.0,-0.5,54.7,-90.6,-0.4,-1.0,-1.3,10.2,-6.6,-19.7,-16.0,-19.6,9.4,3.3,-4.9,-6.0,2,4
1884,37.68,-0.08,373.17,11.63,15.02,-0.14,-133.85,1070.85,0.0,1336.61,1885.0,7.65,13.23,0.88,0.16,-0.05,0.07,1.19,0.5,1.06,1.19,-0.94,0.71,1.19,-0.94,0.71,0.0,51.8,65.2,8.9,26.3,24.5,-89.0,-12.0,61.3,-156.0,8.0,24.9,-48.0,-1.0,57.9,-97.3,-4.6,2.1,0.9,12.7,-18.3,4.5,-11.7,-7.5,22.2,-2.9,-1.7,-1.8,2,4
1886,37.72,-0.08,373.57,11.64,15.04,-0.14,-133.97,1071.97,0.0,1338.03,1887.0,7.66,13.23,0.88,0.14,-0.04,0.21,-3.56,-1.02,0.36,-2.97,1.87,1.25,-2.97,1.87,1.25,107.3,0.0,0.0,48.9,24.9,26.7,-90.2,-21.9,52.9,-146.1,7.1,32.4,-48.0,-6.5,56.2,-97.4,-11.3,6.2,4.3,13.9,-16.5,-1.4,0.5,-3.3,22.8,0.4,-8.3,1.5,1,4
1888,37.76,-0.08,373.97,11.65,15.06,-0.14,-134.25,1073.12,0.0,1339.33,1889.0,7.66,13.22,0.89,0.15,-0.07,0.23,-5.05,-0.87,0.44,-3.74,3.07,1.76,-3.74,3.07,1.76,55.2,0.0,0.0,38.1,33.3,29.9,-91.0,-20.2,39.1,-156.0,11.7,36.2,-48.0,-7.4,47.5,-89.0,-14.6,4.5,1.2,10.0,5.1,-17.9,-1.3,-4.4,22.8,7.3,-5.4,0.1,2,4
1890,37.8,-0.08,374.36,11.67,15.08,-0.14,-134.35,1074.25,0.0,1340.8,1891.0,7.66,13.21,0.89,0.22,-0.08,0.02,-1.24,-0.32,1.51,-0.63,0.56,1.79,-0.63,0.56,1.79,51.7,0.0,81.9,41.9,39.4,31.5,-90.9,-10.8,45.4,-156.0,15.5,32.7,-48.0,-3.0,46.1,-86.4,-12.7,6.6,4.7,0.8,4.7,-19.7,-5.0,-14.9,21.4,13.5,-9.9,-6.9,2,4
1892,37.84,-0.08,374.76,11.69,15.09,-0.14,-134.44,1075.39,0.0,1342.28,1893.0,7.67,13.2,0.89,0.17,-0.05,-0.15,1.7,1.58,1.93,2.76,-0.14,1.21,2.76,-0.14,1.21,0.0,0.0,81.7,33.0,38.6,23.5,-90.7,-3.4,55.8,-156.0,16.7,26.9,-48.0,-1.5,47.1,-93.8,-1.9,4.2,2.1,1.8,-1.8,-19.7,-8.6,-18.3,13.7,6.7,-7.4,-3.3,2,4
1894,37.88,-0.08,375.16,11.7,15.11,-0.14,-134.55,1076.53,0.0,1343.74,1895.0,7.67,13.2,0.88,0.21,-0.09,0.16,2.83,-0.69,1.39,2.0,-2.5,0.39,2.0,-2.5,0.39,0.0,68.7,91.9,104.4,35.3,22.0,-88.3,-4.4,59.8,-156.0,13.5,22.6,-48.0,-3.2,48.7,-98.4,1.0,1.6,-0.0,6.8,-6.5,-19.7,-12.7,-19.4,9.0,7.5,-9.8,-2.9,2,4
1896,37.92,-0.08,375.56,11.72,15.13,-0.14,-134.62,1077.66,0.0,1345.23,1897.0,7.67,13.19,0.88,0.22,-0.11,0.05,1.0,0.19,1.31,1.18,-0.72,0.92,1.18,-0.72,0.92,62.1,62.4,84.5,0.0,31.8,23.9,-88.2,-7.6,59.8,-156.0,11.2,22.3,-48.0,-4.0,51.8,-103.0,-5.0,5.7,-3.2,10.7,-7.9,-16.3,-14.7,-16.5,17.9,2.8,2.3,-3.3,2,4
1898,37.96,-0.08,375.95,11.74,15.14,-0.14,-134.73,1078.79,0.0,1346.67,1899.0,7.68,13.18,0.88,0.23,-0.1,0.07,1.33,-0.08,0.92,1.2,-1.02,0.41,1.2,-1.02,0.41,99.7,112.0,26.3,0.0,27.2,28.2,-93.1,-14.4,59.3,-155.7,6.0,24.2,-48.0,-5.1,57.0,-104.2,-10.4,4.3,-1.6,15.6,-19.3,12.3,-5.9,3.1,22.8,-5.2,-1.2,5.0,2,4
1900,38.0,-0.08,376.35,11.76,15.16,-0.14,-134.87,1079.91,0.0,1348.1,1901.0,7.69,13.17,0.88,0.24,-0.13,0.09,-2.9,-1.16,0.69,-2.86,0.31,1.39,-2.86,0.31,1.39,58.8,0.0,0.0,0.0,28.0,32.5,-94.1,-19.1,54.1,-156.0,3.8,36.0,-48.0,-11.5,50.8,-82.1,-15.5,2.4,1.2,14.2,-14.6,-18.0,2.9,-3.6,22.8,2.9,-5.6,0.5,2,4
1902,38.04,-0.08,376.75,11.78,15.17,-0.14,-135.02,1081.07,0.0,1349.53,1903.0,7.69,13.16,0.88,0.24,-0.19,-0.03,-2.72,-1.0,1.28,-2.51,0.27,1.91,-2.51,0.27,1.91,53.9,0.0,0.0,116.6,34.1,33.3,-92.6,-12.9,51.8,-156.0,8.6,36.0,-48.0,-6.6,46.8,-77.1,-13.4,6.0,4.8,-0.2,3.0,-19.7,0.0,-7.4,21.2,12.9,-10.1,-9.6,2,4
1904,38.08,-0.08,377.14,11.8,15.19,-0.14,-135.11,1082.22,0.0,1351.02,1905.0,7.7,13.15,0.87,0.23,-0.18,-0.23,1.23,0.94,1.65,1.85,0.18,1.29,1.85,0.18,1.29,0.0,0.0,83.1,56.2,36.2,29.3,-90.0,-10.3,56.6,-156.0,12.6,32.9,-48.0,-2.1,52.8,-86.5,-8.1,8.0,-1.4,5.7,-1.5,-19.7,-8.0,-16.6,14.9,7.2,-14.5,-4.8,2,4
1906,38.12,-0.08,377.54,11.81,15.2,-0.14,-135.19,1083.37,0.0,1352.51,1907.0,7.7,13.14,0.87,0.17,-0.24,0.22,1.74,-0.29,1.78,1.85,-1.17,1.21,1.85,-1.17,1.21,0.0,0.0,85.9,83.1,33.7,26.9,-91.4,-8.7,60.4,-156.0,10.8,30.2,-48.0,-3.3,53.8,-88.0,0.7,3.2,0.8,6.3,-1.1,-19.7,-10.6,-20.0,6.7,6.6,-11.1,-8.4,2,4
1908,38.16,-0.08,377.93,11.83,15.21,-0.14,-135.26,1084.5,0.0,1353.99,1909.0,7.7,13.12,0.87,0.16,-0.26,0.14,1.29,0.33,1.47,1.63,-0.39,1.07,1.63,-0.39,1.07,0.0,87.6,84.9,42.5,30.7,26.5,-88.1,-8.7,62.5,-156.0,10.2,26.6,-48.0,-2.4,55.3,-91.5,-1.3,1.1,-1.4,9.6,-5.6,-19.7,-14.6,-19.9,9.3,2.1,-2.7,-8.9,2,4
1910,38.2,-0.08,378.33,11.84,15.23,-0.14,-135.29,1085.62,0.0,1355.5,1911.0,7.7,13.11,0.87,0.15,-0.28,0.17,0.68,0.33,1.27,1.03,-0.19,1.04,1.03,-0.19,1.04,45.3,62.9,63.6,22.8,28.0,25.7,-86.4,-12.3,61.4,-156.0,7.8,25.9,-48.0,-2.9,58.2,-99.8,-4.5,1.4,1.1,12.2,-18.6,6.0,-12.8,-6.9,21.9,-2.3,-3.6,-3.0,2,4
1912,38.24,-0.08,378.72,11.85,15.24,-0.14,-135.45,1086.73,0.0,1356.87,1913.0,7.71,13.1,0.88,0.1,-0.26,0.29,-3.39,-1.3,0.59,-3.38,-0.73,1.24,-3.38,-0.73,1.24,94.1,21.2,0.0,51.8,26.9,28.0,-86.8,-21.8,53.1,-143.2,7.1,33.5,-48.0,-8.5,56.1,-99.1,-10.7,6.5,3.5,11.5,-17.8,5.3,1.6,-0.2,22.8,2.6,-8.5,1.2,1,4
1914,38.28,-0.08,379.11,11.85,15.26,-0.14,-135.69,1087.88,0.0,1358.2,1915.0,7.71,13.08,0.88,0.07,-0.41,0.12,-5.07,-0.76,0.41,-4.88,0.19,1.59,-4.88,0.19,1.59,52.7,0.0,0.0,22.8,34.7,32.3,-92.5,-23.8,33.1,-154.8,14.6,39.0,-48.0,-11.5,45.1,-91.8,-15.1,0.6,-0.3,11.4,1.8,-7.0,-1.6,-4.7,22.8,8.4,-1.2,-0.2,2,4
1916,38.32,-0.08,379.51,11.87,15.28,-0.14,-135.94,1089.03,0.0,1359.51,1917.0,7.71,13.07,0.88,0.2,-0.41,-0.08,-2.48,-1.29,1.36,-2.28,-0.77,1.96,-2.28,-0.77,1.96,0.0,0.0,163.4,54.6,40.2,32.0,-100.1,-15.1,31.6,-156.0,20.2,30.5,-48.0,-6.9,41.0,-87.8,-15.0,12.1,2.6,0.5,13.8,-19.7,-7.0,-10.9,21.3,14.7,-4.7,0.6,2,4
1918,38.36,-0.08,379.91,11.88,15.29,-0.14,-136.08,1090.18,0.0,1360.96,1919.0,7.72,13.05,0.88,0.11,-0.37,-0.19,2.13,0.06,1.65,2.4,-0.01,1.23,2.4,-0.01,1.23,15.0,0.0,74.2,27.1,34.4,41.5,-112.0,-3.5,58.9,-156.0,19.1,33.8,-48.0,-8.5,45.8,-81.9,-1.2,-0.2,7.3,2.4,-3.7,-19.7,-11.0,-18.4,9.7,8.4,-7.5,-5.0,2,4
1920,38.4,-0.08,380.3,11.88,15.31,-0.14,-136.24,1091.33,0.0,1362.36,1921.0,7.71,13.03,0.86,0.04,-0.47,-0.17,4.26,1.0,1.79,4.58,0.89,0.74,4.58,0.89,0.74,0.0,146.3,111.1,68.9,34.6,32.9,-102.0,-2.4,64.4,-156.0,15.3,27.9,-48.0,-11.5,46.8,-85.4,-1.3,1.9,5.5,5.2,-7.6,-19.7,-18.3,-17.9,1.8,7.1,-8.2,-5.0,2,4
1922,38.44,-0.08,380.7,11.88,15.32,-0.14,-136.33,1092.47,0.0,1363.82,1923.0,7.72,13.01,0.87,-0.05,-0.47,0.22,0.63,-0.32,1.65,1.01,-0.47,1.4,1.01,-0.47,1.4,14.0,2.6,75.9,49.1,30.9,25.1,-79.6,-6.2,64.1,-156.0,13.0,26.8,-48.0,-12.8,49.3,-87.9,-1.8,-0.1,2.9,8.0,-16.2,-16.4,-15.3,-14.7,15.6,4.7,-6.4,-6.1,2,4
1924,38.48,-0.08,381.09,11.88,15.33,-0.14,-136.43,1093.61,0.0,1365.26,1925.0,7.72,12.99,0.88,-0.09,-0.47,0.22,0.07,0.0,1.35,0.4,-0.18,1.28,0.4,-0.18,1.28,38.5,143.1,39.7,29.5,29.1,19.3,-69.7,-10.8,59.9,-152.3,12.6,25.3,-48.0,-12.6,49.9,-92.5,-6.0,7.4,2.7,10.4,-20.4,18.6,-8.0,-0.9,22.8,0.0,-4.3,-4.9,2,4
1926,38.52,-0.08,381.49,11.88,15.35,-0.14,-136.65,1094.75,0.0,1366.6,1927.0,7.72,12.97,0.88,-0.1,-0.51,0.15,-4.3,-1.16,0.55,-3.9,-1.81,1.29,-3.9,-1.81,1.29,130.1,0.0,0.0,20.7,32.7,22.8,-75.2,-18.8,44.0,-136.7,14.4,31.0,-48.0,-12.7,46.2,-96.5,-17.1,8.1,-2.4,11.9,-8.5,-19.1,3.0,-2.4,22.8,5.1,-4.0,-1.2,1,4
1928,38.56,-0.08,381.88,11.88,15.37,-0.14,-136.8,1095.92,0.0,1368.03,1929.0,7.72,12.95,0.88,-0.03,-0.53,-0.19,-3.04,-1.91,1.25,-2.44,-2.31,1.79,-2.44,-2.31,1.79,60.0,0.0,0.0,48.6,37.4,28.9,-90.6,-17.4,34.1,-156.0,18.7,32.4,-48.0,-11.7,40.8,-91.7,-14.9,12.4,-2.2,1.9,8.2,-19.7,-2.0,-5.1,21.5,13.5,-2.4,-0.6,2,4
1930,38.6,-0.08,382.28,11.88,15.38,-0.14,-136.91,1097.09,0.0,1369.49,1931.0,7.72,12.93,0.87,-0.04,-0.49,-0.29,1.18,-1.07,1.62,1.5,-0.57,1.6,1.5,-0.57,1.6,76.9,0.0,66.4,59.3,32.5,45.7,-112.2,-9.5,52.6,-156.0,19.0,37.1,-48.0,-12.2,48.1,-83.1,-14.9,17.8,7.7,4.3,-0.6,-19.7,-8.3,-13.9,17.9,14.2,-8.6,2.2,2,4
1932,38.64,-0.08,382.68,11.88,15.4,-0.14,-137.11,1098.27,0.0,1370.89,1933.0,7.72,12.91,0.86,-0.2,-0.53,-0.51,1.04,1.39,2.07,0.72,1.73,1.94,0.72,1.73,1.94,0.0,0.0,84.3,39.6,30.4,51.9,-118.1,-6.2,63.7,-156.0,17.3,37.9,-48.0,-13.8,52.2,-79.8,2.8,-9.1,3.6,6.2,-4.1,-19.7,-16.4,-19.0,5.5,7.3,-9.8,-5.2,2,4
1934,38.68,-0.08,383.07,11.88,15.41,-0.14,-137.23,1099.43,0.0,1372.34,1935.0,7.72,12.88,0.86,-0.33,-0.57,0.27,1.11,0.84,1.71,0.98,1.18,1.58,0.98,1.18,1.58,0.0,0.0,88.1,90.1,31.7,31.1,-95.6,-4.5,64.8,-156.0,14.6,32.1,-48.0,-14.1,48.2,-76.3,-2.1,-4.2,5.3,11.5,-10.0,-19.7,-17.3,-20.9,11.2,8.8,-11.2,-12.3,2,4
1936,38.72,-0.08,383.47,11.88,15.42,-0.14,-137.34,1100.58,0.0,1373.79,1937.0,7.71,12.85,0.87,-0.37,-0.56,0.17,0.94,0.94,1.57,0.77,1.22,1.47,0.77,1.22,1.47,0.0,0.0,72.1,49.8,30.6,19.6,-71.1,-9.2,62.9,-155.3,13.1,26.0,-48.0,-12.1,48.9,-84.1,-3.0,2.4,8.3,11.8,-20.0,3.5,-15.2,-10.7,21.2,-1.4,-7.8,-9.0,2,4
1938,38.76,-0.08,383.86,11.88,15.43,-0.14,-137.6,1101.73,0.0,1375.08,1939.0,7.71,12.83,0.88,-0.38,-0.52,0.21,-4.43,-0.69,0.39,-3.38,-2.73,1.17,-3.38,-2.73,1.17,113.8,27.5,0.0,9.8,33.8,21.3,-62.7,-20.6,49.4,-139.8,12.0,29.9,-48.0,-13.7,47.1,-99.0,-12.8,10.3,-1.2,11.7,-15.9,7.8,3.7,2.0,22.8,3.0,-2.8,-1.7,1,4
1940,38.8,-0.08,384.26,11.88,15.45,-0.14,-137.87,1102.89,0.0,1376.39,1941.0,7.71,12.8,0.88,-0.36,-0.6,-0.14,-3.94,-1.11,0.08,-2.84,-2.85,0.77,-2.84,-2.85,0.77,62.4,0.0,0.0,30.2,42.9,36.2,-80.7,-23.0,24.4,-146.7,19.8,40.5,-48.0,-12.0,37.5,-105.9,-18.1,-0.9,-6.6,9.8,7.1,-8.2,-3.0,-5.5,22.8,9.4,1.3,3.5,1,4
1942,38.84,-0.08,384.65,11.88,15.47,-0.14,-138.14,1104.05,0.0,1377.69,1943.0,7.71,12.77,0.88,-0.3,-0.51,-0.32,-1.87,-1.69,1.82,-0.68,-2.02,2.26,-0.68,-2.02,2.26,70.8,0.0,0.0,81.7,46.0,51.2,-99.3,-17.7,30.4,-156.0,22.3,34.1,-48.0,-13.8,35.0,-95.3,-19.2,11.2,-0.5,4.5,10.6,-19.7,-3.0,-6.9,21.7,18.0,-1.2,7.7,2,4
1944,38.88,-0.08,385.04,11.88,15.48,-0.14,-138.33,1105.2,0.0,1379.05,1945.0,7.71,12.75,0.87,-0.41,-0.42,-0.35,1.54,-0.42,2.56,1.37,1.04,2.48,1.37,1.04,2.48,0.0,0.0,58.6,17.7,36.9,73.8,-121.5,-4.7,62.0,-156.0,18.9,34.7,-48.0,-17.5,40.6,-79.0,0.1,-11.7,7.4,0.8,-8.4,-19.7,-10.3,-17.1,9.0,10.0,3.6,-3.5,2,4
1946,38.92,-0.08,385.44,11.88,15.49,-0.14,-138.59,1106.37,0.0,1380.37,1947.0,7.71,12.72,0.86,-0.66,-0.48,-0.07,0.99,0.18,2.21,0.7,1.09,2.06,0.7,1.09,2.06,0.0,110.3,105.0,122.4,40.8,53.1,-112.6,-5.6,66.5,-156.0,15.3,27.6,-48.0,-15.9,46.6,-79.4,-3.2,0.9,6.2,9.9,-7.9,-19.7,-17.2,-17.7,6.0,11.1,-16.5,-7.4,2,4
1948,38.96,-0.08,385.83,11.88,15.51,-0.14,-138.7,1107.54,0.0,1381.83,1949.0,7.7,12.69,0.87,-0.76,-0.39,0.15,-2.18,-0.6,2.3,-0.98,-1.66,2.58,-0.98,-1.66,2.58,0.0,0.0,81.6,69.7,35.7,22.2,-91.3,-2.4,63.2,-156.0,18.9,25.4,-48.0,-10.7,42.8,-74.8,-2.8,4.7,2.0,9.5,-10.9,-19.7,-17.2,-20.2,17.5,6.2,-8.4,-11.5,2,4
1950,39.0,-0.08,386.22,11.88,15.52,-0.14,-138.83,1108.7,0.0,1383.27,1951.0,7.69,12.65,0.88,-0.77,-0.25,0.02,2.09,-0.39,1.99,1.55,1.71,1.77,1.55,1.71,1.77,0.0,0.0,82.9,53.0,32.6,13.8,-80.5,-1.8,61.1,-156.0,18.6,21.4,-48.0,-9.4,43.9,-82.5,-5.5,6.4,-0.8,16.2,-17.1,-18.8,-17.1,-18.6,21.2,-2.3,-8.6,-10.7,2,4
1952,39.04,-0.08,386.61,11.88,15.54,-0.14,-138.94,1109.87,0.0,1384.74,1953.0,7.68,12.62,0.88,-0.76,-0.18,-0.11,-1.4,-0.98,1.38,0.1,-1.54,1.56,0.1,-1.54,1.56,0.0,117.5,14.4,13.3,30.5,16.9,-83.7,-0.7,62.5,-156.0,16.8,21.9,-48.0,-15.1,41.9,-97.4,-10.8,16.8,-0.9,14.2,7.7,-19.7,0.9,-0.4,20.1,-0.4,-2.0,-2.7,2,4
1954,39.08,-0.08,387.0,11.88,15.55,-0.14,-139.15,1111.06,0.0,1386.12,1955.0,7.67,12.6,0.87,-0.57,-0.09,-0.43,1.79,-2.89,0.83,3.36,0.14,0.97,3.36,0.14,0.97,156.9,0.0,0.0,62.7,32.5,42.8,-92.9,1.8,87.9,-156.0,20.6,33.5,-48.0,-23.2,43.8,-102.1,-18.6,19.2,1.3,-3.5,-6.4,-19.7,-5.2,-1.1,21.4,16.6,-0.9,4.3,2,4
1956,39.12,-0.08,387.4,11.88,15.56,-0.14,-139.42,1112.24,0.0,1387.44,1957.0,7.66,12.58,0.86,-0.77,-0.05,0.05,-4.31,-1.79,1.68,-0.45,-4.75,1.31,-0.45,-4.75,1.31,21.2,0.0,123.9,90.7,31.1,77.4,-97.9,-10.3,92.3,-156.0,15.9,42.4,-48.0,-30.4,56.5,-87.0,-11.3,-4.1,3.6,-1.3,-8.7,-19.7,-11.8,-8.8,19.3,8.1,-4.9,-5.5,2,4
1958,39.16,-0.08,387.79,11.88,15.57,-0.14,-139.63,1113.41,0.0,1388.8,1959.0,7.65,12.54,0.85,-0.97,-0.0,0.01,-2.58,0.76,3.03,-1.99,-2.3,2.68,-1.99,-2.3,2.68,0.0,0.0,71.2,107.8,41.7,62.0,-107.7,1.1,72.0,-156.0,20.8,37.7,-48.0,-25.1,56.7,-90.8,-1.6,-3.9,-5.2,15.8,-5.0,-19.7,-16.0,-20.3,21.5,18.3,-13.4,-1.9,2,4
1960,39.2,-0.08,388.18,11.88,15.58,-0.14,-139.87,1114.56,0.0,1390.11,1961.0,7.63,12.5,0.86,-1.17,0.03,0.35,-3.31,2.02,2.22,-3.41,-2.47,1.5,-3.41,-2.47,1.5,0.0,22.6,96.6,91.6,48.8,23.4,-122.3,15.5,69.6,-156.0,32.9,26.5,-48.0,-7.0,45.8,-76.4,1.4,-0.3,4.5,15.3,-17.8,-19.7,-19.2,-21.3,19.5,8.0,-14.5,-12.1,2,4
1962,39.24,-0.08,388.57,11.88,15.6,-0.14,-140.08,1115.69,0.0,1391.43,1963.0,7.61,12.46,0.87,-1.16,0.11,0.3,0.4,1.4,1.9,-1.8,0.95,1.26,-1.8,0.95,1.26,0.0,0.0,109.6,50.7,44.8,5.6,-106.2,9.6,58.9,-156.0,29.1,20.1,-48.0,-6.0,32.2,-74.9,-6.5,-1.2,-3.3,17.5,-17.2,-19.7,-20.2,-21.2,18.6,0.2,-12.8,-8.5,2,4
1964,39.28,-0.08,388.95,11.88,15.61,-0.14,-140.41,1116.57,0.0,1392.39,1965.0,7.6,12.42,0.88,-0.98,0.17,0.14,-1.67,-1.16,1.56,0.37,-1.48,2.06,0.37,-1.48,2.06,0.0,0.0,5.7,0.0,39.4,9.5,-102.8,5.2,54.7,-156.0,21.1,18.7,-48.0,-17.5,28.1,-101.7,-7.4,20.7,-1.8,19.4,19.3,-19.7,4.3,-13.8,21.1,-3.8,14.6,-1.7,2,4
1966,39.32,-0.08,389.34,11.88,15.63,-0.14,-140.69,1117.7,0.0,1393.63,1967.0,7.59,12.39,0.89,-0.66,0.29,-0.0,-0.16,-4.04,0.1,3.63,-0.45,1.74,3.63,-0.45,1.74,80.1,0.0,0.0,0.0,46.0,45.1,-101.6,30.7,104.9,-156.0,30.4,36.1,-48.0,-33.0,53.3,-114.8,-17.8,19.0,13.8,-14.2,7.1,-19.7,1.3,2.9,22.8,16.3,-6.2,6.1,2,4
1968,39.36,-0.08,389.73,11.88,15.65,-0.14,-141.15,1118.83,0.0,1394.7,1969.0,7.57,12.37,0.88,-0.63,0.37,-0.09,8.82,-3.07,0.26,3.35,8.51,1.94,3.35,8.51,1.94,35.3,0.0,0.0,347.3,39.5,78.4,-71.5,-0.8,143.6,-156.0,20.9,60.9,-48.0,-15.8,64.9,-95.6,-6.8,-15.6,-4.8,3.3,-19.2,-19.7,-6.9,-11.2,21.4,-0.3,-4.4,-5.7,2,4
1970,39.4,-0.08,390.12,11.88,15.66,-0.14,-141.7,1119.96,0.0,1395.69,1971.0,7.55,12.33,0.87,-1.11,0.61,-0.17,-5.02,-0.18,2.61,-0.52,-5.3,1.9,-0.52,-5.3,1.9,0.0,0.0,19.4,78.7,59.2,67.1,-74.8,-19.6,102.0,-156.0,19.5,62.1,-48.0,-11.6,74.4,-89.1,-8.9,-5.7,-7.4,15.8,-2.1,-19.7,-3.4,-21.8,20.9,20.0,-14.6,-11.3,3,4
1972,39.44,-0.08,390.5,11.88,15.67,-0.15,-142.11,1121.08,0.0,1396.8,1973.0,7.53,12.28,0.86,-1.08,0.63,0.16,-0.99,3.14,4.12,-4.58,-1.61,2.05,-4.58,-1.61,2.05,0.0,0.0,95.6,95.2,54.4,33.9,-117.6,22.0,66.4,-156.0,29.9,49.5,-48.0,2.1,63.9,-85.1,-3.8,6.4,-1.6,3.8,4.9,-19.7,-15.9,-20.6,21.7,17.2,-10.3,-7.8,3,4
1974,39.48,-0.08,390.89,11.88,15.69,-0.15,-142.31,1122.17,0.0,1398.09,1975.0,7.51,12.24,0.86,-0.86,0.76,0.44,2.16,2.76,3.39,-4.46,1.6,1.16,-4.46,1.6,1.16,0.0,133.4,72.1,102.2,49.7,22.1,-151.5,26.8,69.2,-156.0,25.9,35.5,-48.0,8.5,52.3,-81.2,-3.7,-1.8,1.8,13.0,-15.3,-19.7,-19.7,-21.2,16.4,5.6,-15.0,-16.5,3,4
1976,39.52,-0.08,391.28,11.88,15.7,-0.15,-142.59,1123.26,0.0,1399.29,1977.0,7.48,12.2,0.87,-0.7,0.87,0.37,1.06,0.56,1.85,-1.63,1.07,1.04,-1.63,1.07,1.04,0.0,67.6,85.0,0.0,40.9,19.9,-149.8,15.0,64.3,-156.0,14.9,26.7,-48.0,1.4,49.5,-101.7,-6.2,13.9,11.4,16.6,-0.3,-19.7,0.7,-21.3,22.6,-13.0,13.8,0.0,2,4
1978,39.56,-0.08,391.66,11.88,15.71,-0.15,-143.01,1124.34,0.0,1400.36,1979.0,7.45,12.17,0.87,-0.37,0.87,0.3,-3.54,-3.18,1.39,2.82,-1.75,3.68,2.82,-1.75,3.68,83.5,47.5,1.8,0.0,39.9,42.3,-121.3,36.5,91.4,-156.0,20.7,30.7,-48.0,-30.6,59.2,-94.2,-11.6,8.9,19.6,5.5,17.4,-19.7,-4.9,11.4,22.8,6.5,-6.1,4.7,2,4
1980,39.6,-0.09,392.04,11.88,15.73,-0.15,-143.46,1125.43,0.0,1401.39,1981.0,7.42,12.15,0.87,-0.14,1.02,0.35,5.49,-3.39,0.62,0.04,6.39,1.11,0.04,6.39,1.11,66.7,0.0,0.0,0.0,44.1,52.1,-90.3,41.5,147.1,-156.0,12.4,58.9,-48.0,-50.1,59.0,-78.1,-18.1,9.6,19.8,-16.6,-14.9,-19.7,-1.7,-0.8,22.1,21.0,1.3,-16.5,2,4
1982,39.64,-0.09,392.43,11.88,15.74,-0.15,-144.04,1126.25,0.0,1402.04,1983.0,7.38,12.12,0.86,-0.18,1.02,-0.06,-0.93,0.01,2.79,-0.45,-0.9,2.77,-0.45,-0.9,2.77,0.0,0.0,0.0,138.4,44.6,37.6,-51.3,-4.1,124.1,-156.0,1.2,61.3,-48.0,-9.3,75.0,-105.7,13.2,-16.2,-10.4,5.7,-3.8,-19.7,9.7,-20.8,17.5,16.7,-13.7,-9.0,3,4
1984,39.68,-0.09,392.81,11.88,15.75,-0.15,-144.42,1127.35,0.0,1403.14,1985.0,7.35,12.09,0.85,-0.19,1.11,0.67,-4.85,1.35,3.84,-0.1,-5.04,3.84,-0.1,-5.04,3.84,0.0,0.0,13.1,62.7,58.5,10.0,-82.8,-10.0,91.8,-156.0,25.6,48.9,-48.0,21.7,81.9,-126.6,-5.0,12.1,-1.2,9.4,-5.2,-19.7,-0.2,-21.2,21.8,9.9,-10.4,-3.7,3,4
1986,39.72,-0.09,393.2,11.88,15.76,-0.15,-144.68,1128.41,0.0,1404.34,1987.0,7.31,12.05,0.85,0.05,1.07,0.69,0.84,1.56,3.03,-3.17,-0.91,1.22,-3.17,-0.91,1.22,0.0,0.0,80.6,61.7,54.8,5.2,-126.1,22.2,65.6,-156.0,33.1,38.1,-48.0,32.0,73.3,-119.6,-2.5,12.8,-2.6,2.5,1.6,-19.7,-17.4,-21.6,19.3,6.4,-14.7,-8.4,3,4
1988,39.76,-0.09,393.58,11.9,15.77,-0.15,-145.04,1129.47,0.0,1405.45,1989.0,7.27,12.02,0.85,0.28,1.27,0.52,5.05,0.71,1.94,-4.65,2.63,-1.1,-4.65,2.63,-1.1,0.0,98.7,54.7,0.0,41.9,36.4,-156.0,23.1,70.2,-156.0,19.7,33.4,-48.0,22.7,72.6,-122.8,-8.0,2.7,-7.8,15.0,-13.8,-19.7,-14.3,-21.5,22.8,-12.5,17.0,9.5,3,4
1990,39.8,-0.09,393.96,11.93,15.78,-0.15,-145.37,1130.55,0.0,1406.62,1991.0,7.23,11.99,0.84,0.34,1.21,0.38,-0.05,-0.93,2.14,-0.65,0.93,2.04,-0.65,0.93,2.04,79.3,31.5,0.0,0.0,10.0,68.8,-150.7,12.8,72.7,-156.0,10.0,33.8,-48.0,-10.2,103.5,-87.7,-3.5,-15.9,15.9,16.8,-6.7,-1.4,-7.4,13.1,22.8,-7.2,-15.8,13.6,3,4
1992,39.84,-0.09,394.33,11.97,15.79,-0.15,-145.78,1131.64,0.0,1407.71,1993.0,7.18,11.96,0.84,0.63,1.15,0.74,-3.77,-2.86,2.09,2.97,0.61,4.19,2.97,0.61,4.19,54.6,31.0,0.0,0.0,16.3,54.9,-133.4,34.4,88.4,-156.0,-2.0,68.9,-48.0,-59.5,92.8,-48.0,-17.8,-9.6,23.8,0.5,-0.8,-6.6,3.5,-10.3,22.8,0.9,-16.2,17.4,4,4
1994,39.88,-0.09,394.71,12.03,15.8,-0.15,-146.13,1132.56,0.0,1408.74,1995.0,7.12,11.93,0.85,0.81,1.18,0.96,1.2,-2.1,2.13,-1.23,2.15,2.06,-1.23,2.15,2.06,0.0,13.4,0.0,0.0,25.6,35.5,-89.1,52.9,94.8,-156.0,-1.9,78.7,-48.0,-38.7,81.4,-60.3,-4.8,-6.1,20.0,-8.9,6.7,-14.3,4.1,-18.6,22.6,16.5,6.7,-20.1,2,4
1996,39.92,-0.09,395.08,12.11,15.81,-0.15,-146.47,1133.37,0.0,1409.67,1997.0,7.07,11.9,0.85,0.96,1.07,0.25,-2.31,-0.28,4.17,0.57,-0.7,4.69,0.57,-0.7,4.69,0.0,0.0,30.4,74.1,22.2,6.0,-48.0,35.3,109.7,-156.0,12.4,52.5,-48.0,9.5,83.8,-105.6,17.5,-9.3,14.2,-1.3,-6.4,-19.7,3.2,-19.8,17.5,12.2,-9.8,-14.9,3,4
1998,39.96,-0.09,395.46,12.2,15.81,-0.15,-146.87,1134.46,0.0,1410.83,1999.0,7.03,11.87,0.83,1.23,0.9,0.46,-0.62,2.81,5.04,-1.99,-3.8,3.9,-1.99,-3.8,3.9,0.0,0.0,90.9,111.0,58.6,-24.5,-63.5,0.1,97.8,-156.0,40.4,27.3,-48.0,47.3,82.9,-141.7,-4.4,13.6,-17.0,8.0,-6.1,-19.7,-6.6,-16.3,12.3,-7.6,-2.0,2.8,3,4
2000,40.0,-0.09,395.84,12.31,15.82,-0.15,-147.27,1135.56,0.0,1412.02,2001.0,6.97,11.83,0.82,1.57,0.83,0.43,7.07,1.73,2.89,-7.32,-2.11,-1.78,-7.32,-2.11,-1.78,0.0,0.0,30.1,0.0,59.0,1.8,-111.2,-0.1,81.0,-156.0,38.1,8.3,-48.0,35.9,75.0,-151.4,2.8,13.6,-3.2,1.9,-3.9,-15.2,-16.8,0.5,8.5,-4.8,11.6,9.0,4,4
